Company,Sector,Product_Summary,Website,Regulator_Source,Licence_or_Category,Licence_Status,HQ_or_Primary_Market,HQ_City,HQ_Country,Founded_Year,Business_Model,Total_Disclosed_Funding_USD,Valuation_USD,Valuation_Status,Ease_to_Replicate,Replicate_Notes,Licences_Regs_Needed,Heuristic,Opportunity_Angle_for_Builder,Data_Confidence,Source_URLs,Notes,Last_Verified_Date
Rulebase,AI,AI agents for fintech back-office compliance/disputes/QA.,,Press,AI,Unknown,Lagos,Lagos,Nigeria,,AI / software,,,Undisclosed,3,Directory listing; funding undisclosed in free sources used.,CAC; NDPR.,Yes,Partner or compete on vertical AI for Nigerian ops workflows.,Low,https://www.startuplist.africa/lists/top-funded-nigeria-startups-2025,No clean disclosed funding total in free sources used for this build; listed for directory coverage.,2026-09-25
Afrimash,Agritech,Online agro-inputs marketplace.,,Press,Agritech,Unknown,Nigeria,,Nigeria,,Agritech,,,Undisclosed,3,Directory listing; funding undisclosed in free sources used.,CAC; NDPR.,Yes,"Sell satellite verification, credit models, or marketplace ops tools.",Low,https://startupmapafrica.com/startups/agritech/nigeria,No clean disclosed funding total in free sources used for this build; listed for directory coverage.,2026-09-25
Babban Gona,Agritech,Babban Gona: Nigeria-focused agritech company listed on StartupMapAfrica sector directories. Funding undisclosed in free sources used.,,Press,Agritech,Unknown,Nigeria,,Nigeria,,Agritech,,,Undisclosed,3,Directory listing; funding undisclosed in free sources used.,CAC; NDPR.,Yes,"Sell satellite verification, credit models, or marketplace ops tools.",Low,https://startupmapafrica.com/startups/agritech/nigeria; https://startupmapafrica.com/startups/nigeria,No clean disclosed funding total in free sources used for this build; listed for directory coverage.,2026-09-25
Eja Ice,Cleantech,Eja Ice: Nigeria-focused cleantech company listed on StartupMapAfrica sector directories. Funding undisclosed in free sources used.,,Press,Cleantech,Unknown,Nigeria,,Nigeria,,Cleantech / energy,,,Undisclosed,2,Directory listing; funding undisclosed in free sources used.,CAC; NDPR.,Yes,"Sell monitoring, PAYG, or credit tooling to energy operators.",Low,https://startupmapafrica.com/startups/agritech/nigeria; https://startupmapafrica.com/startups/nigeria,No clean disclosed funding total in free sources used for this build; listed for directory coverage.,2026-09-25
Koolboks,Cleantech,Koolboks: Nigeria-focused cleantech company listed on StartupMapAfrica sector directories. Funding undisclosed in free sources used.,,Press,Cleantech,Unknown,Nigeria,,Nigeria,,Cleantech / energy,,,Undisclosed,2,Directory listing; funding undisclosed in free sources used.,CAC; NDPR.,Yes,"Sell monitoring, PAYG, or credit tooling to energy operators.",Low,https://startupmapafrica.com/startups/agritech/nigeria; https://startupmapafrica.com/startups/nigeria,No clean disclosed funding total in free sources used for this build; listed for directory coverage.,2026-09-25
Mopo,Cleantech,Mopo: Nigeria-focused cleantech company listed on StartupMapAfrica sector directories. Funding undisclosed in free sources used.,,Press,Cleantech,Unknown,Lagos,Lagos,Nigeria,,Cleantech / energy,,,Undisclosed,2,Directory listing; funding undisclosed in free sources used.,CAC; NDPR.,Yes,"Sell monitoring, PAYG, or credit tooling to energy operators.",Low,https://startupmapafrica.com/startups/energy/nigeria; https://startupmapafrica.com/startups/nigeria,No clean disclosed funding total in free sources used for this build; listed for directory coverage.,2026-09-25
ParkNCharge,Cleantech,ParkNCharge: Nigeria-focused cleantech company listed on StartupMapAfrica sector directories. Funding undisclosed in free sources used.,,Press,Cleantech,Unknown,Lagos,Lagos,Nigeria,,Cleantech / energy,,,Undisclosed,2,Directory listing; funding undisclosed in free sources used.,CAC; NDPR.,Yes,"Sell monitoring, PAYG, or credit tooling to energy operators.",Low,https://startupmapafrica.com/startups/energy/nigeria; https://startupmapafrica.com/startups/nigeria,No clean disclosed funding total in free sources used for this build; listed for directory coverage.,2026-09-25
Powerstove,Cleantech,Powerstove: Nigeria-focused cleantech company listed on StartupMapAfrica sector directories. Funding undisclosed in free sources used.,,Press,Cleantech,Unknown,Nigeria,,Nigeria,,Cleantech / energy,,,Undisclosed,2,Directory listing; funding undisclosed in free sources used.,CAC; NDPR.,Yes,"Sell monitoring, PAYG, or credit tooling to energy operators.",Low,https://startupmapafrica.com/startups/agritech/nigeria; https://startupmapafrica.com/startups/nigeria,No clean disclosed funding total in free sources used for this build; listed for directory coverage.,2026-09-25
Releaf Earth,Cleantech,Turning food waste into Biochar to remove CO2 from the atmsophere,http://www.releaf.africa,YC,YC Startup,Listed,Lagos,Lagos,Nigeria,,Cleantech / energy,,,Undisclosed,2,Directory listing; funding undisclosed in free sources used.,CAC; NDPR.,Yes,"Sell monitoring, PAYG, or credit tooling to energy operators.",Med,https://www.ycombinator.com/companies,No clean disclosed funding total in free sources used for this build; listed for directory coverage.,2026-09-25
UPNEPA,Cleantech,Energy/power access consumer tech.,,Press,Cleantech,Unknown,Lagos,Lagos,Nigeria,,Cleantech / energy,,,Undisclosed,2,Directory listing; funding undisclosed in free sources used.,CAC; NDPR.,Yes,"Sell monitoring, PAYG, or credit tooling to energy operators.",Low,https://startupmapafrica.com/startups/energy/nigeria,No clean disclosed funding total in free sources used for this build; listed for directory coverage.,2026-09-25
Zola Electric,Cleantech,Off-grid solar/energy storage with major Nigeria market.,,Press,Cleantech,Unknown,Lagos,Lagos,Nigeria,,Cleantech / energy,,,Undisclosed,2,Directory listing; funding undisclosed in free sources used.,CAC; NDPR.,Yes,"Sell monitoring, PAYG, or credit tooling to energy operators.",Low,https://www.startuplist.africa/countries/nigeria,No clean disclosed funding total in free sources used for this build; listed for directory coverage.,2026-09-25
Afrilearn,Edtech,Curriculum video learning for Nigerian students.,,Other,Edtech,Unknown,Lagos,Lagos,Nigeria,,Edtech,,,Undisclosed,3,Directory listing; funding undisclosed in free sources used.,CAC; NDPR.,Yes,Sell assessment analytics or content tooling.,Low,https://tracxn.com/d/explore/edtech-startups-in-nigeria/__cRSooeKK_qSvYO9N0to07twfBz6ccTKFBUr95JQ-PkU/companies,No clean disclosed funding total in free sources used for this build; listed for directory coverage.,2026-09-25
CampusHut,Edtech,CampusHut: Nigeria-focused edtech company listed on StartupMapAfrica sector directories. Funding undisclosed in free sources used.,,Press,Edtech,Unknown,Nigeria,,Nigeria,,Edtech,,,Undisclosed,3,Directory listing; funding undisclosed in free sources used.,CAC; NDPR.,Yes,Sell assessment analytics or content tooling.,Low,https://startupmapafrica.com/startups/edtech/nigeria; https://startupmapafrica.com/startups/nigeria,No clean disclosed funding total in free sources used for this build; listed for directory coverage.,2026-09-25
Clastro,Edtech,Clastro: Nigeria-focused edtech company listed on StartupMapAfrica sector directories. Funding undisclosed in free sources used.,,Press,Edtech,Unknown,Nigeria,,Nigeria,,Edtech,,,Undisclosed,3,Directory listing; funding undisclosed in free sources used.,CAC; NDPR.,Yes,Sell assessment analytics or content tooling.,Low,https://startupmapafrica.com/startups/edtech/nigeria; https://startupmapafrica.com/startups/nigeria,No clean disclosed funding total in free sources used for this build; listed for directory coverage.,2026-09-25
Digitaley Drive,Edtech,Digitaley Drive: Nigeria-focused edtech company listed on StartupMapAfrica sector directories. Funding undisclosed in free sources used.,,Press,Edtech,Unknown,Nigeria,,Nigeria,,Edtech,,,Undisclosed,3,Directory listing; funding undisclosed in free sources used.,CAC; NDPR.,Yes,Sell assessment analytics or content tooling.,Low,https://startupmapafrica.com/startups/edtech/nigeria; https://startupmapafrica.com/startups/nigeria,No clean disclosed funding total in free sources used for this build; listed for directory coverage.,2026-09-25
Edves,Edtech,School management SaaS for Nigerian schools.,,Other,Edtech,Unknown,Lagos,Lagos,Nigeria,,Edtech,,,Undisclosed,3,Directory listing; funding undisclosed in free sources used.,CAC; NDPR.,Yes,Sell assessment analytics or content tooling.,Low,https://techtally.ng/made-in-nigeria-saas-tools/,No clean disclosed funding total in free sources used for this build; listed for directory coverage.,2026-09-25
Klas,Edtech,Creator/cohort learning platform.,,Other,Edtech,Unknown,Lagos,Lagos,Nigeria,,Edtech,,,Undisclosed,3,Directory listing; funding undisclosed in free sources used.,CAC; NDPR.,Yes,Sell assessment analytics or content tooling.,Low,https://tracxn.com/d/explore/edtech-startups-in-nigeria/__cRSooeKK_qSvYO9N0to07twfBz6ccTKFBUr95JQ-PkU/companies,No clean disclosed funding total in free sources used for this build; listed for directory coverage.,2026-09-25
PrepClass,Edtech,Tutoring marketplace brand.,,Other,Edtech,Unknown,Lagos,Lagos,Nigeria,,Edtech,,,Undisclosed,3,Directory listing; funding undisclosed in free sources used.,CAC; NDPR.,Yes,Sell assessment analytics or content tooling.,Low,https://disruptafrica.com/2022/10/14/nigerian-tech-startups-raised-over-2bn-between-2015-and-2022/,No clean disclosed funding total in free sources used for this build; listed for directory coverage.,2026-09-25
Tuteria,Edtech,Tutoring marketplace.,,Other,Edtech,Unknown,Lagos,Lagos,Nigeria,,Edtech,,,Undisclosed,3,Directory listing; funding undisclosed in free sources used.,CAC; NDPR.,Yes,Sell assessment analytics or content tooling.,Low,https://disruptafrica.com/2022/10/14/nigerian-tech-startups-raised-over-2bn-between-2015-and-2022/,No clean disclosed funding total in free sources used for this build; listed for directory coverage.,2026-09-25
Xpress Payments Solution,Fintech,Xpress Payments Solution: CBN Switching and Processing licensee.,,CBN,Switching,Listed,Nigeria,,Nigeria,,Fintech,,,Undisclosed,2,Directory listing; funding undisclosed in free sources used.,CAC; NDPR; CBN Switching & Processing.,Yes,"Offer automation/ML to fintech ops (recon, KYC, collections).",Low,https://www.cbn.gov.ng/PaymentsSystem/PSPs.html,No clean disclosed funding total in free sources used for this build; listed for directory coverage.,2026-09-25
3gee Pay,Fintech,3gee Pay: CBN-authorised Payment Terminal Service Provider (POS/terminals).,,CBN,PTSP,Listed,Nigeria,,Nigeria,,Fintech,,,Undisclosed,2,Directory listing; funding undisclosed in free sources used.,CAC; NDPR; CBN PTSP.,Yes,"Offer automation/ML to fintech ops (recon, KYC, collections).",Low,https://www.cbn.gov.ng/PaymentsSystem/PSPs.html,No clean disclosed funding total in free sources used for this build; listed for directory coverage.,2026-09-25
3Line,Fintech,3Line Card Management: CBN-authorised Payment Terminal Service Provider (POS/terminals).,,CBN,PTSP,Listed,Lagos,Lagos,Nigeria,,Fintech,,,Undisclosed,2,Directory listing; funding undisclosed in free sources used.,CAC; NDPR; often CBN PSP/MMO/IMTO and/or FCCPC DML; SEC if capital-markets.,Yes,"Offer automation/ML to fintech ops (recon, KYC, collections).",Low,https://www.cbn.gov.ng/PaymentsSystem/PSPs.html,No clean disclosed funding total in free sources used for this build; listed for directory coverage.,2026-09-25
5554 Technologies,Fintech,5554 Technologies: CBN-authorised Super-Agent for agency banking distribution.,,CBN,Super-Agent,Listed,Nigeria,,Nigeria,,B2B2C agency banking,,,Undisclosed,2,Directory listing; funding undisclosed in free sources used.,CBN Super-Agent; agent network compliance; NDPR; CAC.,Yes,Sell agent performance and AML monitoring to Super-Agents.,Med,https://www.cbn.gov.ng/PaymentsSystem/PSPs.html,No clean disclosed funding total in free sources used for this build; listed for directory coverage.,2026-09-25
A1 Capital Solution,Fintech,A1 Capital Solution: FCCPC-registered digital money lender / consumer credit apps.,,FCCPC,Digital Money Lender,Listed,Nigeria,,Nigeria,,Fintech,,,Undisclosed,2,Directory listing; funding undisclosed in free sources used.,CAC; NDPR; FCCPC-registered Digital Money Lender (DML).,Yes,"Offer automation/ML to fintech ops (recon, KYC, collections).",Low,https://fccpc.gov.ng/registration-of-digital-money-lenders/approvals-of-dmls/,No clean disclosed funding total in free sources used for this build; listed for directory coverage.,2026-09-25
Abadi Technology,Fintech,Abadi Technology: FCCPC-registered digital money lender / consumer credit apps.,,FCCPC,Digital Money Lender,Listed,Nigeria,,Nigeria,,Fintech,,,Undisclosed,2,Directory listing; funding undisclosed in free sources used.,CAC; NDPR; FCCPC-registered Digital Money Lender (DML).,Yes,"Offer automation/ML to fintech ops (recon, KYC, collections).",Low,https://fccpc.gov.ng/registration-of-digital-money-lenders/approvals-of-dmls/,No clean disclosed funding total in free sources used for this build; listed for directory coverage.,2026-09-25
Abeg / Pocket,Fintech,Consumer payments brand (Abeg Technologies); CBN MMO.,,CBN,MMO,Listed,Lagos,Lagos,Nigeria,,Fintech,,,Undisclosed,2,Directory listing; funding undisclosed in free sources used.,CAC; NDPR; often CBN PSP/MMO/IMTO and/or FCCPC DML; SEC if capital-markets.,Yes,"Offer automation/ML to fintech ops (recon, KYC, collections).",Low,https://www.cbn.gov.ng/PaymentsSystem/PSPs.html,No clean disclosed funding total in free sources used for this build; listed for directory coverage.,2026-09-25
Abeg Technologies,Fintech,Abeg Technologies: CBN-licensed Mobile Money Operator (e-money/wallets).,,CBN,MMO,Listed,Nigeria,,Nigeria,,Fintech,,,Undisclosed,2,Directory listing; funding undisclosed in free sources used.,CAC; NDPR; CBN Mobile Money Operator (MMO).,Yes,"Offer automation/ML to fintech ops (recon, KYC, collections).",Low,https://www.cbn.gov.ng/PaymentsSystem/PSPs.html,No clean disclosed funding total in free sources used for this build; listed for directory coverage.,2026-09-25
Abottmax,Fintech,Abottmax: FCCPC-registered digital money lender / consumer credit apps.,,FCCPC,Digital Money Lender,Listed,Nigeria,,Nigeria,,Fintech,,,Undisclosed,2,Directory listing; funding undisclosed in free sources used.,CAC; NDPR; FCCPC-registered Digital Money Lender (DML).,Yes,"Offer automation/ML to fintech ops (recon, KYC, collections).",Low,https://fccpc.gov.ng/registration-of-digital-money-lenders/approvals-of-dmls/,No clean disclosed funding total in free sources used for this build; listed for directory coverage.,2026-09-25
Accelerex Networks,Fintech,Accelerex Networks: CBN-authorised Super-Agent for agency banking distribution.,,CBN,Super-Agent,Listed,Nigeria,,Nigeria,,B2B2C agency banking,,,Undisclosed,2,Directory listing; funding undisclosed in free sources used.,CBN Super-Agent; agent network compliance; NDPR; CAC.,Yes,Sell agent performance and AML monitoring to Super-Agents.,Med,https://www.cbn.gov.ng/PaymentsSystem/PSPs.html,No clean disclosed funding total in free sources used for this build; listed for directory coverage.,2026-09-25
AccessPower Payments Solutions,Fintech,AccessPower Payments Solutions: CBN-authorised Payment Solutions Service Provider (gateway/merchant collections).,,CBN,PSSP,Listed,Nigeria,,Nigeria,,Fintech,,,Undisclosed,2,Directory listing; funding undisclosed in free sources used.,CAC; NDPR; CBN PSSP.,Yes,"Offer automation/ML to fintech ops (recon, KYC, collections).",Low,https://www.cbn.gov.ng/PaymentsSystem/PSPs.html,No clean disclosed funding total in free sources used for this build; listed for directory coverage.,2026-09-25
Accion Microfinance Bank,Fintech,Accion Microfinance Bank: FCCPC-registered digital money lender / consumer credit apps.,,FCCPC,Digital Money Lender,Listed,Nigeria,,Nigeria,,Fintech,,,Undisclosed,2,Directory listing; funding undisclosed in free sources used.,CAC; NDPR; FCCPC-registered Digital Money Lender (DML).,Yes,"Offer automation/ML to fintech ops (recon, KYC, collections).",Low,https://fccpc.gov.ng/registration-of-digital-money-lenders/approvals-of-dmls/,No clean disclosed funding total in free sources used for this build; listed for directory coverage.,2026-09-25
Accrue Savings,Fintech,Dollar savings/wealth product for Africans.,,Press,Fintech,Unknown,Lagos,Lagos,Nigeria,,Fintech,,,Undisclosed,2,Directory listing; funding undisclosed in free sources used.,CAC; NDPR; often CBN PSP/MMO/IMTO and/or FCCPC DML; SEC if capital-markets.,Yes,"Offer automation/ML to fintech ops (recon, KYC, collections).",Low,https://startupmapafrica.com/startups/fintech/nigeria,No clean disclosed funding total in free sources used for this build; listed for directory coverage.,2026-09-25
Acetech Finance,Fintech,Acetech Finance: FCCPC-registered digital money lender / consumer credit apps.,,FCCPC,Digital Money Lender,Listed,Nigeria,,Nigeria,,Fintech,,,Undisclosed,2,Directory listing; funding undisclosed in free sources used.,CAC; NDPR; FCCPC-registered Digital Money Lender (DML).,Yes,"Offer automation/ML to fintech ops (recon, KYC, collections).",Low,https://fccpc.gov.ng/registration-of-digital-money-lenders/approvals-of-dmls/,No clean disclosed funding total in free sources used for this build; listed for directory coverage.,2026-09-25
Acha Global Hub,Fintech,Acha Global Hub: CBN-licensed International Money Transfer Operator.,,CBN,IMTO,Listed,Nigeria,,Nigeria,,Fintech,,,Undisclosed,2,Directory listing; funding undisclosed in free sources used.,CAC; NDPR; CBN International Money Transfer Operator (IMTO).,Yes,"Offer automation/ML to fintech ops (recon, KYC, collections).",Low,https://www.cbn.gov.ng/PaymentsSystem/InternationalMoneyTransferOperators.html,No clean disclosed funding total in free sources used for this build; listed for directory coverage.,2026-09-25
Acorn Lending,Fintech,Acorn Lending: FCCPC-registered digital money lender / consumer credit apps.,,FCCPC,Digital Money Lender,Listed,Nigeria,,Nigeria,,Fintech,,,Undisclosed,2,Directory listing; funding undisclosed in free sources used.,CAC; NDPR; FCCPC-registered Digital Money Lender (DML).,Yes,"Offer automation/ML to fintech ops (recon, KYC, collections).",Low,https://fccpc.gov.ng/registration-of-digital-money-lenders/approvals-of-dmls/,No clean disclosed funding total in free sources used for this build; listed for directory coverage.,2026-09-25
Advancly Technologies,Fintech,Advancly Technologies: FCCPC-registered digital money lender / consumer credit apps.,,FCCPC,Digital Money Lender,Listed,Nigeria,,Nigeria,,Fintech,,,Undisclosed,2,Directory listing; funding undisclosed in free sources used.,CAC; NDPR; FCCPC-registered Digital Money Lender (DML).,Yes,"Offer automation/ML to fintech ops (recon, KYC, collections).",Low,https://fccpc.gov.ng/registration-of-digital-money-lenders/approvals-of-dmls/,No clean disclosed funding total in free sources used for this build; listed for directory coverage.,2026-09-25
Adx Credit,Fintech,Adx Credit: FCCPC-registered digital money lender / consumer credit apps.,,FCCPC,Digital Money Lender,Listed,Nigeria,,Nigeria,,Fintech,,,Undisclosed,2,Directory listing; funding undisclosed in free sources used.,CAC; NDPR; FCCPC-registered Digital Money Lender (DML).,Yes,"Offer automation/ML to fintech ops (recon, KYC, collections).",Low,https://fccpc.gov.ng/registration-of-digital-money-lenders/approvals-of-dmls/,No clean disclosed funding total in free sources used for this build; listed for directory coverage.,2026-09-25
Aella,Fintech,Aella Financial Solutions: FCCPC-registered digital money lender / consumer credit apps.,http://www.aellaapp.com,FCCPC,Digital Money Lender,Listed,Lagos,Lagos,Nigeria,,Fintech,,,Undisclosed,2,Directory listing; funding undisclosed in free sources used.,CAC; NDPR; often CBN PSP/MMO/IMTO and/or FCCPC DML; SEC if capital-markets.,Yes,"Offer automation/ML to fintech ops (recon, KYC, collections).",Med,https://www.ycombinator.com/companies; https://fccpc.gov.ng/registration-of-digital-money-lenders/approvals-of-dmls/,No clean disclosed funding total in free sources used for this build; listed for directory coverage.,2026-09-25
Afara Partners,Fintech,Afara Partners: CBN-authorised Payment Solutions Service Provider (gateway/merchant collections).,,CBN,PSSP,Listed,Nigeria,,Nigeria,,Fintech,,,Undisclosed,2,Directory listing; funding undisclosed in free sources used.,CAC; NDPR; CBN PSSP.,Yes,"Offer automation/ML to fintech ops (recon, KYC, collections).",Low,https://www.cbn.gov.ng/PaymentsSystem/PSPs.html,No clean disclosed funding total in free sources used for this build; listed for directory coverage.,2026-09-25
Africa Mama Atm,Fintech,Africa Mama Atm: CBN-authorised Super-Agent for agency banking distribution.,,CBN,Super-Agent,Listed,Nigeria,,Nigeria,,B2B2C agency banking,,,Undisclosed,2,Directory listing; funding undisclosed in free sources used.,CBN Super-Agent; agent network compliance; NDPR; CAC.,Yes,Sell agent performance and AML monitoring to Super-Agents.,Med,https://www.cbn.gov.ng/PaymentsSystem/PSPs.html,No clean disclosed funding total in free sources used for this build; listed for directory coverage.,2026-09-25
Africave Technologies,Fintech,Africave Technologies: CBN-authorised Super-Agent for agency banking distribution.,,CBN,Super-Agent,Listed,Nigeria,,Nigeria,,B2B2C agency banking,,,Undisclosed,2,Directory listing; funding undisclosed in free sources used.,CBN Super-Agent; agent network compliance; NDPR; CAC.,Yes,Sell agent performance and AML monitoring to Super-Agents.,Med,https://www.cbn.gov.ng/PaymentsSystem/PSPs.html,No clean disclosed funding total in free sources used for this build; listed for directory coverage.,2026-09-25
Africoinsphere Technologies,Fintech,Africoinsphere Technologies: FCCPC-registered digital money lender / consumer credit apps.,,FCCPC,Digital Money Lender,Listed,Nigeria,,Nigeria,,Fintech,,,Undisclosed,2,Directory listing; funding undisclosed in free sources used.,CAC; NDPR; FCCPC-registered Digital Money Lender (DML).,Yes,"Offer automation/ML to fintech ops (recon, KYC, collections).",Low,https://fccpc.gov.ng/registration-of-digital-money-lenders/approvals-of-dmls/,No clean disclosed funding total in free sources used for this build; listed for directory coverage.,2026-09-25
Afrigo,Fintech,Afrigo Financial Services: CBN-listed card/payment scheme participant.,,CBN,Card Scheme,Listed,Lagos,Lagos,Nigeria,,Fintech,,,Undisclosed,2,Directory listing; funding undisclosed in free sources used.,CAC; NDPR; often CBN PSP/MMO/IMTO and/or FCCPC DML; SEC if capital-markets.,Yes,"Offer automation/ML to fintech ops (recon, KYC, collections).",Low,https://www.cbn.gov.ng/PaymentsSystem/PSPs.html,No clean disclosed funding total in free sources used for this build; listed for directory coverage.,2026-09-25
Afrisurge Technologies,Fintech,Afrisurge Technologies: CBN-licensed International Money Transfer Operator.,,CBN,IMTO,Listed,Nigeria,,Nigeria,,Fintech,,,Undisclosed,2,Directory listing; funding undisclosed in free sources used.,CAC; NDPR; CBN International Money Transfer Operator (IMTO).,Yes,"Offer automation/ML to fintech ops (recon, KYC, collections).",Low,https://www.cbn.gov.ng/PaymentsSystem/InternationalMoneyTransferOperators.html,No clean disclosed funding total in free sources used for this build; listed for directory coverage.,2026-09-25
Afrofirst Mobile And Technology Company,Fintech,Afrofirst Mobile And Technology Company: FCCPC-registered digital money lender / consumer credit apps.,,FCCPC,Digital Money Lender,Listed,Nigeria,,Nigeria,,Fintech,,,Undisclosed,2,Directory listing; funding undisclosed in free sources used.,CAC; NDPR; FCCPC-registered Digital Money Lender (DML).,Yes,"Offer automation/ML to fintech ops (recon, KYC, collections).",Low,https://fccpc.gov.ng/registration-of-digital-money-lenders/approvals-of-dmls/,No clean disclosed funding total in free sources used for this build; listed for directory coverage.,2026-09-25
Afrosay Fintech,Fintech,Afrosay Fintech: FCCPC-registered digital money lender / consumer credit apps.,,FCCPC,Digital Money Lender,Listed,Nigeria,,Nigeria,,Fintech,,,Undisclosed,2,Directory listing; funding undisclosed in free sources used.,CAC; NDPR; FCCPC-registered Digital Money Lender (DML).,Yes,"Offer automation/ML to fintech ops (recon, KYC, collections).",Low,https://fccpc.gov.ng/registration-of-digital-money-lenders/approvals-of-dmls/,No clean disclosed funding total in free sources used for this build; listed for directory coverage.,2026-09-25
Afrowide Development,Fintech,Afrowide Development: FCCPC-registered digital money lender / consumer credit apps.,,FCCPC,Digital Money Lender,Listed,Nigeria,,Nigeria,,Fintech,,,Undisclosed,2,Directory listing; funding undisclosed in free sources used.,CAC; NDPR; FCCPC-registered Digital Money Lender (DML).,Yes,"Offer automation/ML to fintech ops (recon, KYC, collections).",Low,https://fccpc.gov.ng/registration-of-digital-money-lenders/approvals-of-dmls/,No clean disclosed funding total in free sources used for this build; listed for directory coverage.,2026-09-25
Aibanc Technologies,Fintech,Aibanc Technologies: FCCPC-registered digital money lender / consumer credit apps.,,FCCPC,Digital Money Lender,Listed,Nigeria,,Nigeria,,Fintech,,,Undisclosed,2,Directory listing; funding undisclosed in free sources used.,CAC; NDPR; FCCPC-registered Digital Money Lender (DML).,Yes,"Offer automation/ML to fintech ops (recon, KYC, collections).",Low,https://fccpc.gov.ng/registration-of-digital-money-lenders/approvals-of-dmls/,No clean disclosed funding total in free sources used for this build; listed for directory coverage.,2026-09-25
Akilaah Solution,Fintech,Akilaah Solution: FCCPC-registered digital money lender / consumer credit apps.,,FCCPC,Digital Money Lender,Listed,Nigeria,,Nigeria,,Fintech,,,Undisclosed,2,Directory listing; funding undisclosed in free sources used.,CAC; NDPR; FCCPC-registered Digital Money Lender (DML).,Yes,"Offer automation/ML to fintech ops (recon, KYC, collections).",Low,https://fccpc.gov.ng/registration-of-digital-money-lenders/approvals-of-dmls/,No clean disclosed funding total in free sources used for this build; listed for directory coverage.,2026-09-25
Akupay Services,Fintech,Akupay Services: CBN-authorised Payment Solutions Service Provider (gateway/merchant collections).,,CBN,PSSP,Listed,Nigeria,,Nigeria,,Fintech,,,Undisclosed,2,Directory listing; funding undisclosed in free sources used.,CAC; NDPR; CBN PSSP.,Yes,"Offer automation/ML to fintech ops (recon, KYC, collections).",Low,https://www.cbn.gov.ng/PaymentsSystem/PSPs.html,No clean disclosed funding total in free sources used for this build; listed for directory coverage.,2026-09-25
Aladdin Scheme,Fintech,Aladdin Scheme: FCCPC-registered digital money lender / consumer credit apps.,,FCCPC,Digital Money Lender,Listed,Nigeria,,Nigeria,,Fintech,,,Undisclosed,2,Directory listing; funding undisclosed in free sources used.,CAC; NDPR; FCCPC-registered Digital Money Lender (DML).,Yes,"Offer automation/ML to fintech ops (recon, KYC, collections).",Low,https://fccpc.gov.ng/registration-of-digital-money-lenders/approvals-of-dmls/,No clean disclosed funding total in free sources used for this build; listed for directory coverage.,2026-09-25
Alaje Technology,Fintech,Alaje Technology: CBN-authorised Payment Solutions Service Provider (gateway/merchant collections).,,CBN,PSSP,Listed,Nigeria,,Nigeria,,Fintech,,,Undisclosed,2,Directory listing; funding undisclosed in free sources used.,CAC; NDPR; CBN PSSP.,Yes,"Offer automation/ML to fintech ops (recon, KYC, collections).",Low,https://www.cbn.gov.ng/PaymentsSystem/PSPs.html,No clean disclosed funding total in free sources used for this build; listed for directory coverage.,2026-09-25
Aleezah,Fintech,Aleezah: FCCPC-registered digital money lender / consumer credit apps.,,FCCPC,Digital Money Lender,Listed,Nigeria,,Nigeria,,Fintech,,,Undisclosed,2,Directory listing; funding undisclosed in free sources used.,CAC; NDPR; FCCPC-registered Digital Money Lender (DML).,Yes,"Offer automation/ML to fintech ops (recon, KYC, collections).",Low,https://fccpc.gov.ng/registration-of-digital-money-lenders/approvals-of-dmls/,No clean disclosed funding total in free sources used for this build; listed for directory coverage.,2026-09-25
Aliancepay,Fintech,Aliancepay: CBN-authorised Payment Solutions Service Provider (gateway/merchant collections).,,CBN,PSSP,Listed,Nigeria,,Nigeria,,Fintech,,,Undisclosed,2,Directory listing; funding undisclosed in free sources used.,CAC; NDPR; CBN PSSP.,Yes,"Offer automation/ML to fintech ops (recon, KYC, collections).",Low,https://www.cbn.gov.ng/PaymentsSystem/PSPs.html,No clean disclosed funding total in free sources used for this build; listed for directory coverage.,2026-09-25
Allawee Technologies,Fintech,Allawee Technologies: FCCPC-registered digital money lender / consumer credit apps.,,FCCPC,Digital Money Lender,Listed,Nigeria,,Nigeria,,Fintech,,,Undisclosed,2,Directory listing; funding undisclosed in free sources used.,CAC; NDPR; FCCPC-registered Digital Money Lender (DML).,Yes,"Offer automation/ML to fintech ops (recon, KYC, collections).",Low,https://fccpc.gov.ng/registration-of-digital-money-lenders/approvals-of-dmls/,No clean disclosed funding total in free sources used for this build; listed for directory coverage.,2026-09-25
Allstream Information Technology Solutions,Fintech,Allstream Information Technology Solutions: CBN-authorised Super-Agent for agency banking distribution.,,CBN,Super-Agent,Listed,Nigeria,,Nigeria,,B2B2C agency banking,,,Undisclosed,2,Directory listing; funding undisclosed in free sources used.,CBN Super-Agent; agent network compliance; NDPR; CAC.,Yes,Sell agent performance and AML monitoring to Super-Agents.,Med,https://www.cbn.gov.ng/PaymentsSystem/PSPs.html,No clean disclosed funding total in free sources used for this build; listed for directory coverage.,2026-09-25
Altracred Finance Investment,Fintech,Altracred Finance Investment: FCCPC-registered digital money lender / consumer credit apps.,,FCCPC,Digital Money Lender,Listed,Nigeria,,Nigeria,,Fintech,,,Undisclosed,2,Directory listing; funding undisclosed in free sources used.,CAC; NDPR; FCCPC-registered Digital Money Lender (DML).,Yes,"Offer automation/ML to fintech ops (recon, KYC, collections).",Low,https://fccpc.gov.ng/registration-of-digital-money-lenders/approvals-of-dmls/,No clean disclosed funding total in free sources used for this build; listed for directory coverage.,2026-09-25
Amana Venture,Fintech,Amana Venture: FCCPC-registered digital money lender / consumer credit apps.,,FCCPC,Digital Money Lender,Listed,Nigeria,,Nigeria,,Fintech,,,Undisclosed,2,Directory listing; funding undisclosed in free sources used.,CAC; NDPR; FCCPC-registered Digital Money Lender (DML).,Yes,"Offer automation/ML to fintech ops (recon, KYC, collections).",Low,https://fccpc.gov.ng/registration-of-digital-money-lenders/approvals-of-dmls/,No clean disclosed funding total in free sources used for this build; listed for directory coverage.,2026-09-25
Anchor,Fintech,Embedded finance platform for African businesses; YC-backed.,https://getanchor.co/,YC,YC Startup,Listed,Lagos,Lagos,Nigeria,,Fintech,,,Undisclosed,2,Directory listing; funding undisclosed in free sources used.,CAC; NDPR; often CBN PSP/MMO/IMTO and/or FCCPC DML; SEC if capital-markets.,Yes,"Offer automation/ML to fintech ops (recon, KYC, collections).",Med,https://www.ycombinator.com/companies,No clean disclosed funding total in free sources used for this build; listed for directory coverage.,2026-09-25
Anchor Point Lending,Fintech,Anchor Point Lending: FCCPC-registered digital money lender / consumer credit apps.,,FCCPC,Digital Money Lender,Listed,Nigeria,,Nigeria,,Fintech,,,Undisclosed,2,Directory listing; funding undisclosed in free sources used.,CAC; NDPR; FCCPC-registered Digital Money Lender (DML).,Yes,"Offer automation/ML to fintech ops (recon, KYC, collections).",Low,https://fccpc.gov.ng/registration-of-digital-money-lenders/approvals-of-dmls/,No clean disclosed funding total in free sources used for this build; listed for directory coverage.,2026-09-25
Andes Network Spa,Fintech,Andes Network Spa: FCCPC-registered digital money lender / consumer credit apps.,,FCCPC,Digital Money Lender,Listed,Nigeria,,Nigeria,,Fintech,,,Undisclosed,2,Directory listing; funding undisclosed in free sources used.,CAC; NDPR; FCCPC-registered Digital Money Lender (DML).,Yes,"Offer automation/ML to fintech ops (recon, KYC, collections).",Low,https://fccpc.gov.ng/registration-of-digital-money-lenders/approvals-of-dmls/,No clean disclosed funding total in free sources used for this build; listed for directory coverage.,2026-09-25
Andray Finance,Fintech,Andray Finance: FCCPC-registered digital money lender / consumer credit apps.,,FCCPC,Digital Money Lender,Listed,Nigeria,,Nigeria,,Fintech,,,Undisclosed,2,Directory listing; funding undisclosed in free sources used.,CAC; NDPR; FCCPC-registered Digital Money Lender (DML).,Yes,"Offer automation/ML to fintech ops (recon, KYC, collections).",Low,https://fccpc.gov.ng/registration-of-digital-money-lenders/approvals-of-dmls/,No clean disclosed funding total in free sources used for this build; listed for directory coverage.,2026-09-25
Angala Financial Technologies,Fintech,Angala Financial Technologies: CBN-authorised Payment Solutions Service Provider (gateway/merchant collections).,,CBN,PSSP,Listed,Nigeria,,Nigeria,,Fintech,,,Undisclosed,2,Directory listing; funding undisclosed in free sources used.,CAC; NDPR; CBN PSSP.,Yes,"Offer automation/ML to fintech ops (recon, KYC, collections).",Low,https://www.cbn.gov.ng/PaymentsSystem/PSPs.html,No clean disclosed funding total in free sources used for this build; listed for directory coverage.,2026-09-25
Antpay International,Fintech,Antpay International: FCCPC-registered digital money lender / consumer credit apps.,,FCCPC,Digital Money Lender,Listed,Nigeria,,Nigeria,,Fintech,,,Undisclosed,2,Directory listing; funding undisclosed in free sources used.,CAC; NDPR; FCCPC-registered Digital Money Lender (DML).,Yes,"Offer automation/ML to fintech ops (recon, KYC, collections).",Low,https://fccpc.gov.ng/registration-of-digital-money-lenders/approvals-of-dmls/,No clean disclosed funding total in free sources used for this build; listed for directory coverage.,2026-09-25
Antsee,Fintech,Antsee: FCCPC-registered digital money lender / consumer credit apps.,,FCCPC,Digital Money Lender,Listed,Nigeria,,Nigeria,,Fintech,,,Undisclosed,2,Directory listing; funding undisclosed in free sources used.,CAC; NDPR; FCCPC-registered Digital Money Lender (DML).,Yes,"Offer automation/ML to fintech ops (recon, KYC, collections).",Low,https://fccpc.gov.ng/registration-of-digital-money-lenders/approvals-of-dmls/,No clean disclosed funding total in free sources used for this build; listed for directory coverage.,2026-09-25
Apex Lending,Fintech,Apex Lending: FCCPC-registered digital money lender / consumer credit apps.,,FCCPC,Digital Money Lender,Listed,Nigeria,,Nigeria,,Fintech,,,Undisclosed,2,Directory listing; funding undisclosed in free sources used.,CAC; NDPR; FCCPC-registered Digital Money Lender (DML).,Yes,"Offer automation/ML to fintech ops (recon, KYC, collections).",Low,https://fccpc.gov.ng/registration-of-digital-money-lenders/approvals-of-dmls/,No clean disclosed funding total in free sources used for this build; listed for directory coverage.,2026-09-25
Apexn Path Tech Company,Fintech,Apexn Path Tech Company: FCCPC-registered digital money lender / consumer credit apps.,,FCCPC,Digital Money Lender,Listed,Nigeria,,Nigeria,,Fintech,,,Undisclosed,2,Directory listing; funding undisclosed in free sources used.,CAC; NDPR; FCCPC-registered Digital Money Lender (DML).,Yes,"Offer automation/ML to fintech ops (recon, KYC, collections).",Low,https://fccpc.gov.ng/registration-of-digital-money-lenders/approvals-of-dmls/,No clean disclosed funding total in free sources used for this build; listed for directory coverage.,2026-09-25
Appglobal Technologies,Fintech,Appglobal Technologies: CBN-authorised Payment Solutions Service Provider (gateway/merchant collections).,,CBN,PSSP,Listed,Nigeria,,Nigeria,,Fintech,,,Undisclosed,2,Directory listing; funding undisclosed in free sources used.,CAC; NDPR; CBN PSSP.,Yes,"Offer automation/ML to fintech ops (recon, KYC, collections).",Low,https://www.cbn.gov.ng/PaymentsSystem/PSPs.html,No clean disclosed funding total in free sources used for this build; listed for directory coverage.,2026-09-25
Applink Capital,Fintech,Applink Capital: FCCPC-registered digital money lender / consumer credit apps.,,FCCPC,Digital Money Lender,Listed,Nigeria,,Nigeria,,Fintech,,,Undisclosed,2,Directory listing; funding undisclosed in free sources used.,CAC; NDPR; FCCPC-registered Digital Money Lender (DML).,Yes,"Offer automation/ML to fintech ops (recon, KYC, collections).",Low,https://fccpc.gov.ng/registration-of-digital-money-lenders/approvals-of-dmls/,No clean disclosed funding total in free sources used for this build; listed for directory coverage.,2026-09-25
Appmart Integrated,Fintech,Appmart Integrated: CBN-authorised Payment Solutions Service Provider (gateway/merchant collections).,,CBN,PSSP,Listed,Nigeria,,Nigeria,,Fintech,,,Undisclosed,2,Directory listing; funding undisclosed in free sources used.,CAC; NDPR; CBN PSSP.,Yes,"Offer automation/ML to fintech ops (recon, KYC, collections).",Low,https://www.cbn.gov.ng/PaymentsSystem/PSPs.html,No clean disclosed funding total in free sources used for this build; listed for directory coverage.,2026-09-25
Arca Payments Company,Fintech,Arca Payments Company: CBN Switching and Processing licensee.,,CBN,Switching,Listed,Nigeria,,Nigeria,,Fintech,,,Undisclosed,2,Directory listing; funding undisclosed in free sources used.,CAC; NDPR; CBN Switching & Processing.,Yes,"Offer automation/ML to fintech ops (recon, KYC, collections).",Low,https://www.cbn.gov.ng/PaymentsSystem/PSPs.html,No clean disclosed funding total in free sources used for this build; listed for directory coverage.,2026-09-25
Arm Microfinance Bank,Fintech,Arm Microfinance Bank: FCCPC-registered digital money lender / consumer credit apps.,,FCCPC,Digital Money Lender,Listed,Nigeria,,Nigeria,,Fintech,,,Undisclosed,2,Directory listing; funding undisclosed in free sources used.,CAC; NDPR; FCCPC-registered Digital Money Lender (DML).,Yes,"Offer automation/ML to fintech ops (recon, KYC, collections).",Low,https://fccpc.gov.ng/registration-of-digital-money-lenders/approvals-of-dmls/,No clean disclosed funding total in free sources used for this build; listed for directory coverage.,2026-09-25
Arve,Fintech,Arve: FCCPC-registered digital money lender / consumer credit apps.,,FCCPC,Digital Money Lender,Listed,Nigeria,,Nigeria,,Fintech,,,Undisclosed,2,Directory listing; funding undisclosed in free sources used.,CAC; NDPR; FCCPC-registered Digital Money Lender (DML).,Yes,"Offer automation/ML to fintech ops (recon, KYC, collections).",Low,https://fccpc.gov.ng/registration-of-digital-money-lenders/approvals-of-dmls/,No clean disclosed funding total in free sources used for this build; listed for directory coverage.,2026-09-25
Arziki Bridge Technology,Fintech,Arziki Bridge Technology: FCCPC-registered digital money lender / consumer credit apps.,,FCCPC,Digital Money Lender,Listed,Nigeria,,Nigeria,,Fintech,,,Undisclosed,2,Directory listing; funding undisclosed in free sources used.,CAC; NDPR; FCCPC-registered Digital Money Lender (DML).,Yes,"Offer automation/ML to fintech ops (recon, KYC, collections).",Low,https://fccpc.gov.ng/registration-of-digital-money-lenders/approvals-of-dmls/,No clean disclosed funding total in free sources used for this build; listed for directory coverage.,2026-09-25
Asharami Innovations,Fintech,Asharami Innovations: FCCPC-registered digital money lender / consumer credit apps.,,FCCPC,Digital Money Lender,Listed,Nigeria,,Nigeria,,Fintech,,,Undisclosed,2,Directory listing; funding undisclosed in free sources used.,CAC; NDPR; FCCPC-registered Digital Money Lender (DML).,Yes,"Offer automation/ML to fintech ops (recon, KYC, collections).",Low,https://fccpc.gov.ng/registration-of-digital-money-lenders/approvals-of-dmls/,No clean disclosed funding total in free sources used for this build; listed for directory coverage.,2026-09-25
Asoso Globa-Tech,Fintech,Asoso Globa-Tech: FCCPC-registered digital money lender / consumer credit apps.,,FCCPC,Digital Money Lender,Listed,Nigeria,,Nigeria,,Fintech,,,Undisclosed,2,Directory listing; funding undisclosed in free sources used.,CAC; NDPR; FCCPC-registered Digital Money Lender (DML).,Yes,"Offer automation/ML to fintech ops (recon, KYC, collections).",Low,https://fccpc.gov.ng/registration-of-digital-money-lenders/approvals-of-dmls/,No clean disclosed funding total in free sources used for this build; listed for directory coverage.,2026-09-25
Aspapay,Fintech,Aspapay: CBN-authorised Payment Solutions Service Provider (gateway/merchant collections).,,CBN,PSSP,Listed,Nigeria,,Nigeria,,Fintech,,,Undisclosed,2,Directory listing; funding undisclosed in free sources used.,CAC; NDPR; CBN PSSP.,Yes,"Offer automation/ML to fintech ops (recon, KYC, collections).",Low,https://www.cbn.gov.ng/PaymentsSystem/PSPs.html,No clean disclosed funding total in free sources used for this build; listed for directory coverage.,2026-09-25
Atimi Lending,Fintech,Atimi Lending: FCCPC-registered digital money lender / consumer credit apps.,,FCCPC,Digital Money Lender,Listed,Nigeria,,Nigeria,,Fintech,,,Undisclosed,2,Directory listing; funding undisclosed in free sources used.,CAC; NDPR; FCCPC-registered Digital Money Lender (DML).,Yes,"Offer automation/ML to fintech ops (recon, KYC, collections).",Low,https://fccpc.gov.ng/registration-of-digital-money-lenders/approvals-of-dmls/,No clean disclosed funding total in free sources used for this build; listed for directory coverage.,2026-09-25
ATN Wayya,Fintech,ATN Wayya: CBN-authorised Super-Agent for agency banking distribution.,,CBN,Super-Agent,Listed,Nigeria,,Nigeria,,B2B2C agency banking,,,Undisclosed,2,Directory listing; funding undisclosed in free sources used.,CBN Super-Agent; agent network compliance; NDPR; CAC.,Yes,Sell agent performance and AML monitoring to Super-Agents.,Med,https://www.cbn.gov.ng/PaymentsSystem/PSPs.html,No clean disclosed funding total in free sources used for this build; listed for directory coverage.,2026-09-25
Autocheck Financing Spv,Fintech,Autocheck Financing Spv: FCCPC-registered digital money lender / consumer credit apps.,,FCCPC,Digital Money Lender,Listed,Nigeria,,Nigeria,,Fintech,,,Undisclosed,2,Directory listing; funding undisclosed in free sources used.,CAC; NDPR; FCCPC-registered Digital Money Lender (DML).,Yes,"Offer automation/ML to fintech ops (recon, KYC, collections).",Low,https://fccpc.gov.ng/registration-of-digital-money-lenders/approvals-of-dmls/,No clean disclosed funding total in free sources used for this build; listed for directory coverage.,2026-09-25
Avenir Tech Credit,Fintech,Avenir Tech Credit: FCCPC-registered digital money lender / consumer credit apps.,,FCCPC,Digital Money Lender,Listed,Nigeria,,Nigeria,,Fintech,,,Undisclosed,2,Directory listing; funding undisclosed in free sources used.,CAC; NDPR; FCCPC-registered Digital Money Lender (DML).,Yes,"Offer automation/ML to fintech ops (recon, KYC, collections).",Low,https://fccpc.gov.ng/registration-of-digital-money-lenders/approvals-of-dmls/,No clean disclosed funding total in free sources used for this build; listed for directory coverage.,2026-09-25
Aventrafussion,Fintech,Aventrafussion: FCCPC-registered digital money lender / consumer credit apps.,,FCCPC,Digital Money Lender,Listed,Nigeria,,Nigeria,,Fintech,,,Undisclosed,2,Directory listing; funding undisclosed in free sources used.,CAC; NDPR; FCCPC-registered Digital Money Lender (DML).,Yes,"Offer automation/ML to fintech ops (recon, KYC, collections).",Low,https://fccpc.gov.ng/registration-of-digital-money-lenders/approvals-of-dmls/,No clean disclosed funding total in free sources used for this build; listed for directory coverage.,2026-09-25
AYG,Fintech,AYG: CBN-licensed International Money Transfer Operator.,,CBN,IMTO,Listed,Nigeria,,Nigeria,,Fintech,,,Undisclosed,2,Directory listing; funding undisclosed in free sources used.,CAC; NDPR; CBN International Money Transfer Operator (IMTO).,Yes,"Offer automation/ML to fintech ops (recon, KYC, collections).",Low,https://www.cbn.gov.ng/PaymentsSystem/InternationalMoneyTransferOperators.html,No clean disclosed funding total in free sources used for this build; listed for directory coverage.,2026-09-25
Ayot Global Synergy,Fintech,Ayot Global Synergy: CBN-licensed International Money Transfer Operator.,,CBN,IMTO,Listed,Nigeria,,Nigeria,,Fintech,,,Undisclosed,2,Directory listing; funding undisclosed in free sources used.,CAC; NDPR; CBN International Money Transfer Operator (IMTO).,Yes,"Offer automation/ML to fintech ops (recon, KYC, collections).",Low,https://www.cbn.gov.ng/PaymentsSystem/InternationalMoneyTransferOperators.html,No clean disclosed funding total in free sources used for this build; listed for directory coverage.,2026-09-25
Baines Microfinance Bank,Fintech,Baines Microfinance Bank: FCCPC-registered digital money lender / consumer credit apps.,,FCCPC,Digital Money Lender,Listed,Nigeria,,Nigeria,,Fintech,,,Undisclosed,2,Directory listing; funding undisclosed in free sources used.,CAC; NDPR; FCCPC-registered Digital Money Lender (DML).,Yes,"Offer automation/ML to fintech ops (recon, KYC, collections).",Low,https://fccpc.gov.ng/registration-of-digital-money-lenders/approvals-of-dmls/,No clean disclosed funding total in free sources used for this build; listed for directory coverage.,2026-09-25
Bamboo,Fintech,Bamboo ― the first online brokerage service for Africans and their…,http://investbamboo.com,YC,YC Startup,Listed,Lagos,Lagos,Nigeria,,Fintech,,,Undisclosed,2,Directory listing; funding undisclosed in free sources used.,CAC; NDPR; often CBN PSP/MMO/IMTO and/or FCCPC DML; SEC if capital-markets.,Yes,"Offer automation/ML to fintech ops (recon, KYC, collections).",Med,https://www.ycombinator.com/companies,No clean disclosed funding total in free sources used for this build; listed for directory coverage.,2026-09-25
Banffpay,Fintech,Banffpay: CBN-licensed International Money Transfer Operator.,,CBN,IMTO,Listed,Nigeria,,Nigeria,,Fintech,,,Undisclosed,2,Directory listing; funding undisclosed in free sources used.,CAC; NDPR; CBN International Money Transfer Operator (IMTO).,Yes,"Offer automation/ML to fintech ops (recon, KYC, collections).",Low,https://www.cbn.gov.ng/PaymentsSystem/InternationalMoneyTransferOperators.html,No clean disclosed funding total in free sources used for this build; listed for directory coverage.,2026-09-25
Baobab Microfinance Bank,Fintech,Baobab Microfinance Bank: FCCPC-registered digital money lender / consumer credit apps.,,FCCPC,Digital Money Lender,Listed,Nigeria,,Nigeria,,Fintech,,,Undisclosed,2,Directory listing; funding undisclosed in free sources used.,CAC; NDPR; FCCPC-registered Digital Money Lender (DML).,Yes,"Offer automation/ML to fintech ops (recon, KYC, collections).",Low,https://fccpc.gov.ng/registration-of-digital-money-lenders/approvals-of-dmls/,No clean disclosed funding total in free sources used for this build; listed for directory coverage.,2026-09-25
Bcbl Fintech,Fintech,Bcbl Fintech: FCCPC-registered digital money lender / consumer credit apps.,,FCCPC,Digital Money Lender,Listed,Nigeria,,Nigeria,,Fintech,,,Undisclosed,2,Directory listing; funding undisclosed in free sources used.,CAC; NDPR; FCCPC-registered Digital Money Lender (DML).,Yes,"Offer automation/ML to fintech ops (recon, KYC, collections).",Low,https://fccpc.gov.ng/registration-of-digital-money-lenders/approvals-of-dmls/,No clean disclosed funding total in free sources used for this build; listed for directory coverage.,2026-09-25
Be Resources,Fintech,Be Resources: FCCPC-registered digital money lender / consumer credit apps.,,FCCPC,Digital Money Lender,Listed,Nigeria,,Nigeria,,Fintech,,,Undisclosed,2,Directory listing; funding undisclosed in free sources used.,CAC; NDPR; FCCPC-registered Digital Money Lender (DML).,Yes,"Offer automation/ML to fintech ops (recon, KYC, collections).",Low,https://fccpc.gov.ng/registration-of-digital-money-lenders/approvals-of-dmls/,No clean disclosed funding total in free sources used for this build; listed for directory coverage.,2026-09-25
Belema Financial Technology,Fintech,Belema Financial Technology: CBN Switching and Processing licensee.,,CBN,Switching,Listed,Nigeria,,Nigeria,,Fintech,,,Undisclosed,2,Directory listing; funding undisclosed in free sources used.,CAC; NDPR; CBN Switching & Processing.,Yes,"Offer automation/ML to fintech ops (recon, KYC, collections).",Low,https://www.cbn.gov.ng/PaymentsSystem/PSPs.html,No clean disclosed funding total in free sources used for this build; listed for directory coverage.,2026-09-25
Belyfted,Fintech,Belyfted: CBN-licensed International Money Transfer Operator.,,CBN,IMTO,Listed,Nigeria,,Nigeria,,Fintech,,,Undisclosed,2,Directory listing; funding undisclosed in free sources used.,CAC; NDPR; CBN International Money Transfer Operator (IMTO).,Yes,"Offer automation/ML to fintech ops (recon, KYC, collections).",Low,https://www.cbn.gov.ng/PaymentsSystem/InternationalMoneyTransferOperators.html,No clean disclosed funding total in free sources used for this build; listed for directory coverage.,2026-09-25
Benford Lending,Fintech,Benford Lending: FCCPC-registered digital money lender / consumer credit apps.,,FCCPC,Digital Money Lender,Listed,Nigeria,,Nigeria,,Fintech,,,Undisclosed,2,Directory listing; funding undisclosed in free sources used.,CAC; NDPR; FCCPC-registered Digital Money Lender (DML).,Yes,"Offer automation/ML to fintech ops (recon, KYC, collections).",Low,https://fccpc.gov.ng/registration-of-digital-money-lenders/approvals-of-dmls/,No clean disclosed funding total in free sources used for this build; listed for directory coverage.,2026-09-25
Bestaff Payment Solutions,Fintech,Bestaff Payment Solutions: CBN-authorised Payment Solutions Service Provider (gateway/merchant collections).,,CBN,PSSP,Listed,Nigeria,,Nigeria,,Fintech,,,Undisclosed,2,Directory listing; funding undisclosed in free sources used.,CAC; NDPR; CBN PSSP.,Yes,"Offer automation/ML to fintech ops (recon, KYC, collections).",Low,https://www.cbn.gov.ng/PaymentsSystem/PSPs.html,No clean disclosed funding total in free sources used for this build; listed for directory coverage.,2026-09-25
Bestfin,Fintech,Bestfin: FCCPC-registered digital money lender / consumer credit apps.,,FCCPC,Digital Money Lender,Listed,Nigeria,,Nigeria,,Fintech,,,Undisclosed,2,Directory listing; funding undisclosed in free sources used.,CAC; NDPR; FCCPC-registered Digital Money Lender (DML).,Yes,"Offer automation/ML to fintech ops (recon, KYC, collections).",Low,https://fccpc.gov.ng/registration-of-digital-money-lenders/approvals-of-dmls/,No clean disclosed funding total in free sources used for this build; listed for directory coverage.,2026-09-25
Betastack Technology,Fintech,Betastack Technology: CBN-authorised Payment Solutions Service Provider (gateway/merchant collections).,,CBN,PSSP,Listed,Nigeria,,Nigeria,,Fintech,,,Undisclosed,2,Directory listing; funding undisclosed in free sources used.,CAC; NDPR; CBN PSSP.,Yes,"Offer automation/ML to fintech ops (recon, KYC, collections).",Low,https://www.cbn.gov.ng/PaymentsSystem/PSPs.html,No clean disclosed funding total in free sources used for this build; listed for directory coverage.,2026-09-25
Betheone Lending,Fintech,Betheone Lending: FCCPC-registered digital money lender / consumer credit apps.,,FCCPC,Digital Money Lender,Listed,Nigeria,,Nigeria,,Fintech,,,Undisclosed,2,Directory listing; funding undisclosed in free sources used.,CAC; NDPR; FCCPC-registered Digital Money Lender (DML).,Yes,"Offer automation/ML to fintech ops (recon, KYC, collections).",Low,https://fccpc.gov.ng/registration-of-digital-money-lenders/approvals-of-dmls/,No clean disclosed funding total in free sources used for this build; listed for directory coverage.,2026-09-25
Beyond Credit,Fintech,Beyond Credit: FCCPC-registered digital money lender / consumer credit apps.,,FCCPC,Digital Money Lender,Listed,Nigeria,,Nigeria,,Fintech,,,Undisclosed,2,Directory listing; funding undisclosed in free sources used.,CAC; NDPR; FCCPC-registered Digital Money Lender (DML).,Yes,"Offer automation/ML to fintech ops (recon, KYC, collections).",Low,https://fccpc.gov.ng/registration-of-digital-money-lenders/approvals-of-dmls/,No clean disclosed funding total in free sources used for this build; listed for directory coverage.,2026-09-25
Billzone Solutions,Fintech,Billzone Solutions: CBN-authorised Payment Solutions Service Provider (gateway/merchant collections).,,CBN,PSSP,Listed,Nigeria,,Nigeria,,Fintech,,,Undisclosed,2,Directory listing; funding undisclosed in free sources used.,CAC; NDPR; CBN PSSP.,Yes,"Offer automation/ML to fintech ops (recon, KYC, collections).",Low,https://www.cbn.gov.ng/PaymentsSystem/PSPs.html,No clean disclosed funding total in free sources used for this build; listed for directory coverage.,2026-09-25
Bimzu,Fintech,Bimzu: FCCPC-registered digital money lender / consumer credit apps.,,FCCPC,Digital Money Lender,Listed,Nigeria,,Nigeria,,Fintech,,,Undisclosed,2,Directory listing; funding undisclosed in free sources used.,CAC; NDPR; FCCPC-registered Digital Money Lender (DML).,Yes,"Offer automation/ML to fintech ops (recon, KYC, collections).",Low,https://fccpc.gov.ng/registration-of-digital-money-lenders/approvals-of-dmls/,No clean disclosed funding total in free sources used for this build; listed for directory coverage.,2026-09-25
Bizzdesk Global Solutions,Fintech,Bizzdesk Global Solutions: CBN-authorised Payment Terminal Service Provider (POS/terminals).,,CBN,PTSP,Listed,Nigeria,,Nigeria,,Fintech,,,Undisclosed,2,Directory listing; funding undisclosed in free sources used.,CAC; NDPR; CBN PTSP.,Yes,"Offer automation/ML to fintech ops (recon, KYC, collections).",Low,https://www.cbn.gov.ng/PaymentsSystem/PSPs.html,No clean disclosed funding total in free sources used for this build; listed for directory coverage.,2026-09-25
Blaaiz,Fintech,Cross-border payments/remittance (CBN IMTO).,,CBN,IMTO,Listed,Lagos,Lagos,Nigeria,,Fintech,,,Undisclosed,2,Directory listing; funding undisclosed in free sources used.,CAC; NDPR; often CBN PSP/MMO/IMTO and/or FCCPC DML; SEC if capital-markets.,Yes,"Offer automation/ML to fintech ops (recon, KYC, collections).",Low,https://www.cbn.gov.ng/PaymentsSystem/InternationalMoneyTransferOperators.html,No clean disclosed funding total in free sources used for this build; listed for directory coverage.,2026-09-25
Blaaiz Innvoations Technology,Fintech,Blaaiz Innvoations Technology: CBN-licensed International Money Transfer Operator.,,CBN,IMTO,Listed,Nigeria,,Nigeria,,Fintech,,,Undisclosed,2,Directory listing; funding undisclosed in free sources used.,CAC; NDPR; CBN International Money Transfer Operator (IMTO).,Yes,"Offer automation/ML to fintech ops (recon, KYC, collections).",Low,https://www.cbn.gov.ng/PaymentsSystem/InternationalMoneyTransferOperators.html,No clean disclosed funding total in free sources used for this build; listed for directory coverage.,2026-09-25
Blackcopper Service,Fintech,Blackcopper Service: FCCPC-registered digital money lender / consumer credit apps.,,FCCPC,Digital Money Lender,Listed,Nigeria,,Nigeria,,Fintech,,,Undisclosed,2,Directory listing; funding undisclosed in free sources used.,CAC; NDPR; FCCPC-registered Digital Money Lender (DML).,Yes,"Offer automation/ML to fintech ops (recon, KYC, collections).",Low,https://fccpc.gov.ng/registration-of-digital-money-lenders/approvals-of-dmls/,No clean disclosed funding total in free sources used for this build; listed for directory coverage.,2026-09-25
Blackstone Capital,Fintech,Blackstone Capital: FCCPC-registered digital money lender / consumer credit apps.,,FCCPC,Digital Money Lender,Listed,Nigeria,,Nigeria,,Fintech,,,Undisclosed,2,Directory listing; funding undisclosed in free sources used.,CAC; NDPR; FCCPC-registered Digital Money Lender (DML).,Yes,"Offer automation/ML to fintech ops (recon, KYC, collections).",Low,https://fccpc.gov.ng/registration-of-digital-money-lenders/approvals-of-dmls/,No clean disclosed funding total in free sources used for this build; listed for directory coverage.,2026-09-25
Blazeloan,Fintech,Blazeloan: FCCPC-registered digital money lender / consumer credit apps.,,FCCPC,Digital Money Lender,Listed,Nigeria,,Nigeria,,Fintech,,,Undisclosed,2,Directory listing; funding undisclosed in free sources used.,CAC; NDPR; FCCPC-registered Digital Money Lender (DML).,Yes,"Offer automation/ML to fintech ops (recon, KYC, collections).",Low,https://fccpc.gov.ng/registration-of-digital-money-lenders/approvals-of-dmls/,No clean disclosed funding total in free sources used for this build; listed for directory coverage.,2026-09-25
Blocka Technologies,Fintech,Blocka Technologies: FCCPC-registered digital money lender / consumer credit apps.,,FCCPC,Digital Money Lender,Listed,Nigeria,,Nigeria,,Fintech,,,Undisclosed,2,Directory listing; funding undisclosed in free sources used.,CAC; NDPR; FCCPC-registered Digital Money Lender (DML).,Yes,"Offer automation/ML to fintech ops (recon, KYC, collections).",Low,https://fccpc.gov.ng/registration-of-digital-money-lenders/approvals-of-dmls/,No clean disclosed funding total in free sources used for this build; listed for directory coverage.,2026-09-25
Blooms Microfinance Bank,Fintech,Blooms Microfinance Bank: FCCPC-registered digital money lender / consumer credit apps.,,FCCPC,Digital Money Lender,Listed,Nigeria,,Nigeria,,Fintech,,,Undisclosed,2,Directory listing; funding undisclosed in free sources used.,CAC; NDPR; FCCPC-registered Digital Money Lender (DML).,Yes,"Offer automation/ML to fintech ops (recon, KYC, collections).",Low,https://fccpc.gov.ng/registration-of-digital-money-lenders/approvals-of-dmls/,No clean disclosed funding total in free sources used for this build; listed for directory coverage.,2026-09-25
Blueharbor Capital,Fintech,Blueharbor Capital: FCCPC-registered digital money lender / consumer credit apps.,,FCCPC,Digital Money Lender,Listed,Nigeria,,Nigeria,,Fintech,,,Undisclosed,2,Directory listing; funding undisclosed in free sources used.,CAC; NDPR; FCCPC-registered Digital Money Lender (DML).,Yes,"Offer automation/ML to fintech ops (recon, KYC, collections).",Low,https://fccpc.gov.ng/registration-of-digital-money-lenders/approvals-of-dmls/,No clean disclosed funding total in free sources used for this build; listed for directory coverage.,2026-09-25
Blueone,Fintech,Blueone: FCCPC-registered digital money lender / consumer credit apps.,,FCCPC,Digital Money Lender,Listed,Nigeria,,Nigeria,,Fintech,,,Undisclosed,2,Directory listing; funding undisclosed in free sources used.,CAC; NDPR; FCCPC-registered Digital Money Lender (DML).,Yes,"Offer automation/ML to fintech ops (recon, KYC, collections).",Low,https://fccpc.gov.ng/registration-of-digital-money-lenders/approvals-of-dmls/,No clean disclosed funding total in free sources used for this build; listed for directory coverage.,2026-09-25
Bluesalt Financial Services,Fintech,Bluesalt Financial Services: CBN-authorised Payment Solutions Service Provider (gateway/merchant collections).,,CBN,PSSP,Listed,Nigeria,,Nigeria,,Fintech,,,Undisclosed,2,Directory listing; funding undisclosed in free sources used.,CAC; NDPR; CBN PSSP.,Yes,"Offer automation/ML to fintech ops (recon, KYC, collections).",Low,https://www.cbn.gov.ng/PaymentsSystem/PSPs.html,No clean disclosed funding total in free sources used for this build; listed for directory coverage.,2026-09-25
Bluprimvertex,Fintech,Bluprimvertex: FCCPC-registered digital money lender / consumer credit apps.,,FCCPC,Digital Money Lender,Listed,Nigeria,,Nigeria,,Fintech,,,Undisclosed,2,Directory listing; funding undisclosed in free sources used.,CAC; NDPR; FCCPC-registered Digital Money Lender (DML).,Yes,"Offer automation/ML to fintech ops (recon, KYC, collections).",Low,https://fccpc.gov.ng/registration-of-digital-money-lenders/approvals-of-dmls/,No clean disclosed funding total in free sources used for this build; listed for directory coverage.,2026-09-25
Blusalt Financial Services,Fintech,Blusalt Financial Services: CBN-authorised Payment Terminal Service Provider (POS/terminals).,,CBN,PTSP,Listed,Nigeria,,Nigeria,,Fintech,,,Undisclosed,2,Directory listing; funding undisclosed in free sources used.,CAC; NDPR; CBN PTSP.,Yes,"Offer automation/ML to fintech ops (recon, KYC, collections).",Low,https://www.cbn.gov.ng/PaymentsSystem/PSPs.html,No clean disclosed funding total in free sources used for this build; listed for directory coverage.,2026-09-25
Bluvertex,Fintech,Bluvertex: FCCPC-registered digital money lender / consumer credit apps.,,FCCPC,Digital Money Lender,Listed,Nigeria,,Nigeria,,Fintech,,,Undisclosed,2,Directory listing; funding undisclosed in free sources used.,CAC; NDPR; FCCPC-registered Digital Money Lender (DML).,Yes,"Offer automation/ML to fintech ops (recon, KYC, collections).",Low,https://fccpc.gov.ng/registration-of-digital-money-lenders/approvals-of-dmls/,No clean disclosed funding total in free sources used for this build; listed for directory coverage.,2026-09-25
Bmoni,Fintech,Bmoni: Nigeria-focused fintech company listed on StartupMapAfrica sector directories. Funding undisclosed in free sources used.,,Press,Fintech,Unknown,Lagos,Lagos,Nigeria,,Fintech,,,Undisclosed,2,Directory listing; funding undisclosed in free sources used.,CAC; NDPR; often CBN PSP/MMO/IMTO and/or FCCPC DML; SEC if capital-markets.,Yes,"Offer automation/ML to fintech ops (recon, KYC, collections).",Low,https://startupmapafrica.com/startups/fintech/nigeria; https://startupmapafrica.com/startups/nigeria,No clean disclosed funding total in free sources used for this build; listed for directory coverage.,2026-09-25
Boldswitch Software,Fintech,Boldswitch Software: FCCPC-registered digital money lender / consumer credit apps.,,FCCPC,Digital Money Lender,Listed,Nigeria,,Nigeria,,Fintech,,,Undisclosed,2,Directory listing; funding undisclosed in free sources used.,CAC; NDPR; FCCPC-registered Digital Money Lender (DML).,Yes,"Offer automation/ML to fintech ops (recon, KYC, collections).",Low,https://fccpc.gov.ng/registration-of-digital-money-lenders/approvals-of-dmls/,No clean disclosed funding total in free sources used for this build; listed for directory coverage.,2026-09-25
Brails,Fintech,Brails Financial: CBN-licensed International Money Transfer Operator.,,CBN,IMTO,Listed,Lagos,Lagos,Nigeria,,Fintech,,,Undisclosed,2,Directory listing; funding undisclosed in free sources used.,CAC; NDPR; often CBN PSP/MMO/IMTO and/or FCCPC DML; SEC if capital-markets.,Yes,"Offer automation/ML to fintech ops (recon, KYC, collections).",Low,https://www.cbn.gov.ng/PaymentsSystem/InternationalMoneyTransferOperators.html,No clean disclosed funding total in free sources used for this build; listed for directory coverage.,2026-09-25
Branch International Financial,Fintech,Branch International Financial: FCCPC-registered digital money lender / consumer credit apps.,,FCCPC,Digital Money Lender,Listed,Nigeria,,Nigeria,,Fintech,,,Undisclosed,2,Directory listing; funding undisclosed in free sources used.,CAC; NDPR; FCCPC-registered Digital Money Lender (DML).,Yes,"Offer automation/ML to fintech ops (recon, KYC, collections).",Low,https://fccpc.gov.ng/registration-of-digital-money-lenders/approvals-of-dmls/,No clean disclosed funding total in free sources used for this build; listed for directory coverage.,2026-09-25
Branch NG,Fintech,Mobile lending with major Nigeria book.,,FCCPC,Digital Money Lender,Listed,Lagos,Lagos,Nigeria,,Fintech,,,Undisclosed,2,Directory listing; funding undisclosed in free sources used.,CAC; NDPR; often CBN PSP/MMO/IMTO and/or FCCPC DML; SEC if capital-markets.,Yes,"Offer automation/ML to fintech ops (recon, KYC, collections).",Low,https://fccpc.gov.ng/registration-of-digital-money-lenders/approvals-of-dmls/,No clean disclosed funding total in free sources used for this build; listed for directory coverage.,2026-09-25
Bri Capital,Fintech,Bri Capital: FCCPC-registered digital money lender / consumer credit apps.,,FCCPC,Digital Money Lender,Listed,Nigeria,,Nigeria,,Fintech,,,Undisclosed,2,Directory listing; funding undisclosed in free sources used.,CAC; NDPR; FCCPC-registered Digital Money Lender (DML).,Yes,"Offer automation/ML to fintech ops (recon, KYC, collections).",Low,https://fccpc.gov.ng/registration-of-digital-money-lenders/approvals-of-dmls/,No clean disclosed funding total in free sources used for this build; listed for directory coverage.,2026-09-25
Brickbridge Company,Fintech,Brickbridge Company: FCCPC-registered digital money lender / consumer credit apps.,,FCCPC,Digital Money Lender,Listed,Nigeria,,Nigeria,,Fintech,,,Undisclosed,2,Directory listing; funding undisclosed in free sources used.,CAC; NDPR; FCCPC-registered Digital Money Lender (DML).,Yes,"Offer automation/ML to fintech ops (recon, KYC, collections).",Low,https://fccpc.gov.ng/registration-of-digital-money-lenders/approvals-of-dmls/,No clean disclosed funding total in free sources used for this build; listed for directory coverage.,2026-09-25
Bridge Advance Lending,Fintech,Bridge Advance Lending: FCCPC-registered digital money lender / consumer credit apps.,,FCCPC,Digital Money Lender,Listed,Nigeria,,Nigeria,,Fintech,,,Undisclosed,2,Directory listing; funding undisclosed in free sources used.,CAC; NDPR; FCCPC-registered Digital Money Lender (DML).,Yes,"Offer automation/ML to fintech ops (recon, KYC, collections).",Low,https://fccpc.gov.ng/registration-of-digital-money-lenders/approvals-of-dmls/,No clean disclosed funding total in free sources used for this build; listed for directory coverage.,2026-09-25
Bridgecard,Fintech,Card issuing infrastructure for Africa; YC-backed.,https://bridgecard.cards,YC,YC Startup,Listed,Lagos,Lagos,Nigeria,,Fintech,,,Undisclosed,2,Directory listing; funding undisclosed in free sources used.,CAC; NDPR; often CBN PSP/MMO/IMTO and/or FCCPC DML; SEC if capital-markets.,Yes,"Offer automation/ML to fintech ops (recon, KYC, collections).",Med,https://www.ycombinator.com/companies,No clean disclosed funding total in free sources used for this build; listed for directory coverage.,2026-09-25
Bridgenext Innovations,Fintech,Bridgenext Innovations: FCCPC-registered digital money lender / consumer credit apps.,,FCCPC,Digital Money Lender,Listed,Nigeria,,Nigeria,,Fintech,,,Undisclosed,2,Directory listing; funding undisclosed in free sources used.,CAC; NDPR; FCCPC-registered Digital Money Lender (DML).,Yes,"Offer automation/ML to fintech ops (recon, KYC, collections).",Low,https://fccpc.gov.ng/registration-of-digital-money-lenders/approvals-of-dmls/,No clean disclosed funding total in free sources used for this build; listed for directory coverage.,2026-09-25
Bridgepoint Finance,Fintech,Bridgepoint Finance: FCCPC-registered digital money lender / consumer credit apps.,,FCCPC,Digital Money Lender,Listed,Nigeria,,Nigeria,,Fintech,,,Undisclosed,2,Directory listing; funding undisclosed in free sources used.,CAC; NDPR; FCCPC-registered Digital Money Lender (DML).,Yes,"Offer automation/ML to fintech ops (recon, KYC, collections).",Low,https://fccpc.gov.ng/registration-of-digital-money-lenders/approvals-of-dmls/,No clean disclosed funding total in free sources used for this build; listed for directory coverage.,2026-09-25
Brightpath Credit,Fintech,Brightpath Credit: FCCPC-registered digital money lender / consumer credit apps.,,FCCPC,Digital Money Lender,Listed,Nigeria,,Nigeria,,Fintech,,,Undisclosed,2,Directory listing; funding undisclosed in free sources used.,CAC; NDPR; FCCPC-registered Digital Money Lender (DML).,Yes,"Offer automation/ML to fintech ops (recon, KYC, collections).",Low,https://fccpc.gov.ng/registration-of-digital-money-lenders/approvals-of-dmls/,No clean disclosed funding total in free sources used for this build; listed for directory coverage.,2026-09-25
Brightpulse Telecoms,Fintech,Brightpulse Telecoms: FCCPC-registered digital money lender / consumer credit apps.,,FCCPC,Digital Money Lender,Listed,Nigeria,,Nigeria,,Fintech,,,Undisclosed,2,Directory listing; funding undisclosed in free sources used.,CAC; NDPR; FCCPC-registered Digital Money Lender (DML).,Yes,"Offer automation/ML to fintech ops (recon, KYC, collections).",Low,https://fccpc.gov.ng/registration-of-digital-money-lenders/approvals-of-dmls/,No clean disclosed funding total in free sources used for this build; listed for directory coverage.,2026-09-25
Broad Money Transfer,Fintech,Broad Money Transfer: CBN-licensed International Money Transfer Operator.,,CBN,IMTO,Listed,Nigeria,,Nigeria,,Fintech,,,Undisclosed,2,Directory listing; funding undisclosed in free sources used.,CAC; NDPR; CBN International Money Transfer Operator (IMTO).,Yes,"Offer automation/ML to fintech ops (recon, KYC, collections).",Low,https://www.cbn.gov.ng/PaymentsSystem/InternationalMoneyTransferOperators.html,No clean disclosed funding total in free sources used for this build; listed for directory coverage.,2026-09-25
BT Payments Services,Fintech,BT Payments Services: CBN-authorised Payment Solutions Service Provider (gateway/merchant collections).,,CBN,PSSP,Listed,Nigeria,,Nigeria,,Fintech,,,Undisclosed,2,Directory listing; funding undisclosed in free sources used.,CAC; NDPR; CBN PSSP.,Yes,"Offer automation/ML to fintech ops (recon, KYC, collections).",Low,https://www.cbn.gov.ng/PaymentsSystem/PSPs.html,No clean disclosed funding total in free sources used for this build; listed for directory coverage.,2026-09-25
Bud Infrastructure,Fintech,Bud Infrastructure: CBN-authorised Payment Solutions Service Provider (gateway/merchant collections).,,CBN,PSSP,Listed,Nigeria,,Nigeria,,Fintech,,,Undisclosed,2,Directory listing; funding undisclosed in free sources used.,CAC; NDPR; CBN PSSP.,Yes,"Offer automation/ML to fintech ops (recon, KYC, collections).",Low,https://www.cbn.gov.ng/PaymentsSystem/PSPs.html,No clean disclosed funding total in free sources used for this build; listed for directory coverage.,2026-09-25
Bud Technology Services,Fintech,Bud Technology Services: CBN-licensed International Money Transfer Operator.,,CBN,IMTO,Listed,Nigeria,,Nigeria,,Fintech,,,Undisclosed,2,Directory listing; funding undisclosed in free sources used.,CAC; NDPR; CBN International Money Transfer Operator (IMTO).,Yes,"Offer automation/ML to fintech ops (recon, KYC, collections).",Low,https://www.cbn.gov.ng/PaymentsSystem/InternationalMoneyTransferOperators.html,No clean disclosed funding total in free sources used for this build; listed for directory coverage.,2026-09-25
BudPay,Fintech,Bud Infrastructure/BudPay payment collections.,,Other,Fintech,Unknown,Lagos,Lagos,Nigeria,,Fintech,,,Undisclosed,2,Directory listing; funding undisclosed in free sources used.,CAC; NDPR; often CBN PSP/MMO/IMTO and/or FCCPC DML; SEC if capital-markets.,Yes,"Offer automation/ML to fintech ops (recon, KYC, collections).",Low,https://www.cbn.gov.ng/PaymentsSystem/PSPs.html,No clean disclosed funding total in free sources used for this build; listed for directory coverage.,2026-09-25
Bullion Voult Mobile,Fintech,Bullion Voult Mobile: FCCPC-registered digital money lender / consumer credit apps.,,FCCPC,Digital Money Lender,Listed,Nigeria,,Nigeria,,Fintech,,,Undisclosed,2,Directory listing; funding undisclosed in free sources used.,CAC; NDPR; FCCPC-registered Digital Money Lender (DML).,Yes,"Offer automation/ML to fintech ops (recon, KYC, collections).",Low,https://fccpc.gov.ng/registration-of-digital-money-lenders/approvals-of-dmls/,No clean disclosed funding total in free sources used for this build; listed for directory coverage.,2026-09-25
Bullionmonie,Fintech,Bullionmonie: FCCPC-registered digital money lender / consumer credit apps.,,FCCPC,Digital Money Lender,Listed,Nigeria,,Nigeria,,Fintech,,,Undisclosed,2,Directory listing; funding undisclosed in free sources used.,CAC; NDPR; FCCPC-registered Digital Money Lender (DML).,Yes,"Offer automation/ML to fintech ops (recon, KYC, collections).",Low,https://fccpc.gov.ng/registration-of-digital-money-lenders/approvals-of-dmls/,No clean disclosed funding total in free sources used for this build; listed for directory coverage.,2026-09-25
Busiyard,Fintech,Busiyard: FCCPC-registered digital money lender / consumer credit apps.,,FCCPC,Digital Money Lender,Listed,Nigeria,,Nigeria,,Fintech,,,Undisclosed,2,Directory listing; funding undisclosed in free sources used.,CAC; NDPR; FCCPC-registered Digital Money Lender (DML).,Yes,"Offer automation/ML to fintech ops (recon, KYC, collections).",Low,https://fccpc.gov.ng/registration-of-digital-money-lenders/approvals-of-dmls/,No clean disclosed funding total in free sources used for this build; listed for directory coverage.,2026-09-25
BuyCoins / Helicarrier,Fintech,Crypto brokerage/infrastructure (Helicarrier); YC heritage.,,YC,YC Startup,Listed,Lagos,Lagos,Nigeria,,Fintech,,,Undisclosed,2,Directory listing; funding undisclosed in free sources used.,CAC; NDPR; often CBN PSP/MMO/IMTO and/or FCCPC DML; SEC if capital-markets.,Yes,"Offer automation/ML to fintech ops (recon, KYC, collections).",Med,https://www.ycombinator.com/companies,No clean disclosed funding total in free sources used for this build; listed for directory coverage.,2026-09-25
BuyPower,Fintech,Bill payment platform for African businesses and consumers; YC-backed.,http://www.buypower.ng,YC,YC Startup,Listed,Abuja,Abuja,Nigeria,,Fintech,,,Undisclosed,2,Directory listing; funding undisclosed in free sources used.,CAC; NDPR; often CBN PSP/MMO/IMTO and/or FCCPC DML; SEC if capital-markets.,Yes,"Offer automation/ML to fintech ops (recon, KYC, collections).",Med,https://www.ycombinator.com/companies,No clean disclosed funding total in free sources used for this build; listed for directory coverage.,2026-09-25
Bvnk Services,Fintech,Bvnk Services: CBN-authorised Payment Solutions Service Provider (gateway/merchant collections).,,CBN,PSSP,Listed,Nigeria,,Nigeria,,Fintech,,,Undisclosed,2,Directory listing; funding undisclosed in free sources used.,CAC; NDPR; CBN PSSP.,Yes,"Offer automation/ML to fintech ops (recon, KYC, collections).",Low,https://www.cbn.gov.ng/PaymentsSystem/PSPs.html,No clean disclosed funding total in free sources used for this build; listed for directory coverage.,2026-09-25
C24,Fintech,C24: CBN-authorised Payment Terminal Service Provider (POS/terminals).,,CBN,PTSP,Listed,Nigeria,,Nigeria,,Fintech,,,Undisclosed,2,Directory listing; funding undisclosed in free sources used.,CAC; NDPR; CBN PTSP.,Yes,"Offer automation/ML to fintech ops (recon, KYC, collections).",Low,https://www.cbn.gov.ng/PaymentsSystem/PSPs.html,No clean disclosed funding total in free sources used for this build; listed for directory coverage.,2026-09-25
Caelum Technologies,Fintech,Caelum Technologies: FCCPC-registered digital money lender / consumer credit apps.,,FCCPC,Digital Money Lender,Listed,Nigeria,,Nigeria,,Fintech,,,Undisclosed,2,Directory listing; funding undisclosed in free sources used.,CAC; NDPR; FCCPC-registered Digital Money Lender (DML).,Yes,"Offer automation/ML to fintech ops (recon, KYC, collections).",Low,https://fccpc.gov.ng/registration-of-digital-money-lenders/approvals-of-dmls/,No clean disclosed funding total in free sources used for this build; listed for directory coverage.,2026-09-25
Cafin Technology Company,Fintech,Cafin Technology Company: FCCPC-registered digital money lender / consumer credit apps.,,FCCPC,Digital Money Lender,Listed,Nigeria,,Nigeria,,Fintech,,,Undisclosed,2,Directory listing; funding undisclosed in free sources used.,CAC; NDPR; FCCPC-registered Digital Money Lender (DML).,Yes,"Offer automation/ML to fintech ops (recon, KYC, collections).",Low,https://fccpc.gov.ng/registration-of-digital-money-lenders/approvals-of-dmls/,No clean disclosed funding total in free sources used for this build; listed for directory coverage.,2026-09-25
Callphone,Fintech,Callphone: CBN-authorised Payment Solutions Service Provider (gateway/merchant collections).,,CBN,PSSP,Listed,Nigeria,,Nigeria,,Fintech,,,Undisclosed,2,Directory listing; funding undisclosed in free sources used.,CAC; NDPR; CBN PSSP.,Yes,"Offer automation/ML to fintech ops (recon, KYC, collections).",Low,https://www.cbn.gov.ng/PaymentsSystem/PSPs.html,No clean disclosed funding total in free sources used for this build; listed for directory coverage.,2026-09-25
Capimore,Fintech,Capimore: FCCPC-registered digital money lender / consumer credit apps.,,FCCPC,Digital Money Lender,Listed,Nigeria,,Nigeria,,Fintech,,,Undisclosed,2,Directory listing; funding undisclosed in free sources used.,CAC; NDPR; FCCPC-registered Digital Money Lender (DML).,Yes,"Offer automation/ML to fintech ops (recon, KYC, collections).",Low,https://fccpc.gov.ng/registration-of-digital-money-lenders/approvals-of-dmls/,No clean disclosed funding total in free sources used for this build; listed for directory coverage.,2026-09-25
Capitalwise Dynamic Pay C,Fintech,Capitalwise Dynamic Pay C: FCCPC-registered digital money lender / consumer credit apps.,,FCCPC,Digital Money Lender,Listed,Nigeria,,Nigeria,,Fintech,,,Undisclosed,2,Directory listing; funding undisclosed in free sources used.,CAC; NDPR; FCCPC-registered Digital Money Lender (DML).,Yes,"Offer automation/ML to fintech ops (recon, KYC, collections).",Low,https://fccpc.gov.ng/registration-of-digital-money-lenders/approvals-of-dmls/,No clean disclosed funding total in free sources used for this build; listed for directory coverage.,2026-09-25
Capival Investment,Fintech,Capival Investment: FCCPC-registered digital money lender / consumer credit apps.,,FCCPC,Digital Money Lender,Listed,Nigeria,,Nigeria,,Fintech,,,Undisclosed,2,Directory listing; funding undisclosed in free sources used.,CAC; NDPR; FCCPC-registered Digital Money Lender (DML).,Yes,"Offer automation/ML to fintech ops (recon, KYC, collections).",Low,https://fccpc.gov.ng/registration-of-digital-money-lenders/approvals-of-dmls/,No clean disclosed funding total in free sources used for this build; listed for directory coverage.,2026-09-25
Capricorn Digital,Fintech,Capricorn Digital: CBN-authorised Payment Solutions Service Provider (gateway/merchant collections).,,CBN,PSSP,Listed,Nigeria,,Nigeria,,Fintech,,,Undisclosed,2,Directory listing; funding undisclosed in free sources used.,CAC; NDPR; CBN PSSP.,Yes,"Offer automation/ML to fintech ops (recon, KYC, collections).",Low,https://www.cbn.gov.ng/PaymentsSystem/PSPs.html,No clean disclosed funding total in free sources used for this build; listed for directory coverage.,2026-09-25
Carbon Microfinance Bank,Fintech,Carbon Microfinance Bank: FCCPC-registered digital money lender / consumer credit apps.,,FCCPC,Digital Money Lender,Listed,Nigeria,,Nigeria,,Fintech,,,Undisclosed,2,Directory listing; funding undisclosed in free sources used.,CAC; NDPR; FCCPC-registered Digital Money Lender (DML).,Yes,"Offer automation/ML to fintech ops (recon, KYC, collections).",Low,https://fccpc.gov.ng/registration-of-digital-money-lenders/approvals-of-dmls/,No clean disclosed funding total in free sources used for this build; listed for directory coverage.,2026-09-25
Cardtonic,Fintech,Cardtonic: Nigeria-focused fintech company listed on StartupMapAfrica sector directories. Funding undisclosed in free sources used.,,Press,Fintech,Unknown,Lagos,Lagos,Nigeria,,Fintech,,,Undisclosed,2,Directory listing; funding undisclosed in free sources used.,CAC; NDPR; often CBN PSP/MMO/IMTO and/or FCCPC DML; SEC if capital-markets.,Yes,"Offer automation/ML to fintech ops (recon, KYC, collections).",Low,https://startupmapafrica.com/startups/fintech/nigeria; https://startupmapafrica.com/startups/nigeria,No clean disclosed funding total in free sources used for this build; listed for directory coverage.,2026-09-25
Care Credit,Fintech,Care Credit: FCCPC-registered digital money lender / consumer credit apps.,,FCCPC,Digital Money Lender,Listed,Nigeria,,Nigeria,,Fintech,,,Undisclosed,2,Directory listing; funding undisclosed in free sources used.,CAC; NDPR; FCCPC-registered Digital Money Lender (DML).,Yes,"Offer automation/ML to fintech ops (recon, KYC, collections).",Low,https://fccpc.gov.ng/registration-of-digital-money-lenders/approvals-of-dmls/,No clean disclosed funding total in free sources used for this build; listed for directory coverage.,2026-09-25
Carefree Technology,Fintech,Carefree Technology: FCCPC-registered digital money lender / consumer credit apps.,,FCCPC,Digital Money Lender,Listed,Nigeria,,Nigeria,,Fintech,,,Undisclosed,2,Directory listing; funding undisclosed in free sources used.,CAC; NDPR; FCCPC-registered Digital Money Lender (DML).,Yes,"Offer automation/ML to fintech ops (recon, KYC, collections).",Low,https://fccpc.gov.ng/registration-of-digital-money-lenders/approvals-of-dmls/,No clean disclosed funding total in free sources used for this build; listed for directory coverage.,2026-09-25
Cash Advance,Fintech,Cash Advance: FCCPC-registered digital money lender / consumer credit apps.,,FCCPC,Digital Money Lender,Listed,Nigeria,,Nigeria,,Fintech,,,Undisclosed,2,Directory listing; funding undisclosed in free sources used.,CAC; NDPR; FCCPC-registered Digital Money Lender (DML).,Yes,"Offer automation/ML to fintech ops (recon, KYC, collections).",Low,https://fccpc.gov.ng/registration-of-digital-money-lenders/approvals-of-dmls/,No clean disclosed funding total in free sources used for this build; listed for directory coverage.,2026-09-25
Cashbridge Digital,Fintech,Cashbridge Digital: FCCPC-registered digital money lender / consumer credit apps.,,FCCPC,Digital Money Lender,Listed,Nigeria,,Nigeria,,Fintech,,,Undisclosed,2,Directory listing; funding undisclosed in free sources used.,CAC; NDPR; FCCPC-registered Digital Money Lender (DML).,Yes,"Offer automation/ML to fintech ops (recon, KYC, collections).",Low,https://fccpc.gov.ng/registration-of-digital-money-lenders/approvals-of-dmls/,No clean disclosed funding total in free sources used for this build; listed for directory coverage.,2026-09-25
Cashigo International,Fintech,Cashigo International: FCCPC-registered digital money lender / consumer credit apps.,,FCCPC,Digital Money Lender,Listed,Nigeria,,Nigeria,,Fintech,,,Undisclosed,2,Directory listing; funding undisclosed in free sources used.,CAC; NDPR; FCCPC-registered Digital Money Lender (DML).,Yes,"Offer automation/ML to fintech ops (recon, KYC, collections).",Low,https://fccpc.gov.ng/registration-of-digital-money-lenders/approvals-of-dmls/,No clean disclosed funding total in free sources used for this build; listed for directory coverage.,2026-09-25
Cashpot,Fintech,Cashpot: CBN-licensed International Money Transfer Operator.,,CBN,IMTO,Listed,Nigeria,,Nigeria,,Fintech,,,Undisclosed,2,Directory listing; funding undisclosed in free sources used.,CAC; NDPR; CBN International Money Transfer Operator (IMTO).,Yes,"Offer automation/ML to fintech ops (recon, KYC, collections).",Low,https://www.cbn.gov.ng/PaymentsSystem/InternationalMoneyTransferOperators.html,No clean disclosed funding total in free sources used for this build; listed for directory coverage.,2026-09-25
Cashxpress,Fintech,Cashxpress: FCCPC-registered digital money lender / consumer credit apps.,,FCCPC,Digital Money Lender,Listed,Nigeria,,Nigeria,,Fintech,,,Undisclosed,2,Directory listing; funding undisclosed in free sources used.,CAC; NDPR; FCCPC-registered Digital Money Lender (DML).,Yes,"Offer automation/ML to fintech ops (recon, KYC, collections).",Low,https://fccpc.gov.ng/registration-of-digital-money-lenders/approvals-of-dmls/,No clean disclosed funding total in free sources used for this build; listed for directory coverage.,2026-09-25
Castillo Credit,Fintech,Castillo Credit: FCCPC-registered digital money lender / consumer credit apps.,,FCCPC,Digital Money Lender,Listed,Nigeria,,Nigeria,,Fintech,,,Undisclosed,2,Directory listing; funding undisclosed in free sources used.,CAC; NDPR; FCCPC-registered Digital Money Lender (DML).,Yes,"Offer automation/ML to fintech ops (recon, KYC, collections).",Low,https://fccpc.gov.ng/registration-of-digital-money-lenders/approvals-of-dmls/,No clean disclosed funding total in free sources used for this build; listed for directory coverage.,2026-09-25
Catalyst Care,Fintech,Catalyst Care: FCCPC-registered digital money lender / consumer credit apps.,,FCCPC,Digital Money Lender,Listed,Nigeria,,Nigeria,,Fintech,,,Undisclosed,2,Directory listing; funding undisclosed in free sources used.,CAC; NDPR; FCCPC-registered Digital Money Lender (DML).,Yes,"Offer automation/ML to fintech ops (recon, KYC, collections).",Low,https://fccpc.gov.ng/registration-of-digital-money-lenders/approvals-of-dmls/,No clean disclosed funding total in free sources used for this build; listed for directory coverage.,2026-09-25
CBI Technologies,Fintech,CBI Technologies: CBN-authorised Payment Solutions Service Provider (gateway/merchant collections).,,CBN,PSSP,Listed,Nigeria,,Nigeria,,Fintech,,,Undisclosed,2,Directory listing; funding undisclosed in free sources used.,CAC; NDPR; CBN PSSP.,Yes,"Offer automation/ML to fintech ops (recon, KYC, collections).",Low,https://www.cbn.gov.ng/PaymentsSystem/PSPs.html,No clean disclosed funding total in free sources used for this build; listed for directory coverage.,2026-09-25
Cellulant,Fintech,Cellulant: CBN-authorised Payment Solutions Service Provider (gateway/merchant collections).,,CBN,PSSP,Listed,Lagos,Lagos,Nigeria,,Fintech,,,Undisclosed,2,Directory listing; funding undisclosed in free sources used.,CAC; NDPR; often CBN PSP/MMO/IMTO and/or FCCPC DML; SEC if capital-markets.,Yes,"Offer automation/ML to fintech ops (recon, KYC, collections).",Low,https://www.cbn.gov.ng/PaymentsSystem/PSPs.html,No clean disclosed funding total in free sources used for this build; listed for directory coverage.,2026-09-25
Centrexcard T/A,Fintech,Centrexcard T/A: CBN-licensed International Money Transfer Operator.,,CBN,IMTO,Listed,Nigeria,,Nigeria,,Fintech,,,Undisclosed,2,Directory listing; funding undisclosed in free sources used.,CAC; NDPR; CBN International Money Transfer Operator (IMTO).,Yes,"Offer automation/ML to fintech ops (recon, KYC, collections).",Low,https://www.cbn.gov.ng/PaymentsSystem/InternationalMoneyTransferOperators.html,No clean disclosed funding total in free sources used for this build; listed for directory coverage.,2026-09-25
Centric Gateway,Fintech,Centric Gateway: CBN-authorised Payment Solutions Service Provider (gateway/merchant collections).,,CBN,PSSP,Listed,Nigeria,,Nigeria,,Fintech,,,Undisclosed,2,Directory listing; funding undisclosed in free sources used.,CAC; NDPR; CBN PSSP.,Yes,"Offer automation/ML to fintech ops (recon, KYC, collections).",Low,https://www.cbn.gov.ng/PaymentsSystem/PSPs.html,No clean disclosed funding total in free sources used for this build; listed for directory coverage.,2026-09-25
Centurion Ideas,Fintech,Centurion Ideas: FCCPC-registered digital money lender / consumer credit apps.,,FCCPC,Digital Money Lender,Listed,Nigeria,,Nigeria,,Fintech,,,Undisclosed,2,Directory listing; funding undisclosed in free sources used.,CAC; NDPR; FCCPC-registered Digital Money Lender (DML).,Yes,"Offer automation/ML to fintech ops (recon, KYC, collections).",Low,https://fccpc.gov.ng/registration-of-digital-money-lenders/approvals-of-dmls/,No clean disclosed funding total in free sources used for this build; listed for directory coverage.,2026-09-25
Ceviant Payments,Fintech,Ceviant Payments: CBN-authorised Payment Solutions Service Provider (gateway/merchant collections).,,CBN,PSSP,Listed,Nigeria,,Nigeria,,Fintech,,,Undisclosed,2,Directory listing; funding undisclosed in free sources used.,CAC; NDPR; CBN PSSP.,Yes,"Offer automation/ML to fintech ops (recon, KYC, collections).",Low,https://www.cbn.gov.ng/PaymentsSystem/PSPs.html,No clean disclosed funding total in free sources used for this build; listed for directory coverage.,2026-09-25
Chaka,Fintech,Investment/brokerage app for Nigerians.,,Other,Fintech,Unknown,Lagos,Lagos,Nigeria,,Fintech,,,Undisclosed,2,Directory listing; funding undisclosed in free sources used.,CAC; NDPR; often CBN PSP/MMO/IMTO and/or FCCPC DML; SEC if capital-markets.,Yes,"Offer automation/ML to fintech ops (recon, KYC, collections).",Low,https://disruptafrica.com/2022/10/14/nigerian-tech-startups-raised-over-2bn-between-2015-and-2022/,No clean disclosed funding total in free sources used for this build; listed for directory coverage.,2026-09-25
Chams Mobile,Fintech,Chams Mobile: CBN-licensed Mobile Money Operator (e-money/wallets).,,CBN,MMO,Listed,Lagos,Lagos,Nigeria,,Fintech,,,Undisclosed,2,Directory listing; funding undisclosed in free sources used.,CAC; NDPR; often CBN PSP/MMO/IMTO and/or FCCPC DML; SEC if capital-markets.,Yes,"Offer automation/ML to fintech ops (recon, KYC, collections).",Low,https://www.cbn.gov.ng/PaymentsSystem/PSPs.html,No clean disclosed funding total in free sources used for this build; listed for directory coverage.,2026-09-25
Chamswitch,Fintech,Chamswitch: CBN Switching and Processing licensee.,,CBN,Switching,Listed,Nigeria,,Nigeria,,Fintech,,,Undisclosed,2,Directory listing; funding undisclosed in free sources used.,CAC; NDPR; CBN Switching & Processing.,Yes,"Offer automation/ML to fintech ops (recon, KYC, collections).",Low,https://www.cbn.gov.ng/PaymentsSystem/PSPs.html,No clean disclosed funding total in free sources used for this build; listed for directory coverage.,2026-09-25
Chase Microfinance Bank,Fintech,Chase Microfinance Bank: FCCPC-registered digital money lender / consumer credit apps.,,FCCPC,Digital Money Lender,Listed,Nigeria,,Nigeria,,Fintech,,,Undisclosed,2,Directory listing; funding undisclosed in free sources used.,CAC; NDPR; FCCPC-registered Digital Money Lender (DML).,Yes,"Offer automation/ML to fintech ops (recon, KYC, collections).",Low,https://fccpc.gov.ng/registration-of-digital-money-lenders/approvals-of-dmls/,No clean disclosed funding total in free sources used for this build; listed for directory coverage.,2026-09-25
Chenvasa Integrated Concept,Fintech,Chenvasa Integrated Concept: FCCPC-registered digital money lender / consumer credit apps.,,FCCPC,Digital Money Lender,Listed,Nigeria,,Nigeria,,Fintech,,,Undisclosed,2,Directory listing; funding undisclosed in free sources used.,CAC; NDPR; FCCPC-registered Digital Money Lender (DML).,Yes,"Offer automation/ML to fintech ops (recon, KYC, collections).",Low,https://fccpc.gov.ng/registration-of-digital-money-lenders/approvals-of-dmls/,No clean disclosed funding total in free sources used for this build; listed for directory coverage.,2026-09-25
Chrisborough Solutions,Fintech,Chrisborough Solutions: CBN-licensed International Money Transfer Operator.,,CBN,IMTO,Listed,Nigeria,,Nigeria,,Fintech,,,Undisclosed,2,Directory listing; funding undisclosed in free sources used.,CAC; NDPR; CBN International Money Transfer Operator (IMTO).,Yes,"Offer automation/ML to fintech ops (recon, KYC, collections).",Low,https://www.cbn.gov.ng/PaymentsSystem/InternationalMoneyTransferOperators.html,No clean disclosed funding total in free sources used for this build; listed for directory coverage.,2026-09-25
Cicoserve Payments,Fintech,Cicoserve Payments: CBN-authorised Super-Agent for agency banking distribution.,,CBN,Super-Agent,Listed,Nigeria,,Nigeria,,B2B2C agency banking,,,Undisclosed,2,Directory listing; funding undisclosed in free sources used.,CBN Super-Agent; agent network compliance; NDPR; CAC.,Yes,Sell agent performance and AML monitoring to Super-Agents.,Med,https://www.cbn.gov.ng/PaymentsSystem/PSPs.html,No clean disclosed funding total in free sources used for this build; listed for directory coverage.,2026-09-25
Circlefundme Digital Savings & Loan Coop. Society,Fintech,Circlefundme Digital Savings & Loan Coop. Society: FCCPC-registered digital money lender / consumer credit apps.,,FCCPC,Digital Money Lender,Listed,Nigeria,,Nigeria,,Fintech,,,Undisclosed,2,Directory listing; funding undisclosed in free sources used.,CAC; NDPR; FCCPC-registered Digital Money Lender (DML).,Yes,"Offer automation/ML to fintech ops (recon, KYC, collections).",Low,https://fccpc.gov.ng/registration-of-digital-money-lenders/approvals-of-dmls/,No clean disclosed funding total in free sources used for this build; listed for directory coverage.,2026-09-25
Citiserve,Fintech,Citiserve: CBN-authorised Payment Terminal Service Provider (POS/terminals).,,CBN,PTSP,Listed,Nigeria,,Nigeria,,Fintech,,,Undisclosed,2,Directory listing; funding undisclosed in free sources used.,CAC; NDPR; CBN PTSP.,Yes,"Offer automation/ML to fintech ops (recon, KYC, collections).",Low,https://www.cbn.gov.ng/PaymentsSystem/PSPs.html,No clean disclosed funding total in free sources used for this build; listed for directory coverage.,2026-09-25
Citygate Global Investment,Fintech,Citygate Global Investment: FCCPC-registered digital money lender / consumer credit apps.,,FCCPC,Digital Money Lender,Listed,Nigeria,,Nigeria,,Fintech,,,Undisclosed,2,Directory listing; funding undisclosed in free sources used.,CAC; NDPR; FCCPC-registered Digital Money Lender (DML).,Yes,"Offer automation/ML to fintech ops (recon, KYC, collections).",Low,https://fccpc.gov.ng/registration-of-digital-money-lenders/approvals-of-dmls/,No clean disclosed funding total in free sources used for this build; listed for directory coverage.,2026-09-25
Clane,Fintech,Clane Company: CBN-authorised Payment Solutions Service Provider (gateway/merchant collections).,,CBN,PSSP,Listed,Lagos,Lagos,Nigeria,,Fintech,,,Undisclosed,2,Directory listing; funding undisclosed in free sources used.,CAC; NDPR; often CBN PSP/MMO/IMTO and/or FCCPC DML; SEC if capital-markets.,Yes,"Offer automation/ML to fintech ops (recon, KYC, collections).",Low,https://www.cbn.gov.ng/PaymentsSystem/PSPs.html,No clean disclosed funding total in free sources used for this build; listed for directory coverage.,2026-09-25
Claritycare Ng,Fintech,Claritycare Ng: FCCPC-registered digital money lender / consumer credit apps.,,FCCPC,Digital Money Lender,Listed,Nigeria,,Nigeria,,Fintech,,,Undisclosed,2,Directory listing; funding undisclosed in free sources used.,CAC; NDPR; FCCPC-registered Digital Money Lender (DML).,Yes,"Offer automation/ML to fintech ops (recon, KYC, collections).",Low,https://fccpc.gov.ng/registration-of-digital-money-lenders/approvals-of-dmls/,No clean disclosed funding total in free sources used for this build; listed for directory coverage.,2026-09-25
Clem Fresh Co,Fintech,Clem Fresh Co: FCCPC-registered digital money lender / consumer credit apps.,,FCCPC,Digital Money Lender,Listed,Nigeria,,Nigeria,,Fintech,,,Undisclosed,2,Directory listing; funding undisclosed in free sources used.,CAC; NDPR; FCCPC-registered Digital Money Lender (DML).,Yes,"Offer automation/ML to fintech ops (recon, KYC, collections).",Low,https://fccpc.gov.ng/registration-of-digital-money-lenders/approvals-of-dmls/,No clean disclosed funding total in free sources used for this build; listed for directory coverage.,2026-09-25
Colony Capital,Fintech,Colony Capital: CBN-licensed International Money Transfer Operator.,,CBN,IMTO,Listed,Nigeria,,Nigeria,,Fintech,,,Undisclosed,2,Directory listing; funding undisclosed in free sources used.,CAC; NDPR; CBN International Money Transfer Operator (IMTO).,Yes,"Offer automation/ML to fintech ops (recon, KYC, collections).",Low,https://www.cbn.gov.ng/PaymentsSystem/InternationalMoneyTransferOperators.html,No clean disclosed funding total in free sources used for this build; listed for directory coverage.,2026-09-25
Comet Trading,Fintech,Comet Trading: CBN-licensed International Money Transfer Operator.,,CBN,IMTO,Listed,Nigeria,,Nigeria,,Fintech,,,Undisclosed,2,Directory listing; funding undisclosed in free sources used.,CAC; NDPR; CBN International Money Transfer Operator (IMTO).,Yes,"Offer automation/ML to fintech ops (recon, KYC, collections).",Low,https://www.cbn.gov.ng/PaymentsSystem/InternationalMoneyTransferOperators.html,No clean disclosed funding total in free sources used for this build; listed for directory coverage.,2026-09-25
Commercemen Trading Co,Fintech,Commercemen Trading Co: FCCPC-registered digital money lender / consumer credit apps.,,FCCPC,Digital Money Lender,Listed,Nigeria,,Nigeria,,Fintech,,,Undisclosed,2,Directory listing; funding undisclosed in free sources used.,CAC; NDPR; FCCPC-registered Digital Money Lender (DML).,Yes,"Offer automation/ML to fintech ops (recon, KYC, collections).",Low,https://fccpc.gov.ng/registration-of-digital-money-lenders/approvals-of-dmls/,No clean disclosed funding total in free sources used for this build; listed for directory coverage.,2026-09-25
Competence Asset Management,Fintech,Competence Asset Management: FCCPC-registered digital money lender / consumer credit apps.,,FCCPC,Digital Money Lender,Listed,Nigeria,,Nigeria,,Fintech,,,Undisclosed,2,Directory listing; funding undisclosed in free sources used.,CAC; NDPR; FCCPC-registered Digital Money Lender (DML).,Yes,"Offer automation/ML to fintech ops (recon, KYC, collections).",Low,https://fccpc.gov.ng/registration-of-digital-money-lenders/approvals-of-dmls/,No clean disclosed funding total in free sources used for this build; listed for directory coverage.,2026-09-25
Connectpoint Technology Solutions,Fintech,Connectpoint Technology Solutions: CBN-authorised Super-Agent for agency banking distribution.,,CBN,Super-Agent,Listed,Nigeria,,Nigeria,,B2B2C agency banking,,,Undisclosed,2,Directory listing; funding undisclosed in free sources used.,CBN Super-Agent; agent network compliance; NDPR; CAC.,Yes,Sell agent performance and AML monitoring to Super-Agents.,Med,https://www.cbn.gov.ng/PaymentsSystem/PSPs.html,No clean disclosed funding total in free sources used for this build; listed for directory coverage.,2026-09-25
Conrado Lending,Fintech,Conrado Lending: FCCPC-registered digital money lender / consumer credit apps.,,FCCPC,Digital Money Lender,Listed,Nigeria,,Nigeria,,Fintech,,,Undisclosed,2,Directory listing; funding undisclosed in free sources used.,CAC; NDPR; FCCPC-registered Digital Money Lender (DML).,Yes,"Offer automation/ML to fintech ops (recon, KYC, collections).",Low,https://fccpc.gov.ng/registration-of-digital-money-lenders/approvals-of-dmls/,No clean disclosed funding total in free sources used for this build; listed for directory coverage.,2026-09-25
Coolbuck,Fintech,Coolbuck: FCCPC-registered digital money lender / consumer credit apps.,,FCCPC,Digital Money Lender,Listed,Nigeria,,Nigeria,,Fintech,,,Undisclosed,2,Directory listing; funding undisclosed in free sources used.,CAC; NDPR; FCCPC-registered Digital Money Lender (DML).,Yes,"Offer automation/ML to fintech ops (recon, KYC, collections).",Low,https://fccpc.gov.ng/registration-of-digital-money-lenders/approvals-of-dmls/,No clean disclosed funding total in free sources used for this build; listed for directory coverage.,2026-09-25
Coopvest Digital,Fintech,Coopvest Digital: FCCPC-registered digital money lender / consumer credit apps.,,FCCPC,Digital Money Lender,Listed,Nigeria,,Nigeria,,Fintech,,,Undisclosed,2,Directory listing; funding undisclosed in free sources used.,CAC; NDPR; FCCPC-registered Digital Money Lender (DML).,Yes,"Offer automation/ML to fintech ops (recon, KYC, collections).",Low,https://fccpc.gov.ng/registration-of-digital-money-lenders/approvals-of-dmls/,No clean disclosed funding total in free sources used for this build; listed for directory coverage.,2026-09-25
CoralPay,Fintech,Coralpay Technology: CBN Switching and Processing licensee.,,CBN,Switching,Listed,Lagos,Lagos,Nigeria,,Fintech,,,Undisclosed,2,Directory listing; funding undisclosed in free sources used.,CAC; NDPR; often CBN PSP/MMO/IMTO and/or FCCPC DML; SEC if capital-markets.,Yes,"Offer automation/ML to fintech ops (recon, KYC, collections).",Low,https://www.cbn.gov.ng/PaymentsSystem/PSPs.html,No clean disclosed funding total in free sources used for this build; listed for directory coverage.,2026-09-25
Coreinnovate Digital Solutions,Fintech,Coreinnovate Digital Solutions: FCCPC-registered digital money lender / consumer credit apps.,,FCCPC,Digital Money Lender,Listed,Nigeria,,Nigeria,,Fintech,,,Undisclosed,2,Directory listing; funding undisclosed in free sources used.,CAC; NDPR; FCCPC-registered Digital Money Lender (DML).,Yes,"Offer automation/ML to fintech ops (recon, KYC, collections).",Low,https://fccpc.gov.ng/registration-of-digital-money-lenders/approvals-of-dmls/,No clean disclosed funding total in free sources used for this build; listed for directory coverage.,2026-09-25
Corelith Tech,Fintech,Corelith Tech: FCCPC-registered digital money lender / consumer credit apps.,,FCCPC,Digital Money Lender,Listed,Nigeria,,Nigeria,,Fintech,,,Undisclosed,2,Directory listing; funding undisclosed in free sources used.,CAC; NDPR; FCCPC-registered Digital Money Lender (DML).,Yes,"Offer automation/ML to fintech ops (recon, KYC, collections).",Low,https://fccpc.gov.ng/registration-of-digital-money-lenders/approvals-of-dmls/,No clean disclosed funding total in free sources used for this build; listed for directory coverage.,2026-09-25
Corestone Technology,Fintech,Corestone Technology: FCCPC-registered digital money lender / consumer credit apps.,,FCCPC,Digital Money Lender,Listed,Nigeria,,Nigeria,,Fintech,,,Undisclosed,2,Directory listing; funding undisclosed in free sources used.,CAC; NDPR; FCCPC-registered Digital Money Lender (DML).,Yes,"Offer automation/ML to fintech ops (recon, KYC, collections).",Low,https://fccpc.gov.ng/registration-of-digital-money-lenders/approvals-of-dmls/,No clean disclosed funding total in free sources used for this build; listed for directory coverage.,2026-09-25
Cornerblocks Services,Fintech,Cornerblocks Services: FCCPC-registered digital money lender / consumer credit apps.,,FCCPC,Digital Money Lender,Listed,Nigeria,,Nigeria,,Fintech,,,Undisclosed,2,Directory listing; funding undisclosed in free sources used.,CAC; NDPR; FCCPC-registered Digital Money Lender (DML).,Yes,"Offer automation/ML to fintech ops (recon, KYC, collections).",Low,https://fccpc.gov.ng/registration-of-digital-money-lenders/approvals-of-dmls/,No clean disclosed funding total in free sources used for this build; listed for directory coverage.,2026-09-25
Cosmotribe Technology,Fintech,Cosmotribe Technology: FCCPC-registered digital money lender / consumer credit apps.,,FCCPC,Digital Money Lender,Listed,Nigeria,,Nigeria,,Fintech,,,Undisclosed,2,Directory listing; funding undisclosed in free sources used.,CAC; NDPR; FCCPC-registered Digital Money Lender (DML).,Yes,"Offer automation/ML to fintech ops (recon, KYC, collections).",Low,https://fccpc.gov.ng/registration-of-digital-money-lenders/approvals-of-dmls/,No clean disclosed funding total in free sources used for this build; listed for directory coverage.,2026-09-25
Cowrie Integrated Systems,Fintech,Cowrie Integrated Systems: CBN-licensed International Money Transfer Operator.,,CBN,IMTO,Listed,Nigeria,,Nigeria,,Fintech,,,Undisclosed,2,Directory listing; funding undisclosed in free sources used.,CAC; NDPR; CBN International Money Transfer Operator (IMTO).,Yes,"Offer automation/ML to fintech ops (recon, KYC, collections).",Low,https://www.cbn.gov.ng/PaymentsSystem/InternationalMoneyTransferOperators.html,No clean disclosed funding total in free sources used for this build; listed for directory coverage.,2026-09-25
Cowry Finance Company,Fintech,Cowry Finance Company: FCCPC-registered digital money lender / consumer credit apps.,,FCCPC,Digital Money Lender,Listed,Nigeria,,Nigeria,,Fintech,,,Undisclosed,2,Directory listing; funding undisclosed in free sources used.,CAC; NDPR; FCCPC-registered Digital Money Lender (DML).,Yes,"Offer automation/ML to fintech ops (recon, KYC, collections).",Low,https://fccpc.gov.ng/registration-of-digital-money-lenders/approvals-of-dmls/,No clean disclosed funding total in free sources used for this build; listed for directory coverage.,2026-09-25
Cp Express,Fintech,Cp Express: CBN-licensed International Money Transfer Operator.,,CBN,IMTO,Listed,Nigeria,,Nigeria,,Fintech,,,Undisclosed,2,Directory listing; funding undisclosed in free sources used.,CAC; NDPR; CBN International Money Transfer Operator (IMTO).,Yes,"Offer automation/ML to fintech ops (recon, KYC, collections).",Low,https://www.cbn.gov.ng/PaymentsSystem/InternationalMoneyTransferOperators.html,No clean disclosed funding total in free sources used for this build; listed for directory coverage.,2026-09-25
Credility Fin Services,Fintech,Credility Fin Services: FCCPC-registered digital money lender / consumer credit apps.,,FCCPC,Digital Money Lender,Listed,Nigeria,,Nigeria,,Fintech,,,Undisclosed,2,Directory listing; funding undisclosed in free sources used.,CAC; NDPR; FCCPC-registered Digital Money Lender (DML).,Yes,"Offer automation/ML to fintech ops (recon, KYC, collections).",Low,https://fccpc.gov.ng/registration-of-digital-money-lenders/approvals-of-dmls/,No clean disclosed funding total in free sources used for this build; listed for directory coverage.,2026-09-25
Credinova Microfinance,Fintech,Credinova Microfinance: FCCPC-registered digital money lender / consumer credit apps.,,FCCPC,Digital Money Lender,Listed,Nigeria,,Nigeria,,Fintech,,,Undisclosed,2,Directory listing; funding undisclosed in free sources used.,CAC; NDPR; FCCPC-registered Digital Money Lender (DML).,Yes,"Offer automation/ML to fintech ops (recon, KYC, collections).",Low,https://fccpc.gov.ng/registration-of-digital-money-lenders/approvals-of-dmls/,No clean disclosed funding total in free sources used for this build; listed for directory coverage.,2026-09-25
Credio Banco,Fintech,Credio Banco: FCCPC-registered digital money lender / consumer credit apps.,,FCCPC,Digital Money Lender,Listed,Nigeria,,Nigeria,,Fintech,,,Undisclosed,2,Directory listing; funding undisclosed in free sources used.,CAC; NDPR; FCCPC-registered Digital Money Lender (DML).,Yes,"Offer automation/ML to fintech ops (recon, KYC, collections).",Low,https://fccpc.gov.ng/registration-of-digital-money-lenders/approvals-of-dmls/,No clean disclosed funding total in free sources used for this build; listed for directory coverage.,2026-09-25
Credisurge Lending,Fintech,Credisurge Lending: FCCPC-registered digital money lender / consumer credit apps.,,FCCPC,Digital Money Lender,Listed,Nigeria,,Nigeria,,Fintech,,,Undisclosed,2,Directory listing; funding undisclosed in free sources used.,CAC; NDPR; FCCPC-registered Digital Money Lender (DML).,Yes,"Offer automation/ML to fintech ops (recon, KYC, collections).",Low,https://fccpc.gov.ng/registration-of-digital-money-lenders/approvals-of-dmls/,No clean disclosed funding total in free sources used for this build; listed for directory coverage.,2026-09-25
Credit365,Fintech,Credit365: FCCPC-registered digital money lender / consumer credit apps.,,FCCPC,Digital Money Lender,Listed,Nigeria,,Nigeria,,Fintech,,,Undisclosed,2,Directory listing; funding undisclosed in free sources used.,CAC; NDPR; FCCPC-registered Digital Money Lender (DML).,Yes,"Offer automation/ML to fintech ops (recon, KYC, collections).",Low,https://fccpc.gov.ng/registration-of-digital-money-lenders/approvals-of-dmls/,No clean disclosed funding total in free sources used for this build; listed for directory coverage.,2026-09-25
Creditaccess,Fintech,Creditaccess: FCCPC-registered digital money lender / consumer credit apps.,,FCCPC,Digital Money Lender,Listed,Nigeria,,Nigeria,,Fintech,,,Undisclosed,2,Directory listing; funding undisclosed in free sources used.,CAC; NDPR; FCCPC-registered Digital Money Lender (DML).,Yes,"Offer automation/ML to fintech ops (recon, KYC, collections).",Low,https://fccpc.gov.ng/registration-of-digital-money-lenders/approvals-of-dmls/,No clean disclosed funding total in free sources used for this build; listed for directory coverage.,2026-09-25
Creditclan Tech,Fintech,Creditclan Tech: FCCPC-registered digital money lender / consumer credit apps.,,FCCPC,Digital Money Lender,Listed,Nigeria,,Nigeria,,Fintech,,,Undisclosed,2,Directory listing; funding undisclosed in free sources used.,CAC; NDPR; FCCPC-registered Digital Money Lender (DML).,Yes,"Offer automation/ML to fintech ops (recon, KYC, collections).",Low,https://fccpc.gov.ng/registration-of-digital-money-lenders/approvals-of-dmls/,No clean disclosed funding total in free sources used for this build; listed for directory coverage.,2026-09-25
Creditech Technology,Fintech,Creditech Technology: FCCPC-registered digital money lender / consumer credit apps.,,FCCPC,Digital Money Lender,Listed,Nigeria,,Nigeria,,Fintech,,,Undisclosed,2,Directory listing; funding undisclosed in free sources used.,CAC; NDPR; FCCPC-registered Digital Money Lender (DML).,Yes,"Offer automation/ML to fintech ops (recon, KYC, collections).",Low,https://fccpc.gov.ng/registration-of-digital-money-lenders/approvals-of-dmls/,No clean disclosed funding total in free sources used for this build; listed for directory coverage.,2026-09-25
Creditmax Lending,Fintech,Creditmax Lending: FCCPC-registered digital money lender / consumer credit apps.,,FCCPC,Digital Money Lender,Listed,Nigeria,,Nigeria,,Fintech,,,Undisclosed,2,Directory listing; funding undisclosed in free sources used.,CAC; NDPR; FCCPC-registered Digital Money Lender (DML).,Yes,"Offer automation/ML to fintech ops (recon, KYC, collections).",Low,https://fccpc.gov.ng/registration-of-digital-money-lenders/approvals-of-dmls/,No clean disclosed funding total in free sources used for this build; listed for directory coverage.,2026-09-25
Creditpro Business Support Services,Fintech,Creditpro Business Support Services: FCCPC-registered digital money lender / consumer credit apps.,,FCCPC,Digital Money Lender,Listed,Nigeria,,Nigeria,,Fintech,,,Undisclosed,2,Directory listing; funding undisclosed in free sources used.,CAC; NDPR; FCCPC-registered Digital Money Lender (DML).,Yes,"Offer automation/ML to fintech ops (recon, KYC, collections).",Low,https://fccpc.gov.ng/registration-of-digital-money-lenders/approvals-of-dmls/,No clean disclosed funding total in free sources used for this build; listed for directory coverage.,2026-09-25
Creditville Microfinance Bank,Fintech,Creditville Microfinance Bank: FCCPC-registered digital money lender / consumer credit apps.,,FCCPC,Digital Money Lender,Listed,Nigeria,,Nigeria,,Fintech,,,Undisclosed,2,Directory listing; funding undisclosed in free sources used.,CAC; NDPR; FCCPC-registered Digital Money Lender (DML).,Yes,"Offer automation/ML to fintech ops (recon, KYC, collections).",Low,https://fccpc.gov.ng/registration-of-digital-money-lenders/approvals-of-dmls/,No clean disclosed funding total in free sources used for this build; listed for directory coverage.,2026-09-25
Creditwave Finance,Fintech,Creditwave Finance: FCCPC-registered digital money lender / consumer credit apps.,,FCCPC,Digital Money Lender,Listed,Nigeria,,Nigeria,,Fintech,,,Undisclosed,2,Directory listing; funding undisclosed in free sources used.,CAC; NDPR; FCCPC-registered Digital Money Lender (DML).,Yes,"Offer automation/ML to fintech ops (recon, KYC, collections).",Low,https://fccpc.gov.ng/registration-of-digital-money-lenders/approvals-of-dmls/,No clean disclosed funding total in free sources used for this build; listed for directory coverage.,2026-09-25
Creditze,Fintech,Creditze: FCCPC-registered digital money lender / consumer credit apps.,,FCCPC,Digital Money Lender,Listed,Nigeria,,Nigeria,,Fintech,,,Undisclosed,2,Directory listing; funding undisclosed in free sources used.,CAC; NDPR; FCCPC-registered Digital Money Lender (DML).,Yes,"Offer automation/ML to fintech ops (recon, KYC, collections).",Low,https://fccpc.gov.ng/registration-of-digital-money-lenders/approvals-of-dmls/,No clean disclosed funding total in free sources used for this build; listed for directory coverage.,2026-09-25
Credlanche,Fintech,Credlanche: FCCPC-registered digital money lender / consumer credit apps.,,FCCPC,Digital Money Lender,Listed,Nigeria,,Nigeria,,Fintech,,,Undisclosed,2,Directory listing; funding undisclosed in free sources used.,CAC; NDPR; FCCPC-registered Digital Money Lender (DML).,Yes,"Offer automation/ML to fintech ops (recon, KYC, collections).",Low,https://fccpc.gov.ng/registration-of-digital-money-lenders/approvals-of-dmls/,No clean disclosed funding total in free sources used for this build; listed for directory coverage.,2026-09-25
Credlock,Fintech,Credlock: FCCPC-registered digital money lender / consumer credit apps.,,FCCPC,Digital Money Lender,Listed,Nigeria,,Nigeria,,Fintech,,,Undisclosed,2,Directory listing; funding undisclosed in free sources used.,CAC; NDPR; FCCPC-registered Digital Money Lender (DML).,Yes,"Offer automation/ML to fintech ops (recon, KYC, collections).",Low,https://fccpc.gov.ng/registration-of-digital-money-lenders/approvals-of-dmls/,No clean disclosed funding total in free sources used for this build; listed for directory coverage.,2026-09-25
Crednet Technologies,Fintech,Crednet Technologies: FCCPC-registered digital money lender / consumer credit apps.,,FCCPC,Digital Money Lender,Listed,Nigeria,,Nigeria,,Fintech,,,Undisclosed,2,Directory listing; funding undisclosed in free sources used.,CAC; NDPR; FCCPC-registered Digital Money Lender (DML).,Yes,"Offer automation/ML to fintech ops (recon, KYC, collections).",Low,https://fccpc.gov.ng/registration-of-digital-money-lenders/approvals-of-dmls/,No clean disclosed funding total in free sources used for this build; listed for directory coverage.,2026-09-25
Credo Tech,Fintech,Credo Tech: FCCPC-registered digital money lender / consumer credit apps.,,FCCPC,Digital Money Lender,Listed,Nigeria,,Nigeria,,Fintech,,,Undisclosed,2,Directory listing; funding undisclosed in free sources used.,CAC; NDPR; FCCPC-registered Digital Money Lender (DML).,Yes,"Offer automation/ML to fintech ops (recon, KYC, collections).",Low,https://fccpc.gov.ng/registration-of-digital-money-lenders/approvals-of-dmls/,No clean disclosed funding total in free sources used for this build; listed for directory coverage.,2026-09-25
Credpay Fintech,Fintech,Credpay Fintech: FCCPC-registered digital money lender / consumer credit apps.,,FCCPC,Digital Money Lender,Listed,Nigeria,,Nigeria,,Fintech,,,Undisclosed,2,Directory listing; funding undisclosed in free sources used.,CAC; NDPR; FCCPC-registered Digital Money Lender (DML).,Yes,"Offer automation/ML to fintech ops (recon, KYC, collections).",Low,https://fccpc.gov.ng/registration-of-digital-money-lenders/approvals-of-dmls/,No clean disclosed funding total in free sources used for this build; listed for directory coverage.,2026-09-25
Credverse Comms,Fintech,Credverse Comms: FCCPC-registered digital money lender / consumer credit apps.,,FCCPC,Digital Money Lender,Listed,Nigeria,,Nigeria,,Fintech,,,Undisclosed,2,Directory listing; funding undisclosed in free sources used.,CAC; NDPR; FCCPC-registered Digital Money Lender (DML).,Yes,"Offer automation/ML to fintech ops (recon, KYC, collections).",Low,https://fccpc.gov.ng/registration-of-digital-money-lenders/approvals-of-dmls/,No clean disclosed funding total in free sources used for this build; listed for directory coverage.,2026-09-25
Credx,Fintech,Credx: FCCPC-registered digital money lender / consumer credit apps.,,FCCPC,Digital Money Lender,Listed,Nigeria,,Nigeria,,Fintech,,,Undisclosed,2,Directory listing; funding undisclosed in free sources used.,CAC; NDPR; FCCPC-registered Digital Money Lender (DML).,Yes,"Offer automation/ML to fintech ops (recon, KYC, collections).",Low,https://fccpc.gov.ng/registration-of-digital-money-lenders/approvals-of-dmls/,No clean disclosed funding total in free sources used for this build; listed for directory coverage.,2026-09-25
Crestbeam,Fintech,Crestbeam: FCCPC-registered digital money lender / consumer credit apps.,,FCCPC,Digital Money Lender,Listed,Nigeria,,Nigeria,,Fintech,,,Undisclosed,2,Directory listing; funding undisclosed in free sources used.,CAC; NDPR; FCCPC-registered Digital Money Lender (DML).,Yes,"Offer automation/ML to fintech ops (recon, KYC, collections).",Low,https://fccpc.gov.ng/registration-of-digital-money-lenders/approvals-of-dmls/,No clean disclosed funding total in free sources used for this build; listed for directory coverage.,2026-09-25
Crestdigital Technology,Fintech,Crestdigital Technology: FCCPC-registered digital money lender / consumer credit apps.,,FCCPC,Digital Money Lender,Listed,Nigeria,,Nigeria,,Fintech,,,Undisclosed,2,Directory listing; funding undisclosed in free sources used.,CAC; NDPR; FCCPC-registered Digital Money Lender (DML).,Yes,"Offer automation/ML to fintech ops (recon, KYC, collections).",Low,https://fccpc.gov.ng/registration-of-digital-money-lenders/approvals-of-dmls/,No clean disclosed funding total in free sources used for this build; listed for directory coverage.,2026-09-25
Crevance Credit,Fintech,Crevance Credit: FCCPC-registered digital money lender / consumer credit apps.,,FCCPC,Digital Money Lender,Listed,Nigeria,,Nigeria,,Fintech,,,Undisclosed,2,Directory listing; funding undisclosed in free sources used.,CAC; NDPR; FCCPC-registered Digital Money Lender (DML).,Yes,"Offer automation/ML to fintech ops (recon, KYC, collections).",Low,https://fccpc.gov.ng/registration-of-digital-money-lenders/approvals-of-dmls/,No clean disclosed funding total in free sources used for this build; listed for directory coverage.,2026-09-25
Crossroad E-Payment Systems,Fintech,Crossroad E-Payment Systems: FCCPC-registered digital money lender / consumer credit apps.,,FCCPC,Digital Money Lender,Listed,Nigeria,,Nigeria,,Fintech,,,Undisclosed,2,Directory listing; funding undisclosed in free sources used.,CAC; NDPR; FCCPC-registered Digital Money Lender (DML).,Yes,"Offer automation/ML to fintech ops (recon, KYC, collections).",Low,https://fccpc.gov.ng/registration-of-digital-money-lenders/approvals-of-dmls/,No clean disclosed funding total in free sources used for this build; listed for directory coverage.,2026-09-25
Crowd Force,Fintech,Crowd Force: CBN-authorised Super-Agent for agency banking distribution.,,CBN,Super-Agent,Listed,Nigeria,,Nigeria,,B2B2C agency banking,,,Undisclosed,2,Directory listing; funding undisclosed in free sources used.,CBN Super-Agent; agent network compliance; NDPR; CAC.,Yes,Sell agent performance and AML monitoring to Super-Agents.,Med,https://www.cbn.gov.ng/PaymentsSystem/PSPs.html,No clean disclosed funding total in free sources used for this build; listed for directory coverage.,2026-09-25
Crown Teck,Fintech,Crown Teck: FCCPC-registered digital money lender / consumer credit apps.,,FCCPC,Digital Money Lender,Listed,Nigeria,,Nigeria,,Fintech,,,Undisclosed,2,Directory listing; funding undisclosed in free sources used.,CAC; NDPR; FCCPC-registered Digital Money Lender (DML).,Yes,"Offer automation/ML to fintech ops (recon, KYC, collections).",Low,https://fccpc.gov.ng/registration-of-digital-money-lenders/approvals-of-dmls/,No clean disclosed funding total in free sources used for this build; listed for directory coverage.,2026-09-25
Crust Dew,Fintech,Crust Dew: FCCPC-registered digital money lender / consumer credit apps.,,FCCPC,Digital Money Lender,Listed,Nigeria,,Nigeria,,Fintech,,,Undisclosed,2,Directory listing; funding undisclosed in free sources used.,CAC; NDPR; FCCPC-registered Digital Money Lender (DML).,Yes,"Offer automation/ML to fintech ops (recon, KYC, collections).",Low,https://fccpc.gov.ng/registration-of-digital-money-lenders/approvals-of-dmls/,No clean disclosed funding total in free sources used for this build; listed for directory coverage.,2026-09-25
Crystal Amber,Fintech,Crystal Amber: FCCPC-registered digital money lender / consumer credit apps.,,FCCPC,Digital Money Lender,Listed,Nigeria,,Nigeria,,Fintech,,,Undisclosed,2,Directory listing; funding undisclosed in free sources used.,CAC; NDPR; FCCPC-registered Digital Money Lender (DML).,Yes,"Offer automation/ML to fintech ops (recon, KYC, collections).",Low,https://fccpc.gov.ng/registration-of-digital-money-lenders/approvals-of-dmls/,No clean disclosed funding total in free sources used for this build; listed for directory coverage.,2026-09-25
Csense,Fintech,Csense: FCCPC-registered digital money lender / consumer credit apps.,,FCCPC,Digital Money Lender,Listed,Nigeria,,Nigeria,,Fintech,,,Undisclosed,2,Directory listing; funding undisclosed in free sources used.,CAC; NDPR; FCCPC-registered Digital Money Lender (DML).,Yes,"Offer automation/ML to fintech ops (recon, KYC, collections).",Low,https://fccpc.gov.ng/registration-of-digital-money-lenders/approvals-of-dmls/,No clean disclosed funding total in free sources used for this build; listed for directory coverage.,2026-09-25
Csl Pay,Fintech,Csl Pay: CBN-licensed International Money Transfer Operator.,,CBN,IMTO,Listed,Nigeria,,Nigeria,,Fintech,,,Undisclosed,2,Directory listing; funding undisclosed in free sources used.,CAC; NDPR; CBN International Money Transfer Operator (IMTO).,Yes,"Offer automation/ML to fintech ops (recon, KYC, collections).",Low,https://www.cbn.gov.ng/PaymentsSystem/InternationalMoneyTransferOperators.html,No clean disclosed funding total in free sources used for this build; listed for directory coverage.,2026-09-25
Currenzo,Fintech,Currenzo: CBN-licensed International Money Transfer Operator.,,CBN,IMTO,Listed,Nigeria,,Nigeria,,Fintech,,,Undisclosed,2,Directory listing; funding undisclosed in free sources used.,CAC; NDPR; CBN International Money Transfer Operator (IMTO).,Yes,"Offer automation/ML to fintech ops (recon, KYC, collections).",Low,https://www.cbn.gov.ng/PaymentsSystem/InternationalMoneyTransferOperators.html,No clean disclosed funding total in free sources used for this build; listed for directory coverage.,2026-09-25
Customercraft,Fintech,Customercraft: FCCPC-registered digital money lender / consumer credit apps.,,FCCPC,Digital Money Lender,Listed,Nigeria,,Nigeria,,Fintech,,,Undisclosed,2,Directory listing; funding undisclosed in free sources used.,CAC; NDPR; FCCPC-registered Digital Money Lender (DML).,Yes,"Offer automation/ML to fintech ops (recon, KYC, collections).",Low,https://fccpc.gov.ng/registration-of-digital-money-lenders/approvals-of-dmls/,No clean disclosed funding total in free sources used for this build; listed for directory coverage.,2026-09-25
Cwh Success,Fintech,Cwh Success: FCCPC-registered digital money lender / consumer credit apps.,,FCCPC,Digital Money Lender,Listed,Nigeria,,Nigeria,,Fintech,,,Undisclosed,2,Directory listing; funding undisclosed in free sources used.,CAC; NDPR; FCCPC-registered Digital Money Lender (DML).,Yes,"Offer automation/ML to fintech ops (recon, KYC, collections).",Low,https://fccpc.gov.ng/registration-of-digital-money-lenders/approvals-of-dmls/,No clean disclosed funding total in free sources used for this build; listed for directory coverage.,2026-09-25
Cyberpay,Fintech,Cyberpay: CBN-authorised Payment Solutions Service Provider (gateway/merchant collections).,,CBN,PSSP,Listed,Nigeria,,Nigeria,,Fintech,,,Undisclosed,2,Directory listing; funding undisclosed in free sources used.,CAC; NDPR; CBN PSSP.,Yes,"Offer automation/ML to fintech ops (recon, KYC, collections).",Low,https://www.cbn.gov.ng/PaymentsSystem/PSPs.html,No clean disclosed funding total in free sources used for this build; listed for directory coverage.,2026-09-25
D-Way Services,Fintech,D-Way Services: CBN-licensed International Money Transfer Operator.,,CBN,IMTO,Listed,Nigeria,,Nigeria,,Fintech,,,Undisclosed,2,Directory listing; funding undisclosed in free sources used.,CAC; NDPR; CBN International Money Transfer Operator (IMTO).,Yes,"Offer automation/ML to fintech ops (recon, KYC, collections).",Low,https://www.cbn.gov.ng/PaymentsSystem/InternationalMoneyTransferOperators.html,No clean disclosed funding total in free sources used for this build; listed for directory coverage.,2026-09-25
Daneizo Trade Africa,Fintech,Daneizo Trade Africa: FCCPC-registered digital money lender / consumer credit apps.,,FCCPC,Digital Money Lender,Listed,Nigeria,,Nigeria,,Fintech,,,Undisclosed,2,Directory listing; funding undisclosed in free sources used.,CAC; NDPR; FCCPC-registered Digital Money Lender (DML).,Yes,"Offer automation/ML to fintech ops (recon, KYC, collections).",Low,https://fccpc.gov.ng/registration-of-digital-money-lenders/approvals-of-dmls/,No clean disclosed funding total in free sources used for this build; listed for directory coverage.,2026-09-25
Dash Innovation Business Links West Africa,Fintech,Dash Innovation Business Links West Africa: FCCPC-registered digital money lender / consumer credit apps.,,FCCPC,Digital Money Lender,Listed,Nigeria,,Nigeria,,Fintech,,,Undisclosed,2,Directory listing; funding undisclosed in free sources used.,CAC; NDPR; FCCPC-registered Digital Money Lender (DML).,Yes,"Offer automation/ML to fintech ops (recon, KYC, collections).",Low,https://fccpc.gov.ng/registration-of-digital-money-lenders/approvals-of-dmls/,No clean disclosed funding total in free sources used for this build; listed for directory coverage.,2026-09-25
Datapower Global Services,Fintech,Datapower Global Services: FCCPC-registered digital money lender / consumer credit apps.,,FCCPC,Digital Money Lender,Listed,Nigeria,,Nigeria,,Fintech,,,Undisclosed,2,Directory listing; funding undisclosed in free sources used.,CAC; NDPR; FCCPC-registered Digital Money Lender (DML).,Yes,"Offer automation/ML to fintech ops (recon, KYC, collections).",Low,https://fccpc.gov.ng/registration-of-digital-money-lenders/approvals-of-dmls/,No clean disclosed funding total in free sources used for this build; listed for directory coverage.,2026-09-25
De Fintek Investment,Fintech,De Fintek Investment: FCCPC-registered digital money lender / consumer credit apps.,,FCCPC,Digital Money Lender,Listed,Nigeria,,Nigeria,,Fintech,,,Undisclosed,2,Directory listing; funding undisclosed in free sources used.,CAC; NDPR; FCCPC-registered Digital Money Lender (DML).,Yes,"Offer automation/ML to fintech ops (recon, KYC, collections).",Low,https://fccpc.gov.ng/registration-of-digital-money-lenders/approvals-of-dmls/,No clean disclosed funding total in free sources used for this build; listed for directory coverage.,2026-09-25
De Valueguard,Fintech,De Valueguard: FCCPC-registered digital money lender / consumer credit apps.,,FCCPC,Digital Money Lender,Listed,Nigeria,,Nigeria,,Fintech,,,Undisclosed,2,Directory listing; funding undisclosed in free sources used.,CAC; NDPR; FCCPC-registered Digital Money Lender (DML).,Yes,"Offer automation/ML to fintech ops (recon, KYC, collections).",Low,https://fccpc.gov.ng/registration-of-digital-money-lenders/approvals-of-dmls/,No clean disclosed funding total in free sources used for this build; listed for directory coverage.,2026-09-25
Deerleap Tech Company,Fintech,Deerleap Tech Company: FCCPC-registered digital money lender / consumer credit apps.,,FCCPC,Digital Money Lender,Listed,Nigeria,,Nigeria,,Fintech,,,Undisclosed,2,Directory listing; funding undisclosed in free sources used.,CAC; NDPR; FCCPC-registered Digital Money Lender (DML).,Yes,"Offer automation/ML to fintech ops (recon, KYC, collections).",Low,https://fccpc.gov.ng/registration-of-digital-money-lenders/approvals-of-dmls/,No clean disclosed funding total in free sources used for this build; listed for directory coverage.,2026-09-25
Demerge,Fintech,Demerge: CBN-authorised Payment Solutions Service Provider (gateway/merchant collections).,,CBN,PSSP,Listed,Nigeria,,Nigeria,,Fintech,,,Undisclosed,2,Directory listing; funding undisclosed in free sources used.,CAC; NDPR; CBN PSSP.,Yes,"Offer automation/ML to fintech ops (recon, KYC, collections).",Low,https://www.cbn.gov.ng/PaymentsSystem/PSPs.html,No clean disclosed funding total in free sources used for this build; listed for directory coverage.,2026-09-25
Denvon Lending,Fintech,Denvon Lending: FCCPC-registered digital money lender / consumer credit apps.,,FCCPC,Digital Money Lender,Listed,Nigeria,,Nigeria,,Fintech,,,Undisclosed,2,Directory listing; funding undisclosed in free sources used.,CAC; NDPR; FCCPC-registered Digital Money Lender (DML).,Yes,"Offer automation/ML to fintech ops (recon, KYC, collections).",Low,https://fccpc.gov.ng/registration-of-digital-money-lenders/approvals-of-dmls/,No clean disclosed funding total in free sources used for this build; listed for directory coverage.,2026-09-25
Deshaven,Fintech,Deshaven: FCCPC-registered digital money lender / consumer credit apps.,,FCCPC,Digital Money Lender,Listed,Nigeria,,Nigeria,,Fintech,,,Undisclosed,2,Directory listing; funding undisclosed in free sources used.,CAC; NDPR; FCCPC-registered Digital Money Lender (DML).,Yes,"Offer automation/ML to fintech ops (recon, KYC, collections).",Low,https://fccpc.gov.ng/registration-of-digital-money-lenders/approvals-of-dmls/,No clean disclosed funding total in free sources used for this build; listed for directory coverage.,2026-09-25
Devtage Financial Services,Fintech,Devtage Financial Services: FCCPC-registered digital money lender / consumer credit apps.,,FCCPC,Digital Money Lender,Listed,Nigeria,,Nigeria,,Fintech,,,Undisclosed,2,Directory listing; funding undisclosed in free sources used.,CAC; NDPR; FCCPC-registered Digital Money Lender (DML).,Yes,"Offer automation/ML to fintech ops (recon, KYC, collections).",Low,https://fccpc.gov.ng/registration-of-digital-money-lenders/approvals-of-dmls/,No clean disclosed funding total in free sources used for this build; listed for directory coverage.,2026-09-25
Dgnravepay,Fintech,Dgnravepay: FCCPC-registered digital money lender / consumer credit apps.,,FCCPC,Digital Money Lender,Listed,Nigeria,,Nigeria,,Fintech,,,Undisclosed,2,Directory listing; funding undisclosed in free sources used.,CAC; NDPR; FCCPC-registered Digital Money Lender (DML).,Yes,"Offer automation/ML to fintech ops (recon, KYC, collections).",Low,https://fccpc.gov.ng/registration-of-digital-money-lenders/approvals-of-dmls/,No clean disclosed funding total in free sources used for this build; listed for directory coverage.,2026-09-25
Digital Cheetah,Fintech,Digital Cheetah: FCCPC-registered digital money lender / consumer credit apps.,,FCCPC,Digital Money Lender,Listed,Nigeria,,Nigeria,,Fintech,,,Undisclosed,2,Directory listing; funding undisclosed in free sources used.,CAC; NDPR; FCCPC-registered Digital Money Lender (DML).,Yes,"Offer automation/ML to fintech ops (recon, KYC, collections).",Low,https://fccpc.gov.ng/registration-of-digital-money-lenders/approvals-of-dmls/,No clean disclosed funding total in free sources used for this build; listed for directory coverage.,2026-09-25
Digital Delight Integrated Support Service,Fintech,Digital Delight Integrated Support Service: FCCPC-registered digital money lender / consumer credit apps.,,FCCPC,Digital Money Lender,Listed,Nigeria,,Nigeria,,Fintech,,,Undisclosed,2,Directory listing; funding undisclosed in free sources used.,CAC; NDPR; FCCPC-registered Digital Money Lender (DML).,Yes,"Offer automation/ML to fintech ops (recon, KYC, collections).",Low,https://fccpc.gov.ng/registration-of-digital-money-lenders/approvals-of-dmls/,No clean disclosed funding total in free sources used for this build; listed for directory coverage.,2026-09-25
Digitmonie,Fintech,Digitmonie: FCCPC-registered digital money lender / consumer credit apps.,,FCCPC,Digital Money Lender,Listed,Nigeria,,Nigeria,,Fintech,,,Undisclosed,2,Directory listing; funding undisclosed in free sources used.,CAC; NDPR; FCCPC-registered Digital Money Lender (DML).,Yes,"Offer automation/ML to fintech ops (recon, KYC, collections).",Low,https://fccpc.gov.ng/registration-of-digital-money-lenders/approvals-of-dmls/,No clean disclosed funding total in free sources used for this build; listed for directory coverage.,2026-09-25
Direct Bridge,Fintech,Direct Bridge: FCCPC-registered digital money lender / consumer credit apps.,,FCCPC,Digital Money Lender,Listed,Nigeria,,Nigeria,,Fintech,,,Undisclosed,2,Directory listing; funding undisclosed in free sources used.,CAC; NDPR; FCCPC-registered Digital Money Lender (DML).,Yes,"Offer automation/ML to fintech ops (recon, KYC, collections).",Low,https://fccpc.gov.ng/registration-of-digital-money-lenders/approvals-of-dmls/,No clean disclosed funding total in free sources used for this build; listed for directory coverage.,2026-09-25
Direkt Wire Uk,Fintech,Direkt Wire Uk: CBN-licensed International Money Transfer Operator.,,CBN,IMTO,Listed,Nigeria,,Nigeria,,Fintech,,,Undisclosed,2,Directory listing; funding undisclosed in free sources used.,CAC; NDPR; CBN International Money Transfer Operator (IMTO).,Yes,"Offer automation/ML to fintech ops (recon, KYC, collections).",Low,https://www.cbn.gov.ng/PaymentsSystem/InternationalMoneyTransferOperators.html,No clean disclosed funding total in free sources used for this build; listed for directory coverage.,2026-09-25
Doja Lemaire Global,Fintech,Doja Lemaire Global: FCCPC-registered digital money lender / consumer credit apps.,,FCCPC,Digital Money Lender,Listed,Nigeria,,Nigeria,,Fintech,,,Undisclosed,2,Directory listing; funding undisclosed in free sources used.,CAC; NDPR; FCCPC-registered Digital Money Lender (DML).,Yes,"Offer automation/ML to fintech ops (recon, KYC, collections).",Low,https://fccpc.gov.ng/registration-of-digital-money-lenders/approvals-of-dmls/,No clean disclosed funding total in free sources used for this build; listed for directory coverage.,2026-09-25
Dojah,Fintech,Fraud prevention and identity onboarding APIs; YC-backed.,,YC,YC Startup,Listed,Lagos,Lagos,Nigeria,,Fintech,,,Undisclosed,2,Directory listing; funding undisclosed in free sources used.,CAC; NDPR; often CBN PSP/MMO/IMTO and/or FCCPC DML; SEC if capital-markets.,Yes,"Offer automation/ML to fintech ops (recon, KYC, collections).",Med,https://www.ycombinator.com/companies,No clean disclosed funding total in free sources used for this build; listed for directory coverage.,2026-09-25
Doku Technology,Fintech,Doku Technology: FCCPC-registered digital money lender / consumer credit apps.,,FCCPC,Digital Money Lender,Listed,Nigeria,,Nigeria,,Fintech,,,Undisclosed,2,Directory listing; funding undisclosed in free sources used.,CAC; NDPR; FCCPC-registered Digital Money Lender (DML).,Yes,"Offer automation/ML to fintech ops (recon, KYC, collections).",Low,https://fccpc.gov.ng/registration-of-digital-money-lenders/approvals-of-dmls/,No clean disclosed funding total in free sources used for this build; listed for directory coverage.,2026-09-25
Dominion Merchants & Partners,Fintech,Dominion Merchants & Partners: FCCPC-registered digital money lender / consumer credit apps.,,FCCPC,Digital Money Lender,Listed,Nigeria,,Nigeria,,Fintech,,,Undisclosed,2,Directory listing; funding undisclosed in free sources used.,CAC; NDPR; FCCPC-registered Digital Money Lender (DML).,Yes,"Offer automation/ML to fintech ops (recon, KYC, collections).",Low,https://fccpc.gov.ng/registration-of-digital-money-lenders/approvals-of-dmls/,No clean disclosed funding total in free sources used for this build; listed for directory coverage.,2026-09-25
Dot Financial Inclusion Technologies,Fintech,Dot Financial Inclusion Technologies: CBN-authorised Payment Solutions Service Provider (gateway/merchant collections).,,CBN,PSSP,Listed,Nigeria,,Nigeria,,Fintech,,,Undisclosed,2,Directory listing; funding undisclosed in free sources used.,CAC; NDPR; CBN PSSP.,Yes,"Offer automation/ML to fintech ops (recon, KYC, collections).",Low,https://www.cbn.gov.ng/PaymentsSystem/PSPs.html,No clean disclosed funding total in free sources used for this build; listed for directory coverage.,2026-09-25
Dot Microfinance Bank,Fintech,Dot Microfinance Bank: FCCPC-registered digital money lender / consumer credit apps.,,FCCPC,Digital Money Lender,Listed,Nigeria,,Nigeria,,Fintech,,,Undisclosed,2,Directory listing; funding undisclosed in free sources used.,CAC; NDPR; FCCPC-registered Digital Money Lender (DML).,Yes,"Offer automation/ML to fintech ops (recon, KYC, collections).",Low,https://fccpc.gov.ng/registration-of-digital-money-lenders/approvals-of-dmls/,No clean disclosed funding total in free sources used for this build; listed for directory coverage.,2026-09-25
Dover Credit,Fintech,Dover Credit: FCCPC-registered digital money lender / consumer credit apps.,,FCCPC,Digital Money Lender,Listed,Nigeria,,Nigeria,,Fintech,,,Undisclosed,2,Directory listing; funding undisclosed in free sources used.,CAC; NDPR; FCCPC-registered Digital Money Lender (DML).,Yes,"Offer automation/ML to fintech ops (recon, KYC, collections).",Low,https://fccpc.gov.ng/registration-of-digital-money-lenders/approvals-of-dmls/,No clean disclosed funding total in free sources used for this build; listed for directory coverage.,2026-09-25
Dt One,Fintech,Dt One: FCCPC-registered digital money lender / consumer credit apps.,,FCCPC,Digital Money Lender,Listed,Nigeria,,Nigeria,,Fintech,,,Undisclosed,2,Directory listing; funding undisclosed in free sources used.,CAC; NDPR; FCCPC-registered Digital Money Lender (DML).,Yes,"Offer automation/ML to fintech ops (recon, KYC, collections).",Low,https://fccpc.gov.ng/registration-of-digital-money-lenders/approvals-of-dmls/,No clean disclosed funding total in free sources used for this build; listed for directory coverage.,2026-09-25
Dt&T Corporation,Fintech,Dt&T Corporation: CBN-licensed International Money Transfer Operator.,,CBN,IMTO,Listed,Nigeria,,Nigeria,,Fintech,,,Undisclosed,2,Directory listing; funding undisclosed in free sources used.,CAC; NDPR; CBN International Money Transfer Operator (IMTO).,Yes,"Offer automation/ML to fintech ops (recon, KYC, collections).",Low,https://www.cbn.gov.ng/PaymentsSystem/InternationalMoneyTransferOperators.html,No clean disclosed funding total in free sources used for this build; listed for directory coverage.,2026-09-25
Dynamique Credit System,Fintech,Dynamique Credit System: FCCPC-registered digital money lender / consumer credit apps.,,FCCPC,Digital Money Lender,Listed,Nigeria,,Nigeria,,Fintech,,,Undisclosed,2,Directory listing; funding undisclosed in free sources used.,CAC; NDPR; FCCPC-registered Digital Money Lender (DML).,Yes,"Offer automation/ML to fintech ops (recon, KYC, collections).",Low,https://fccpc.gov.ng/registration-of-digital-money-lenders/approvals-of-dmls/,No clean disclosed funding total in free sources used for this build; listed for directory coverage.,2026-09-25
e-2-e PAY,Fintech,e-2-e PAY: CBN-licensed International Money Transfer Operator.,,CBN,IMTO,Listed,Nigeria,,Nigeria,,Fintech,,,Undisclosed,2,Directory listing; funding undisclosed in free sources used.,CAC; NDPR; CBN International Money Transfer Operator (IMTO).,Yes,"Offer automation/ML to fintech ops (recon, KYC, collections).",Low,https://www.cbn.gov.ng/PaymentsSystem/InternationalMoneyTransferOperators.html,No clean disclosed funding total in free sources used for this build; listed for directory coverage.,2026-09-25
E-Settlement,Fintech,E-Settlement: CBN-authorised Payment Solutions Service Provider (gateway/merchant collections).,,CBN,PSSP,Listed,Nigeria,,Nigeria,,Fintech,,,Undisclosed,2,Directory listing; funding undisclosed in free sources used.,CAC; NDPR; CBN PSSP.,Yes,"Offer automation/ML to fintech ops (recon, KYC, collections).",Low,https://www.cbn.gov.ng/PaymentsSystem/PSPs.html,No clean disclosed funding total in free sources used for this build; listed for directory coverage.,2026-09-25
E27 Partners Uk,Fintech,E27 Partners Uk: CBN-licensed International Money Transfer Operator.,,CBN,IMTO,Listed,Nigeria,,Nigeria,,Fintech,,,Undisclosed,2,Directory listing; funding undisclosed in free sources used.,CAC; NDPR; CBN International Money Transfer Operator (IMTO).,Yes,"Offer automation/ML to fintech ops (recon, KYC, collections).",Low,https://www.cbn.gov.ng/PaymentsSystem/InternationalMoneyTransferOperators.html,No clean disclosed funding total in free sources used for this build; listed for directory coverage.,2026-09-25
Eager Wing,Fintech,Eager Wing: FCCPC-registered digital money lender / consumer credit apps.,,FCCPC,Digital Money Lender,Listed,Nigeria,,Nigeria,,Fintech,,,Undisclosed,2,Directory listing; funding undisclosed in free sources used.,CAC; NDPR; FCCPC-registered Digital Money Lender (DML).,Yes,"Offer automation/ML to fintech ops (recon, KYC, collections).",Low,https://fccpc.gov.ng/registration-of-digital-money-lenders/approvals-of-dmls/,No clean disclosed funding total in free sources used for this build; listed for directory coverage.,2026-09-25
Eastdigital Finance Technologies,Fintech,Eastdigital Finance Technologies: FCCPC-registered digital money lender / consumer credit apps.,,FCCPC,Digital Money Lender,Listed,Nigeria,,Nigeria,,Fintech,,,Undisclosed,2,Directory listing; funding undisclosed in free sources used.,CAC; NDPR; FCCPC-registered Digital Money Lender (DML).,Yes,"Offer automation/ML to fintech ops (recon, KYC, collections).",Low,https://fccpc.gov.ng/registration-of-digital-money-lenders/approvals-of-dmls/,No clean disclosed funding total in free sources used for this build; listed for directory coverage.,2026-09-25
Easycheck Finance Investment,Fintech,Easycheck Finance Investment: FCCPC-registered digital money lender / consumer credit apps.,,FCCPC,Digital Money Lender,Listed,Nigeria,,Nigeria,,Fintech,,,Undisclosed,2,Directory listing; funding undisclosed in free sources used.,CAC; NDPR; FCCPC-registered Digital Money Lender (DML).,Yes,"Offer automation/ML to fintech ops (recon, KYC, collections).",Low,https://fccpc.gov.ng/registration-of-digital-money-lenders/approvals-of-dmls/,No clean disclosed funding total in free sources used for this build; listed for directory coverage.,2026-09-25
Easypay International Services,Fintech,Easypay International Services: CBN-authorised Payment Solutions Service Provider (gateway/merchant collections).,,CBN,PSSP,Listed,Nigeria,,Nigeria,,Fintech,,,Undisclosed,2,Directory listing; funding undisclosed in free sources used.,CAC; NDPR; CBN PSSP.,Yes,"Offer automation/ML to fintech ops (recon, KYC, collections).",Low,https://www.cbn.gov.ng/PaymentsSystem/PSPs.html,No clean disclosed funding total in free sources used for this build; listed for directory coverage.,2026-09-25
Eatonhil Investment,Fintech,Eatonhil Investment: FCCPC-registered digital money lender / consumer credit apps.,,FCCPC,Digital Money Lender,Listed,Nigeria,,Nigeria,,Fintech,,,Undisclosed,2,Directory listing; funding undisclosed in free sources used.,CAC; NDPR; FCCPC-registered Digital Money Lender (DML).,Yes,"Offer automation/ML to fintech ops (recon, KYC, collections).",Low,https://fccpc.gov.ng/registration-of-digital-money-lenders/approvals-of-dmls/,No clean disclosed funding total in free sources used for this build; listed for directory coverage.,2026-09-25
Eatonhill Investment,Fintech,Eatonhill Investment: FCCPC-registered digital money lender / consumer credit apps.,,FCCPC,Digital Money Lender,Listed,Nigeria,,Nigeria,,Fintech,,,Undisclosed,2,Directory listing; funding undisclosed in free sources used.,CAC; NDPR; FCCPC-registered Digital Money Lender (DML).,Yes,"Offer automation/ML to fintech ops (recon, KYC, collections).",Low,https://fccpc.gov.ng/registration-of-digital-money-lenders/approvals-of-dmls/,No clean disclosed funding total in free sources used for this build; listed for directory coverage.,2026-09-25
Eazipay,Fintech,Eazipay powers effortless payroll and financial access in Africa.,,YC,YC Startup,Listed,Lagos,Lagos,Nigeria,,Fintech,,,Undisclosed,2,Directory listing; funding undisclosed in free sources used.,CAC; NDPR; often CBN PSP/MMO/IMTO and/or FCCPC DML; SEC if capital-markets.,Yes,"Offer automation/ML to fintech ops (recon, KYC, collections).",Med,https://www.ycombinator.com/companies,No clean disclosed funding total in free sources used for this build; listed for directory coverage.,2026-09-25
Eazy Credit & Asset,Fintech,Eazy Credit & Asset: FCCPC-registered digital money lender / consumer credit apps.,,FCCPC,Digital Money Lender,Listed,Nigeria,,Nigeria,,Fintech,,,Undisclosed,2,Directory listing; funding undisclosed in free sources used.,CAC; NDPR; FCCPC-registered Digital Money Lender (DML).,Yes,"Offer automation/ML to fintech ops (recon, KYC, collections).",Low,https://fccpc.gov.ng/registration-of-digital-money-lenders/approvals-of-dmls/,No clean disclosed funding total in free sources used for this build; listed for directory coverage.,2026-09-25
Eazzy Tranzact Payment Services Africa,Fintech,Eazzy Tranzact Payment Services Africa: CBN-licensed International Money Transfer Operator.,,CBN,IMTO,Listed,Nigeria,,Nigeria,,Fintech,,,Undisclosed,2,Directory listing; funding undisclosed in free sources used.,CAC; NDPR; CBN International Money Transfer Operator (IMTO).,Yes,"Offer automation/ML to fintech ops (recon, KYC, collections).",Low,https://www.cbn.gov.ng/PaymentsSystem/InternationalMoneyTransferOperators.html,No clean disclosed funding total in free sources used for this build; listed for directory coverage.,2026-09-25
Echezona Digital Gateway,Fintech,Echezona Digital Gateway: CBN-authorised Payment Solutions Service Provider (gateway/merchant collections).,,CBN,PSSP,Listed,Nigeria,,Nigeria,,Fintech,,,Undisclosed,2,Directory listing; funding undisclosed in free sources used.,CAC; NDPR; CBN PSSP.,Yes,"Offer automation/ML to fintech ops (recon, KYC, collections).",Low,https://www.cbn.gov.ng/PaymentsSystem/PSPs.html,No clean disclosed funding total in free sources used for this build; listed for directory coverage.,2026-09-25
"Echoloan App, Swiftecho App",Fintech,"Echoloan App, Swiftecho App: FCCPC-registered digital money lender / consumer credit apps.",,FCCPC,Digital Money Lender,Listed,Nigeria,,Nigeria,,Fintech,,,Undisclosed,2,Directory listing; funding undisclosed in free sources used.,CAC; NDPR; FCCPC-registered Digital Money Lender (DML).,Yes,"Offer automation/ML to fintech ops (recon, KYC, collections).",Low,https://fccpc.gov.ng/registration-of-digital-money-lenders/approvals-of-dmls/,No clean disclosed funding total in free sources used for this build; listed for directory coverage.,2026-09-25
Eco Pay Globe,Fintech,Eco Pay Globe: FCCPC-registered digital money lender / consumer credit apps.,,FCCPC,Digital Money Lender,Listed,Nigeria,,Nigeria,,Fintech,,,Undisclosed,2,Directory listing; funding undisclosed in free sources used.,CAC; NDPR; FCCPC-registered Digital Money Lender (DML).,Yes,"Offer automation/ML to fintech ops (recon, KYC, collections).",Low,https://fccpc.gov.ng/registration-of-digital-money-lenders/approvals-of-dmls/,No clean disclosed funding total in free sources used for this build; listed for directory coverage.,2026-09-25
Econ Credit Fintech,Fintech,Econ Credit Fintech: FCCPC-registered digital money lender / consumer credit apps.,,FCCPC,Digital Money Lender,Listed,Nigeria,,Nigeria,,Fintech,,,Undisclosed,2,Directory listing; funding undisclosed in free sources used.,CAC; NDPR; FCCPC-registered Digital Money Lender (DML).,Yes,"Offer automation/ML to fintech ops (recon, KYC, collections).",Low,https://fccpc.gov.ng/registration-of-digital-money-lenders/approvals-of-dmls/,No clean disclosed funding total in free sources used for this build; listed for directory coverage.,2026-09-25
Econova Technology,Fintech,Econova Technology: FCCPC-registered digital money lender / consumer credit apps.,,FCCPC,Digital Money Lender,Listed,Nigeria,,Nigeria,,Fintech,,,Undisclosed,2,Directory listing; funding undisclosed in free sources used.,CAC; NDPR; FCCPC-registered Digital Money Lender (DML).,Yes,"Offer automation/ML to fintech ops (recon, KYC, collections).",Low,https://fccpc.gov.ng/registration-of-digital-money-lenders/approvals-of-dmls/,No clean disclosed funding total in free sources used for this build; listed for directory coverage.,2026-09-25
Edgeplus Capital,Fintech,Edgeplus Capital: FCCPC-registered digital money lender / consumer credit apps.,,FCCPC,Digital Money Lender,Listed,Nigeria,,Nigeria,,Fintech,,,Undisclosed,2,Directory listing; funding undisclosed in free sources used.,CAC; NDPR; FCCPC-registered Digital Money Lender (DML).,Yes,"Offer automation/ML to fintech ops (recon, KYC, collections).",Low,https://fccpc.gov.ng/registration-of-digital-money-lenders/approvals-of-dmls/,No clean disclosed funding total in free sources used for this build; listed for directory coverage.,2026-09-25
Egole Pay,Fintech,Egole Pay: CBN-authorised Payment Solutions Service Provider (gateway/merchant collections).,,CBN,PSSP,Listed,Nigeria,,Nigeria,,Fintech,,,Undisclosed,2,Directory listing; funding undisclosed in free sources used.,CAC; NDPR; CBN PSSP.,Yes,"Offer automation/ML to fintech ops (recon, KYC, collections).",Low,https://www.cbn.gov.ng/PaymentsSystem/PSPs.html,No clean disclosed funding total in free sources used for this build; listed for directory coverage.,2026-09-25
Ekondo Microfinance Bank,Fintech,Ekondo Microfinance Bank: FCCPC-registered digital money lender / consumer credit apps.,,FCCPC,Digital Money Lender,Listed,Nigeria,,Nigeria,,Fintech,,,Undisclosed,2,Directory listing; funding undisclosed in free sources used.,CAC; NDPR; FCCPC-registered Digital Money Lender (DML).,Yes,"Offer automation/ML to fintech ops (recon, KYC, collections).",Low,https://fccpc.gov.ng/registration-of-digital-money-lenders/approvals-of-dmls/,No clean disclosed funding total in free sources used for this build; listed for directory coverage.,2026-09-25
Ekruz Solution,Fintech,Ekruz Solution: FCCPC-registered digital money lender / consumer credit apps.,,FCCPC,Digital Money Lender,Listed,Nigeria,,Nigeria,,Fintech,,,Undisclosed,2,Directory listing; funding undisclosed in free sources used.,CAC; NDPR; FCCPC-registered Digital Money Lender (DML).,Yes,"Offer automation/ML to fintech ops (recon, KYC, collections).",Low,https://fccpc.gov.ng/registration-of-digital-money-lenders/approvals-of-dmls/,No clean disclosed funding total in free sources used for this build; listed for directory coverage.,2026-09-25
Electronic Fox,Fintech,Electronic Fox: FCCPC-registered digital money lender / consumer credit apps.,,FCCPC,Digital Money Lender,Listed,Nigeria,,Nigeria,,Fintech,,,Undisclosed,2,Directory listing; funding undisclosed in free sources used.,CAC; NDPR; FCCPC-registered Digital Money Lender (DML).,Yes,"Offer automation/ML to fintech ops (recon, KYC, collections).",Low,https://fccpc.gov.ng/registration-of-digital-money-lenders/approvals-of-dmls/,No clean disclosed funding total in free sources used for this build; listed for directory coverage.,2026-09-25
Elephant Globe,Fintech,Elephant Globe: FCCPC-registered digital money lender / consumer credit apps.,,FCCPC,Digital Money Lender,Listed,Nigeria,,Nigeria,,Fintech,,,Undisclosed,2,Directory listing; funding undisclosed in free sources used.,CAC; NDPR; FCCPC-registered Digital Money Lender (DML).,Yes,"Offer automation/ML to fintech ops (recon, KYC, collections).",Low,https://fccpc.gov.ng/registration-of-digital-money-lenders/approvals-of-dmls/,No clean disclosed funding total in free sources used for this build; listed for directory coverage.,2026-09-25
Elipa Payments,Fintech,Elipa Payments: CBN-authorised Payment Solutions Service Provider (gateway/merchant collections).,,CBN,PSSP,Listed,Nigeria,,Nigeria,,Fintech,,,Undisclosed,2,Directory listing; funding undisclosed in free sources used.,CAC; NDPR; CBN PSSP.,Yes,"Offer automation/ML to fintech ops (recon, KYC, collections).",Low,https://www.cbn.gov.ng/PaymentsSystem/PSPs.html,No clean disclosed funding total in free sources used for this build; listed for directory coverage.,2026-09-25
Elitefin,Fintech,Elitefin: FCCPC-registered digital money lender / consumer credit apps.,,FCCPC,Digital Money Lender,Listed,Nigeria,,Nigeria,,Fintech,,,Undisclosed,2,Directory listing; funding undisclosed in free sources used.,CAC; NDPR; FCCPC-registered Digital Money Lender (DML).,Yes,"Offer automation/ML to fintech ops (recon, KYC, collections).",Low,https://fccpc.gov.ng/registration-of-digital-money-lenders/approvals-of-dmls/,No clean disclosed funding total in free sources used for this build; listed for directory coverage.,2026-09-25
Empathy Desk,Fintech,Empathy Desk: FCCPC-registered digital money lender / consumer credit apps.,,FCCPC,Digital Money Lender,Listed,Nigeria,,Nigeria,,Fintech,,,Undisclosed,2,Directory listing; funding undisclosed in free sources used.,CAC; NDPR; FCCPC-registered Digital Money Lender (DML).,Yes,"Offer automation/ML to fintech ops (recon, KYC, collections).",Low,https://fccpc.gov.ng/registration-of-digital-money-lenders/approvals-of-dmls/,No clean disclosed funding total in free sources used for this build; listed for directory coverage.,2026-09-25
End2end Technologies,Fintech,End2end Technologies: CBN-authorised Payment Solutions Service Provider (gateway/merchant collections).,,CBN,PSSP,Listed,Nigeria,,Nigeria,,Fintech,,,Undisclosed,2,Directory listing; funding undisclosed in free sources used.,CAC; NDPR; CBN PSSP.,Yes,"Offer automation/ML to fintech ops (recon, KYC, collections).",Low,https://www.cbn.gov.ng/PaymentsSystem/PSPs.html,No clean disclosed funding total in free sources used for this build; listed for directory coverage.,2026-09-25
Entourage Integrated Trust,Fintech,Entourage Integrated Trust: FCCPC-registered digital money lender / consumer credit apps.,,FCCPC,Digital Money Lender,Listed,Nigeria,,Nigeria,,Fintech,,,Undisclosed,2,Directory listing; funding undisclosed in free sources used.,CAC; NDPR; FCCPC-registered Digital Money Lender (DML).,Yes,"Offer automation/ML to fintech ops (recon, KYC, collections).",Low,https://fccpc.gov.ng/registration-of-digital-money-lenders/approvals-of-dmls/,No clean disclosed funding total in free sources used for this build; listed for directory coverage.,2026-09-25
Epic Payment Technologies,Fintech,Epic Payment Technologies: CBN-authorised Payment Solutions Service Provider (gateway/merchant collections).,,CBN,PSSP,Listed,Nigeria,,Nigeria,,Fintech,,,Undisclosed,2,Directory listing; funding undisclosed in free sources used.,CAC; NDPR; CBN PSSP.,Yes,"Offer automation/ML to fintech ops (recon, KYC, collections).",Low,https://www.cbn.gov.ng/PaymentsSystem/PSPs.html,No clean disclosed funding total in free sources used for this build; listed for directory coverage.,2026-09-25
Ercas,Fintech,Ercas Integrated Solutions: CBN-authorised Payment Solutions Service Provider (gateway/merchant collections).,,CBN,PSSP,Listed,Lagos,Lagos,Nigeria,,Fintech,,,Undisclosed,2,Directory listing; funding undisclosed in free sources used.,CAC; NDPR; often CBN PSP/MMO/IMTO and/or FCCPC DML; SEC if capital-markets.,Yes,"Offer automation/ML to fintech ops (recon, KYC, collections).",Low,https://www.cbn.gov.ng/PaymentsSystem/PSPs.html,No clean disclosed funding total in free sources used for this build; listed for directory coverage.,2026-09-25
Eric Vsta,Fintech,Eric Vsta: FCCPC-registered digital money lender / consumer credit apps.,,FCCPC,Digital Money Lender,Listed,Nigeria,,Nigeria,,Fintech,,,Undisclosed,2,Directory listing; funding undisclosed in free sources used.,CAC; NDPR; FCCPC-registered Digital Money Lender (DML).,Yes,"Offer automation/ML to fintech ops (recon, KYC, collections).",Low,https://fccpc.gov.ng/registration-of-digital-money-lenders/approvals-of-dmls/,No clean disclosed funding total in free sources used for this build; listed for directory coverage.,2026-09-25
Errand P,Fintech,Errand P: CBN-authorised Super-Agent for agency banking distribution.,,CBN,Super-Agent,Listed,Nigeria,,Nigeria,,B2B2C agency banking,,,Undisclosed,2,Directory listing; funding undisclosed in free sources used.,CBN Super-Agent; agent network compliance; NDPR; CAC.,Yes,Sell agent performance and AML monitoring to Super-Agents.,Med,https://www.cbn.gov.ng/PaymentsSystem/PSPs.html,No clean disclosed funding total in free sources used for this build; listed for directory coverage.,2026-09-25
Essential Finance,Fintech,Essential Finance: FCCPC-registered digital money lender / consumer credit apps.,,FCCPC,Digital Money Lender,Listed,Nigeria,,Nigeria,,Fintech,,,Undisclosed,2,Directory listing; funding undisclosed in free sources used.,CAC; NDPR; FCCPC-registered Digital Money Lender (DML).,Yes,"Offer automation/ML to fintech ops (recon, KYC, collections).",Low,https://fccpc.gov.ng/registration-of-digital-money-lenders/approvals-of-dmls/,No clean disclosed funding total in free sources used for this build; listed for directory coverage.,2026-09-25
Etiti Worldwide Innovations,Fintech,Etiti Worldwide Innovations: CBN-licensed International Money Transfer Operator.,,CBN,IMTO,Listed,Nigeria,,Nigeria,,Fintech,,,Undisclosed,2,Directory listing; funding undisclosed in free sources used.,CAC; NDPR; CBN International Money Transfer Operator (IMTO).,Yes,"Offer automation/ML to fintech ops (recon, KYC, collections).",Low,https://www.cbn.gov.ng/PaymentsSystem/InternationalMoneyTransferOperators.html,No clean disclosed funding total in free sources used for this build; listed for directory coverage.,2026-09-25
Etop,Fintech,Etop: CBN-authorised Payment Terminal Service Provider (POS/terminals).,,CBN,PTSP,Listed,Nigeria,,Nigeria,,Fintech,,,Undisclosed,2,Directory listing; funding undisclosed in free sources used.,CAC; NDPR; CBN PTSP.,Yes,"Offer automation/ML to fintech ops (recon, KYC, collections).",Low,https://www.cbn.gov.ng/PaymentsSystem/PSPs.html,No clean disclosed funding total in free sources used for this build; listed for directory coverage.,2026-09-25
eTranzact,Fintech,eTranzact International: CBN-licensed Mobile Money Operator (e-money/wallets).,,CBN,MMO,Listed,Lagos,Lagos,Nigeria,,Fintech,,,Undisclosed,2,Directory listing; funding undisclosed in free sources used.,CAC; NDPR; often CBN PSP/MMO/IMTO and/or FCCPC DML; SEC if capital-markets.,Yes,"Offer automation/ML to fintech ops (recon, KYC, collections).",Low,https://www.cbn.gov.ng/PaymentsSystem/PSPs.html; https://www.cbn.gov.ng/PaymentsSystem/InternationalMoneyTransferOperators.html,No clean disclosed funding total in free sources used for this build; listed for directory coverage.,2026-09-25
Evandale Lending,Fintech,Evandale Lending: FCCPC-registered digital money lender / consumer credit apps.,,FCCPC,Digital Money Lender,Listed,Nigeria,,Nigeria,,Fintech,,,Undisclosed,2,Directory listing; funding undisclosed in free sources used.,CAC; NDPR; FCCPC-registered Digital Money Lender (DML).,Yes,"Offer automation/ML to fintech ops (recon, KYC, collections).",Low,https://fccpc.gov.ng/registration-of-digital-money-lenders/approvals-of-dmls/,No clean disclosed funding total in free sources used for this build; listed for directory coverage.,2026-09-25
Everglow Technology,Fintech,Everglow Technology: FCCPC-registered digital money lender / consumer credit apps.,,FCCPC,Digital Money Lender,Listed,Nigeria,,Nigeria,,Fintech,,,Undisclosed,2,Directory listing; funding undisclosed in free sources used.,CAC; NDPR; FCCPC-registered Digital Money Lender (DML).,Yes,"Offer automation/ML to fintech ops (recon, KYC, collections).",Low,https://fccpc.gov.ng/registration-of-digital-money-lenders/approvals-of-dmls/,No clean disclosed funding total in free sources used for this build; listed for directory coverage.,2026-09-25
Exactrem,Fintech,Exactrem: CBN-licensed International Money Transfer Operator.,,CBN,IMTO,Listed,Nigeria,,Nigeria,,Fintech,,,Undisclosed,2,Directory listing; funding undisclosed in free sources used.,CAC; NDPR; CBN International Money Transfer Operator (IMTO).,Yes,"Offer automation/ML to fintech ops (recon, KYC, collections).",Low,https://www.cbn.gov.ng/PaymentsSystem/InternationalMoneyTransferOperators.html,No clean disclosed funding total in free sources used for this build; listed for directory coverage.,2026-09-25
Exquisite Showers,Fintech,Exquisite Showers: FCCPC-registered digital money lender / consumer credit apps.,,FCCPC,Digital Money Lender,Listed,Nigeria,,Nigeria,,Fintech,,,Undisclosed,2,Directory listing; funding undisclosed in free sources used.,CAC; NDPR; FCCPC-registered Digital Money Lender (DML).,Yes,"Offer automation/ML to fintech ops (recon, KYC, collections).",Low,https://fccpc.gov.ng/registration-of-digital-money-lenders/approvals-of-dmls/,No clean disclosed funding total in free sources used for this build; listed for directory coverage.,2026-09-25
Eyowo,Fintech,Eyowo Integrated Payments: CBN-authorised Payment Solutions Service Provider (gateway/merchant collections).,,CBN,PSSP,Listed,Lagos,Lagos,Nigeria,,Fintech,,,Undisclosed,2,Directory listing; funding undisclosed in free sources used.,CAC; NDPR; often CBN PSP/MMO/IMTO and/or FCCPC DML; SEC if capital-markets.,Yes,"Offer automation/ML to fintech ops (recon, KYC, collections).",Low,https://www.cbn.gov.ng/PaymentsSystem/PSPs.html,No clean disclosed funding total in free sources used for this build; listed for directory coverage.,2026-09-25
Fa Global Bk Finance,Fintech,Fa Global Bk Finance: CBN-licensed International Money Transfer Operator.,,CBN,IMTO,Listed,Nigeria,,Nigeria,,Fintech,,,Undisclosed,2,Directory listing; funding undisclosed in free sources used.,CAC; NDPR; CBN International Money Transfer Operator (IMTO).,Yes,"Offer automation/ML to fintech ops (recon, KYC, collections).",Low,https://www.cbn.gov.ng/PaymentsSystem/InternationalMoneyTransferOperators.html,No clean disclosed funding total in free sources used for this build; listed for directory coverage.,2026-09-25
Fairsure Payments,Fintech,Fairsure Payments: CBN-authorised Payment Solutions Service Provider (gateway/merchant collections).,,CBN,PSSP,Listed,Nigeria,,Nigeria,,Fintech,,,Undisclosed,2,Directory listing; funding undisclosed in free sources used.,CAC; NDPR; CBN PSSP.,Yes,"Offer automation/ML to fintech ops (recon, KYC, collections).",Low,https://www.cbn.gov.ng/PaymentsSystem/PSPs.html,No clean disclosed funding total in free sources used for this build; listed for directory coverage.,2026-09-25
Fast Point Integrated,Fintech,Fast Point Integrated: FCCPC-registered digital money lender / consumer credit apps.,,FCCPC,Digital Money Lender,Listed,Nigeria,,Nigeria,,Fintech,,,Undisclosed,2,Directory listing; funding undisclosed in free sources used.,CAC; NDPR; FCCPC-registered Digital Money Lender (DML).,Yes,"Offer automation/ML to fintech ops (recon, KYC, collections).",Low,https://fccpc.gov.ng/registration-of-digital-money-lenders/approvals-of-dmls/,No clean disclosed funding total in free sources used for this build; listed for directory coverage.,2026-09-25
Fastcash Global,Fintech,Fastcash Global: FCCPC-registered digital money lender / consumer credit apps.,,FCCPC,Digital Money Lender,Listed,Nigeria,,Nigeria,,Fintech,,,Undisclosed,2,Directory listing; funding undisclosed in free sources used.,CAC; NDPR; FCCPC-registered Digital Money Lender (DML).,Yes,"Offer automation/ML to fintech ops (recon, KYC, collections).",Low,https://fccpc.gov.ng/registration-of-digital-money-lenders/approvals-of-dmls/,No clean disclosed funding total in free sources used for this build; listed for directory coverage.,2026-09-25
Fastcredit,Fintech,Fastcredit: FCCPC-registered digital money lender / consumer credit apps.,,FCCPC,Digital Money Lender,Listed,Nigeria,,Nigeria,,Fintech,,,Undisclosed,2,Directory listing; funding undisclosed in free sources used.,CAC; NDPR; FCCPC-registered Digital Money Lender (DML).,Yes,"Offer automation/ML to fintech ops (recon, KYC, collections).",Low,https://fccpc.gov.ng/registration-of-digital-money-lenders/approvals-of-dmls/,No clean disclosed funding total in free sources used for this build; listed for directory coverage.,2026-09-25
Fedha,Fintech,Fedha: FCCPC-registered digital money lender / consumer credit apps.,,FCCPC,Digital Money Lender,Listed,Nigeria,,Nigeria,,Fintech,,,Undisclosed,2,Directory listing; funding undisclosed in free sources used.,CAC; NDPR; FCCPC-registered Digital Money Lender (DML).,Yes,"Offer automation/ML to fintech ops (recon, KYC, collections).",Low,https://fccpc.gov.ng/registration-of-digital-money-lenders/approvals-of-dmls/,No clean disclosed funding total in free sources used for this build; listed for directory coverage.,2026-09-25
Fewchore Finance Company,Fintech,Fewchore Finance Company: FCCPC-registered digital money lender / consumer credit apps.,,FCCPC,Digital Money Lender,Listed,Nigeria,,Nigeria,,Fintech,,,Undisclosed,2,Directory listing; funding undisclosed in free sources used.,CAC; NDPR; FCCPC-registered Digital Money Lender (DML).,Yes,"Offer automation/ML to fintech ops (recon, KYC, collections).",Low,https://fccpc.gov.ng/registration-of-digital-money-lenders/approvals-of-dmls/,No clean disclosed funding total in free sources used for this build; listed for directory coverage.,2026-09-25
Fezotech,Fintech,Fezotech: FCCPC-registered digital money lender / consumer credit apps.,,FCCPC,Digital Money Lender,Listed,Nigeria,,Nigeria,,Fintech,,,Undisclosed,2,Directory listing; funding undisclosed in free sources used.,CAC; NDPR; FCCPC-registered Digital Money Lender (DML).,Yes,"Offer automation/ML to fintech ops (recon, KYC, collections).",Low,https://fccpc.gov.ng/registration-of-digital-money-lenders/approvals-of-dmls/,No clean disclosed funding total in free sources used for this build; listed for directory coverage.,2026-09-25
Ffs Frontier Services,Fintech,Ffs Frontier Services: FCCPC-registered digital money lender / consumer credit apps.,,FCCPC,Digital Money Lender,Listed,Nigeria,,Nigeria,,Fintech,,,Undisclosed,2,Directory listing; funding undisclosed in free sources used.,CAC; NDPR; FCCPC-registered Digital Money Lender (DML).,Yes,"Offer automation/ML to fintech ops (recon, KYC, collections).",Low,https://fccpc.gov.ng/registration-of-digital-money-lenders/approvals-of-dmls/,No clean disclosed funding total in free sources used for this build; listed for directory coverage.,2026-09-25
Fidesic,Fintech,Fidesic: CBN-authorised Payment Terminal Service Provider (POS/terminals).,,CBN,PTSP,Listed,Nigeria,,Nigeria,,Fintech,,,Undisclosed,2,Directory listing; funding undisclosed in free sources used.,CAC; NDPR; CBN PTSP.,Yes,"Offer automation/ML to fintech ops (recon, KYC, collections).",Low,https://www.cbn.gov.ng/PaymentsSystem/PSPs.html,No clean disclosed funding total in free sources used for this build; listed for directory coverage.,2026-09-25
Figours Innovation,Fintech,Figours Innovation: CBN-authorised Payment Solutions Service Provider (gateway/merchant collections).,,CBN,PSSP,Listed,Nigeria,,Nigeria,,Fintech,,,Undisclosed,2,Directory listing; funding undisclosed in free sources used.,CAC; NDPR; CBN PSSP.,Yes,"Offer automation/ML to fintech ops (recon, KYC, collections).",Low,https://www.cbn.gov.ng/PaymentsSystem/PSPs.html,No clean disclosed funding total in free sources used for this build; listed for directory coverage.,2026-09-25
Fin Server,Fintech,Fin Server: FCCPC-registered digital money lender / consumer credit apps.,,FCCPC,Digital Money Lender,Listed,Nigeria,,Nigeria,,Fintech,,,Undisclosed,2,Directory listing; funding undisclosed in free sources used.,CAC; NDPR; FCCPC-registered Digital Money Lender (DML).,Yes,"Offer automation/ML to fintech ops (recon, KYC, collections).",Low,https://fccpc.gov.ng/registration-of-digital-money-lenders/approvals-of-dmls/,No clean disclosed funding total in free sources used for this build; listed for directory coverage.,2026-09-25
Fineset,Fintech,Fineset: FCCPC-registered digital money lender / consumer credit apps.,,FCCPC,Digital Money Lender,Listed,Nigeria,,Nigeria,,Fintech,,,Undisclosed,2,Directory listing; funding undisclosed in free sources used.,CAC; NDPR; FCCPC-registered Digital Money Lender (DML).,Yes,"Offer automation/ML to fintech ops (recon, KYC, collections).",Low,https://fccpc.gov.ng/registration-of-digital-money-lenders/approvals-of-dmls/,No clean disclosed funding total in free sources used for this build; listed for directory coverage.,2026-09-25
Finnew Fintech,Fintech,Finnew Fintech: FCCPC-registered digital money lender / consumer credit apps.,,FCCPC,Digital Money Lender,Listed,Nigeria,,Nigeria,,Fintech,,,Undisclosed,2,Directory listing; funding undisclosed in free sources used.,CAC; NDPR; FCCPC-registered Digital Money Lender (DML).,Yes,"Offer automation/ML to fintech ops (recon, KYC, collections).",Low,https://fccpc.gov.ng/registration-of-digital-money-lenders/approvals-of-dmls/,No clean disclosed funding total in free sources used for this build; listed for directory coverage.,2026-09-25
Finpadi Technologies,Fintech,Finpadi Technologies: FCCPC-registered digital money lender / consumer credit apps.,,FCCPC,Digital Money Lender,Listed,Nigeria,,Nigeria,,Fintech,,,Undisclosed,2,Directory listing; funding undisclosed in free sources used.,CAC; NDPR; FCCPC-registered Digital Money Lender (DML).,Yes,"Offer automation/ML to fintech ops (recon, KYC, collections).",Low,https://fccpc.gov.ng/registration-of-digital-money-lenders/approvals-of-dmls/,No clean disclosed funding total in free sources used for this build; listed for directory coverage.,2026-09-25
Finserve Investment,Fintech,Finserve Investment: FCCPC-registered digital money lender / consumer credit apps.,,FCCPC,Digital Money Lender,Listed,Nigeria,,Nigeria,,Fintech,,,Undisclosed,2,Directory listing; funding undisclosed in free sources used.,CAC; NDPR; FCCPC-registered Digital Money Lender (DML).,Yes,"Offer automation/ML to fintech ops (recon, KYC, collections).",Low,https://fccpc.gov.ng/registration-of-digital-money-lenders/approvals-of-dmls/,No clean disclosed funding total in free sources used for this build; listed for directory coverage.,2026-09-25
Finspa Investment,Fintech,Finspa Investment: FCCPC-registered digital money lender / consumer credit apps.,,FCCPC,Digital Money Lender,Listed,Nigeria,,Nigeria,,Fintech,,,Undisclosed,2,Directory listing; funding undisclosed in free sources used.,CAC; NDPR; FCCPC-registered Digital Money Lender (DML).,Yes,"Offer automation/ML to fintech ops (recon, KYC, collections).",Low,https://fccpc.gov.ng/registration-of-digital-money-lenders/approvals-of-dmls/,No clean disclosed funding total in free sources used for this build; listed for directory coverage.,2026-09-25
Fintcred Innovations,Fintech,Fintcred Innovations: FCCPC-registered digital money lender / consumer credit apps.,,FCCPC,Digital Money Lender,Listed,Nigeria,,Nigeria,,Fintech,,,Undisclosed,2,Directory listing; funding undisclosed in free sources used.,CAC; NDPR; FCCPC-registered Digital Money Lender (DML).,Yes,"Offer automation/ML to fintech ops (recon, KYC, collections).",Low,https://fccpc.gov.ng/registration-of-digital-money-lenders/approvals-of-dmls/,No clean disclosed funding total in free sources used for this build; listed for directory coverage.,2026-09-25
Fintrade Solutions,Fintech,Fintrade Solutions: FCCPC-registered digital money lender / consumer credit apps.,,FCCPC,Digital Money Lender,Listed,Nigeria,,Nigeria,,Fintech,,,Undisclosed,2,Directory listing; funding undisclosed in free sources used.,CAC; NDPR; FCCPC-registered Digital Money Lender (DML).,Yes,"Offer automation/ML to fintech ops (recon, KYC, collections).",Low,https://fccpc.gov.ng/registration-of-digital-money-lenders/approvals-of-dmls/,No clean disclosed funding total in free sources used for this build; listed for directory coverage.,2026-09-25
Firmus Microfinance Bank,Fintech,Firmus Microfinance Bank: FCCPC-registered digital money lender / consumer credit apps.,,FCCPC,Digital Money Lender,Listed,Nigeria,,Nigeria,,Fintech,,,Undisclosed,2,Directory listing; funding undisclosed in free sources used.,CAC; NDPR; FCCPC-registered Digital Money Lender (DML).,Yes,"Offer automation/ML to fintech ops (recon, KYC, collections).",Low,https://fccpc.gov.ng/registration-of-digital-money-lenders/approvals-of-dmls/,No clean disclosed funding total in free sources used for this build; listed for directory coverage.,2026-09-25
Firmus Retail Services,Fintech,Firmus Retail Services: FCCPC-registered digital money lender / consumer credit apps.,,FCCPC,Digital Money Lender,Listed,Nigeria,,Nigeria,,Fintech,,,Undisclosed,2,Directory listing; funding undisclosed in free sources used.,CAC; NDPR; FCCPC-registered Digital Money Lender (DML).,Yes,"Offer automation/ML to fintech ops (recon, KYC, collections).",Low,https://fccpc.gov.ng/registration-of-digital-money-lenders/approvals-of-dmls/,No clean disclosed funding total in free sources used for this build; listed for directory coverage.,2026-09-25
First Marina Trust Finance Company,Fintech,First Marina Trust Finance Company: FCCPC-registered digital money lender / consumer credit apps.,,FCCPC,Digital Money Lender,Listed,Nigeria,,Nigeria,,Fintech,,,Undisclosed,2,Directory listing; funding undisclosed in free sources used.,CAC; NDPR; FCCPC-registered Digital Money Lender (DML).,Yes,"Offer automation/ML to fintech ops (recon, KYC, collections).",Low,https://fccpc.gov.ng/registration-of-digital-money-lenders/approvals-of-dmls/,No clean disclosed funding total in free sources used for this build; listed for directory coverage.,2026-09-25
First Primus Systems,Fintech,First Primus Systems: FCCPC-registered digital money lender / consumer credit apps.,,FCCPC,Digital Money Lender,Listed,Nigeria,,Nigeria,,Fintech,,,Undisclosed,2,Directory listing; funding undisclosed in free sources used.,CAC; NDPR; FCCPC-registered Digital Money Lender (DML).,Yes,"Offer automation/ML to fintech ops (recon, KYC, collections).",Low,https://fccpc.gov.ng/registration-of-digital-money-lenders/approvals-of-dmls/,No clean disclosed funding total in free sources used for this build; listed for directory coverage.,2026-09-25
Flagla Lending,Fintech,Flagla Lending: FCCPC-registered digital money lender / consumer credit apps.,,FCCPC,Digital Money Lender,Listed,Nigeria,,Nigeria,,Fintech,,,Undisclosed,2,Directory listing; funding undisclosed in free sources used.,CAC; NDPR; FCCPC-registered Digital Money Lender (DML).,Yes,"Offer automation/ML to fintech ops (recon, KYC, collections).",Low,https://fccpc.gov.ng/registration-of-digital-money-lenders/approvals-of-dmls/,No clean disclosed funding total in free sources used for this build; listed for directory coverage.,2026-09-25
Flaming Horizon Global Services,Fintech,Flaming Horizon Global Services: FCCPC-registered digital money lender / consumer credit apps.,,FCCPC,Digital Money Lender,Listed,Nigeria,,Nigeria,,Fintech,,,Undisclosed,2,Directory listing; funding undisclosed in free sources used.,CAC; NDPR; FCCPC-registered Digital Money Lender (DML).,Yes,"Offer automation/ML to fintech ops (recon, KYC, collections).",Low,https://fccpc.gov.ng/registration-of-digital-money-lenders/approvals-of-dmls/,No clean disclosed funding total in free sources used for this build; listed for directory coverage.,2026-09-25
Flashcredit,Fintech,Flashcredit: FCCPC-registered digital money lender / consumer credit apps.,,FCCPC,Digital Money Lender,Listed,Nigeria,,Nigeria,,Fintech,,,Undisclosed,2,Directory listing; funding undisclosed in free sources used.,CAC; NDPR; FCCPC-registered Digital Money Lender (DML).,Yes,"Offer automation/ML to fintech ops (recon, KYC, collections).",Low,https://fccpc.gov.ng/registration-of-digital-money-lenders/approvals-of-dmls/,No clean disclosed funding total in free sources used for this build; listed for directory coverage.,2026-09-25
Fleetwood Lending,Fintech,Fleetwood Lending: FCCPC-registered digital money lender / consumer credit apps.,,FCCPC,Digital Money Lender,Listed,Nigeria,,Nigeria,,Fintech,,,Undisclosed,2,Directory listing; funding undisclosed in free sources used.,CAC; NDPR; FCCPC-registered Digital Money Lender (DML).,Yes,"Offer automation/ML to fintech ops (recon, KYC, collections).",Low,https://fccpc.gov.ng/registration-of-digital-money-lenders/approvals-of-dmls/,No clean disclosed funding total in free sources used for this build; listed for directory coverage.,2026-09-25
Flex Financial Technologies,Fintech,Flex Financial Technologies: FCCPC-registered digital money lender / consumer credit apps.,,FCCPC,Digital Money Lender,Listed,Nigeria,,Nigeria,,Fintech,,,Undisclosed,2,Directory listing; funding undisclosed in free sources used.,CAC; NDPR; FCCPC-registered Digital Money Lender (DML).,Yes,"Offer automation/ML to fintech ops (recon, KYC, collections).",Low,https://fccpc.gov.ng/registration-of-digital-money-lenders/approvals-of-dmls/,No clean disclosed funding total in free sources used for this build; listed for directory coverage.,2026-09-25
Flexi Innovation Hub,Fintech,Flexi Innovation Hub: FCCPC-registered digital money lender / consumer credit apps.,,FCCPC,Digital Money Lender,Listed,Nigeria,,Nigeria,,Fintech,,,Undisclosed,2,Directory listing; funding undisclosed in free sources used.,CAC; NDPR; FCCPC-registered Digital Money Lender (DML).,Yes,"Offer automation/ML to fintech ops (recon, KYC, collections).",Low,https://fccpc.gov.ng/registration-of-digital-money-lenders/approvals-of-dmls/,No clean disclosed funding total in free sources used for this build; listed for directory coverage.,2026-09-25
Flexi Microfinance Company,Fintech,Flexi Microfinance Company: FCCPC-registered digital money lender / consumer credit apps.,,FCCPC,Digital Money Lender,Listed,Nigeria,,Nigeria,,Fintech,,,Undisclosed,2,Directory listing; funding undisclosed in free sources used.,CAC; NDPR; FCCPC-registered Digital Money Lender (DML).,Yes,"Offer automation/ML to fintech ops (recon, KYC, collections).",Low,https://fccpc.gov.ng/registration-of-digital-money-lenders/approvals-of-dmls/,No clean disclosed funding total in free sources used for this build; listed for directory coverage.,2026-09-25
Flickwheel,Fintech,Flickwheel: FCCPC-registered digital money lender / consumer credit apps.,,FCCPC,Digital Money Lender,Listed,Nigeria,,Nigeria,,Fintech,,,Undisclosed,2,Directory listing; funding undisclosed in free sources used.,CAC; NDPR; FCCPC-registered Digital Money Lender (DML).,Yes,"Offer automation/ML to fintech ops (recon, KYC, collections).",Low,https://fccpc.gov.ng/registration-of-digital-money-lenders/approvals-of-dmls/,No clean disclosed funding total in free sources used for this build; listed for directory coverage.,2026-09-25
Floodlights Technology,Fintech,Floodlights Technology: FCCPC-registered digital money lender / consumer credit apps.,,FCCPC,Digital Money Lender,Listed,Nigeria,,Nigeria,,Fintech,,,Undisclosed,2,Directory listing; funding undisclosed in free sources used.,CAC; NDPR; FCCPC-registered Digital Money Lender (DML).,Yes,"Offer automation/ML to fintech ops (recon, KYC, collections).",Low,https://fccpc.gov.ng/registration-of-digital-money-lenders/approvals-of-dmls/,No clean disclosed funding total in free sources used for this build; listed for directory coverage.,2026-09-25
Flowood Lending,Fintech,Flowood Lending: FCCPC-registered digital money lender / consumer credit apps.,,FCCPC,Digital Money Lender,Listed,Nigeria,,Nigeria,,Fintech,,,Undisclosed,2,Directory listing; funding undisclosed in free sources used.,CAC; NDPR; FCCPC-registered Digital Money Lender (DML).,Yes,"Offer automation/ML to fintech ops (recon, KYC, collections).",Low,https://fccpc.gov.ng/registration-of-digital-money-lenders/approvals-of-dmls/,No clean disclosed funding total in free sources used for this build; listed for directory coverage.,2026-09-25
Fluna Capital,Fintech,Fluna Capital: FCCPC-registered digital money lender / consumer credit apps.,,FCCPC,Digital Money Lender,Listed,Nigeria,,Nigeria,,Fintech,,,Undisclosed,2,Directory listing; funding undisclosed in free sources used.,CAC; NDPR; FCCPC-registered Digital Money Lender (DML).,Yes,"Offer automation/ML to fintech ops (recon, KYC, collections).",Low,https://fccpc.gov.ng/registration-of-digital-money-lenders/approvals-of-dmls/,No clean disclosed funding total in free sources used for this build; listed for directory coverage.,2026-09-25
Flux,Fintech,Cross border Payments infrastructure for internet businesses and…,https://iflux.app,YC,YC Startup,Listed,Lagos,Lagos,Nigeria,,Fintech,,,Undisclosed,2,Directory listing; funding undisclosed in free sources used.,CAC; NDPR; often CBN PSP/MMO/IMTO and/or FCCPC DML; SEC if capital-markets.,Yes,"Offer automation/ML to fintech ops (recon, KYC, collections).",Med,https://www.ycombinator.com/companies,No clean disclosed funding total in free sources used for this build; listed for directory coverage.,2026-09-25
Fortis Mobile Money,Fintech,Fortis Mobile Money: CBN-licensed Mobile Money Operator (e-money/wallets).,,CBN,MMO,Listed,Abuja,Abuja,Nigeria,,Fintech,,,Undisclosed,2,Directory listing; funding undisclosed in free sources used.,CAC; NDPR; often CBN PSP/MMO/IMTO and/or FCCPC DML; SEC if capital-markets.,Yes,"Offer automation/ML to fintech ops (recon, KYC, collections).",Low,https://www.cbn.gov.ng/PaymentsSystem/PSPs.html,No clean disclosed funding total in free sources used for this build; listed for directory coverage.,2026-09-25
Fortune Fish International,Fintech,Fortune Fish International: FCCPC-registered digital money lender / consumer credit apps.,,FCCPC,Digital Money Lender,Listed,Nigeria,,Nigeria,,Fintech,,,Undisclosed,2,Directory listing; funding undisclosed in free sources used.,CAC; NDPR; FCCPC-registered Digital Money Lender (DML).,Yes,"Offer automation/ML to fintech ops (recon, KYC, collections).",Low,https://fccpc.gov.ng/registration-of-digital-money-lenders/approvals-of-dmls/,No clean disclosed funding total in free sources used for this build; listed for directory coverage.,2026-09-25
Fortunelink Lending,Fintech,Fortunelink Lending: FCCPC-registered digital money lender / consumer credit apps.,,FCCPC,Digital Money Lender,Listed,Nigeria,,Nigeria,,Fintech,,,Undisclosed,2,Directory listing; funding undisclosed in free sources used.,CAC; NDPR; FCCPC-registered Digital Money Lender (DML).,Yes,"Offer automation/ML to fintech ops (recon, KYC, collections).",Low,https://fccpc.gov.ng/registration-of-digital-money-lenders/approvals-of-dmls/,No clean disclosed funding total in free sources used for this build; listed for directory coverage.,2026-09-25
Fountain Payment Systems Solution,Fintech,Fountain Payment Systems Solution: CBN-authorised Payment Solutions Service Provider (gateway/merchant collections).,,CBN,PSSP,Listed,Nigeria,,Nigeria,,Fintech,,,Undisclosed,2,Directory listing; funding undisclosed in free sources used.,CAC; NDPR; CBN PSSP.,Yes,"Offer automation/ML to fintech ops (recon, KYC, collections).",Low,https://www.cbn.gov.ng/PaymentsSystem/PSPs.html,No clean disclosed funding total in free sources used for this build; listed for directory coverage.,2026-09-25
Fox Lending,Fintech,Fox Lending: FCCPC-registered digital money lender / consumer credit apps.,,FCCPC,Digital Money Lender,Listed,Nigeria,,Nigeria,,Fintech,,,Undisclosed,2,Directory listing; funding undisclosed in free sources used.,CAC; NDPR; FCCPC-registered Digital Money Lender (DML).,Yes,"Offer automation/ML to fintech ops (recon, KYC, collections).",Low,https://fccpc.gov.ng/registration-of-digital-money-lenders/approvals-of-dmls/,No clean disclosed funding total in free sources used for this build; listed for directory coverage.,2026-09-25
Fubri Century Company,Fintech,Fubri Century Company: FCCPC-registered digital money lender / consumer credit apps.,,FCCPC,Digital Money Lender,Listed,Nigeria,,Nigeria,,Fintech,,,Undisclosed,2,Directory listing; funding undisclosed in free sources used.,CAC; NDPR; FCCPC-registered Digital Money Lender (DML).,Yes,"Offer automation/ML to fintech ops (recon, KYC, collections).",Low,https://fccpc.gov.ng/registration-of-digital-money-lenders/approvals-of-dmls/,No clean disclosed funding total in free sources used for this build; listed for directory coverage.,2026-09-25
Fucil Datatech,Fintech,Fucil Datatech: CBN-authorised Super-Agent for agency banking distribution.,,CBN,Super-Agent,Listed,Nigeria,,Nigeria,,B2B2C agency banking,,,Undisclosed,2,Directory listing; funding undisclosed in free sources used.,CBN Super-Agent; agent network compliance; NDPR; CAC.,Yes,Sell agent performance and AML monitoring to Super-Agents.,Med,https://www.cbn.gov.ng/PaymentsSystem/PSPs.html,No clean disclosed funding total in free sources used for this build; listed for directory coverage.,2026-09-25
Fuelcredit Com,Fintech,Fuelcredit Com: FCCPC-registered digital money lender / consumer credit apps.,,FCCPC,Digital Money Lender,Listed,Nigeria,,Nigeria,,Fintech,,,Undisclosed,2,Directory listing; funding undisclosed in free sources used.,CAC; NDPR; FCCPC-registered Digital Money Lender (DML).,Yes,"Offer automation/ML to fintech ops (recon, KYC, collections).",Low,https://fccpc.gov.ng/registration-of-digital-money-lenders/approvals-of-dmls/,No clean disclosed funding total in free sources used for this build; listed for directory coverage.,2026-09-25
Fulcrum Sigma Enterprise,Fintech,Fulcrum Sigma Enterprise: FCCPC-registered digital money lender / consumer credit apps.,,FCCPC,Digital Money Lender,Listed,Nigeria,,Nigeria,,Fintech,,,Undisclosed,2,Directory listing; funding undisclosed in free sources used.,CAC; NDPR; FCCPC-registered Digital Money Lender (DML).,Yes,"Offer automation/ML to fintech ops (recon, KYC, collections).",Low,https://fccpc.gov.ng/registration-of-digital-money-lenders/approvals-of-dmls/,No clean disclosed funding total in free sources used for this build; listed for directory coverage.,2026-09-25
Fundbox Financial Services,Fintech,Fundbox Financial Services: FCCPC-registered digital money lender / consumer credit apps.,,FCCPC,Digital Money Lender,Listed,Nigeria,,Nigeria,,Fintech,,,Undisclosed,2,Directory listing; funding undisclosed in free sources used.,CAC; NDPR; FCCPC-registered Digital Money Lender (DML).,Yes,"Offer automation/ML to fintech ops (recon, KYC, collections).",Low,https://fccpc.gov.ng/registration-of-digital-money-lenders/approvals-of-dmls/,No clean disclosed funding total in free sources used for this build; listed for directory coverage.,2026-09-25
Funds And Electronic Transfer,Fintech,Funds And Electronic Transfer: CBN-licensed Mobile Money Operator (e-money/wallets).,,CBN,MMO,Listed,Nigeria,,Nigeria,,Fintech,,,Undisclosed,2,Directory listing; funding undisclosed in free sources used.,CAC; NDPR; CBN Mobile Money Operator (MMO).,Yes,"Offer automation/ML to fintech ops (recon, KYC, collections).",Low,https://www.cbn.gov.ng/PaymentsSystem/PSPs.html,No clean disclosed funding total in free sources used for this build; listed for directory coverage.,2026-09-25
Funds Konnect ),Fintech,Funds Konnect ): CBN-authorised Payment Terminal Service Provider (POS/terminals).,,CBN,PTSP,Listed,Nigeria,,Nigeria,,Fintech,,,Undisclosed,2,Directory listing; funding undisclosed in free sources used.,CAC; NDPR; CBN PTSP.,Yes,"Offer automation/ML to fintech ops (recon, KYC, collections).",Low,https://www.cbn.gov.ng/PaymentsSystem/PSPs.html,No clean disclosed funding total in free sources used for this build; listed for directory coverage.,2026-09-25
Fundsflow Integrated Systems,Fintech,Fundsflow Integrated Systems: FCCPC-registered digital money lender / consumer credit apps.,,FCCPC,Digital Money Lender,Listed,Nigeria,,Nigeria,,Fintech,,,Undisclosed,2,Directory listing; funding undisclosed in free sources used.,CAC; NDPR; FCCPC-registered Digital Money Lender (DML).,Yes,"Offer automation/ML to fintech ops (recon, KYC, collections).",Low,https://fccpc.gov.ng/registration-of-digital-money-lenders/approvals-of-dmls/,No clean disclosed funding total in free sources used for this build; listed for directory coverage.,2026-09-25
Funtech Global Communications,Fintech,Funtech Global Communications: CBN-licensed International Money Transfer Operator.,,CBN,IMTO,Listed,Nigeria,,Nigeria,,Fintech,,,Undisclosed,2,Directory listing; funding undisclosed in free sources used.,CAC; NDPR; CBN International Money Transfer Operator (IMTO).,Yes,"Offer automation/ML to fintech ops (recon, KYC, collections).",Low,https://www.cbn.gov.ng/PaymentsSystem/InternationalMoneyTransferOperators.html,No clean disclosed funding total in free sources used for this build; listed for directory coverage.,2026-09-25
Futurecrest Internet Technology,Fintech,Futurecrest Internet Technology: FCCPC-registered digital money lender / consumer credit apps.,,FCCPC,Digital Money Lender,Listed,Nigeria,,Nigeria,,Fintech,,,Undisclosed,2,Directory listing; funding undisclosed in free sources used.,CAC; NDPR; FCCPC-registered Digital Money Lender (DML).,Yes,"Offer automation/ML to fintech ops (recon, KYC, collections).",Low,https://fccpc.gov.ng/registration-of-digital-money-lenders/approvals-of-dmls/,No clean disclosed funding total in free sources used for this build; listed for directory coverage.,2026-09-25
Futurepay Tech Solutions,Fintech,Futurepay Tech Solutions: CBN-authorised Payment Solutions Service Provider (gateway/merchant collections).,,CBN,PSSP,Listed,Nigeria,,Nigeria,,Fintech,,,Undisclosed,2,Directory listing; funding undisclosed in free sources used.,CAC; NDPR; CBN PSSP.,Yes,"Offer automation/ML to fintech ops (recon, KYC, collections).",Low,https://www.cbn.gov.ng/PaymentsSystem/PSPs.html,No clean disclosed funding total in free sources used for this build; listed for directory coverage.,2026-09-25
Gabtrans Uk /Money To,Fintech,Gabtrans Uk /Money To: CBN-licensed International Money Transfer Operator.,,CBN,IMTO,Listed,Nigeria,,Nigeria,,Fintech,,,Undisclosed,2,Directory listing; funding undisclosed in free sources used.,CAC; NDPR; CBN International Money Transfer Operator (IMTO).,Yes,"Offer automation/ML to fintech ops (recon, KYC, collections).",Low,https://www.cbn.gov.ng/PaymentsSystem/InternationalMoneyTransferOperators.html,No clean disclosed funding total in free sources used for this build; listed for directory coverage.,2026-09-25
Gap Credit,Fintech,Gap Credit: FCCPC-registered digital money lender / consumer credit apps.,,FCCPC,Digital Money Lender,Listed,Nigeria,,Nigeria,,Fintech,,,Undisclosed,2,Directory listing; funding undisclosed in free sources used.,CAC; NDPR; FCCPC-registered Digital Money Lender (DML).,Yes,"Offer automation/ML to fintech ops (recon, KYC, collections).",Low,https://fccpc.gov.ng/registration-of-digital-money-lenders/approvals-of-dmls/,No clean disclosed funding total in free sources used for this build; listed for directory coverage.,2026-09-25
Gaph Credit & Lending,Fintech,Gaph Credit & Lending: FCCPC-registered digital money lender / consumer credit apps.,,FCCPC,Digital Money Lender,Listed,Nigeria,,Nigeria,,Fintech,,,Undisclosed,2,Directory listing; funding undisclosed in free sources used.,CAC; NDPR; FCCPC-registered Digital Money Lender (DML).,Yes,"Offer automation/ML to fintech ops (recon, KYC, collections).",Low,https://fccpc.gov.ng/registration-of-digital-money-lenders/approvals-of-dmls/,No clean disclosed funding total in free sources used for this build; listed for directory coverage.,2026-09-25
Gbowy Capital And Investment Services,Fintech,Gbowy Capital And Investment Services: FCCPC-registered digital money lender / consumer credit apps.,,FCCPC,Digital Money Lender,Listed,Nigeria,,Nigeria,,Fintech,,,Undisclosed,2,Directory listing; funding undisclosed in free sources used.,CAC; NDPR; FCCPC-registered Digital Money Lender (DML).,Yes,"Offer automation/ML to fintech ops (recon, KYC, collections).",Low,https://fccpc.gov.ng/registration-of-digital-money-lenders/approvals-of-dmls/,No clean disclosed funding total in free sources used for this build; listed for directory coverage.,2026-09-25
Gemspay,Fintech,Gemspay: CBN-authorised Payment Solutions Service Provider (gateway/merchant collections).,,CBN,PSSP,Listed,Nigeria,,Nigeria,,Fintech,,,Undisclosed,2,Directory listing; funding undisclosed in free sources used.,CAC; NDPR; CBN PSSP.,Yes,"Offer automation/ML to fintech ops (recon, KYC, collections).",Low,https://www.cbn.gov.ng/PaymentsSystem/PSPs.html,No clean disclosed funding total in free sources used for this build; listed for directory coverage.,2026-09-25
Giasun Technology,Fintech,Giasun Technology: FCCPC-registered digital money lender / consumer credit apps.,,FCCPC,Digital Money Lender,Listed,Nigeria,,Nigeria,,Fintech,,,Undisclosed,2,Directory listing; funding undisclosed in free sources used.,CAC; NDPR; FCCPC-registered Digital Money Lender (DML).,Yes,"Offer automation/ML to fintech ops (recon, KYC, collections).",Low,https://fccpc.gov.ng/registration-of-digital-money-lenders/approvals-of-dmls/,No clean disclosed funding total in free sources used for this build; listed for directory coverage.,2026-09-25
Gilgal Finance,Fintech,Gilgal Finance: FCCPC-registered digital money lender / consumer credit apps.,,FCCPC,Digital Money Lender,Listed,Nigeria,,Nigeria,,Fintech,,,Undisclosed,2,Directory listing; funding undisclosed in free sources used.,CAC; NDPR; FCCPC-registered Digital Money Lender (DML).,Yes,"Offer automation/ML to fintech ops (recon, KYC, collections).",Low,https://fccpc.gov.ng/registration-of-digital-money-lenders/approvals-of-dmls/,No clean disclosed funding total in free sources used for this build; listed for directory coverage.,2026-09-25
Glitchguard,Fintech,Glitchguard: FCCPC-registered digital money lender / consumer credit apps.,,FCCPC,Digital Money Lender,Listed,Nigeria,,Nigeria,,Fintech,,,Undisclosed,2,Directory listing; funding undisclosed in free sources used.,CAC; NDPR; FCCPC-registered Digital Money Lender (DML).,Yes,"Offer automation/ML to fintech ops (recon, KYC, collections).",Low,https://fccpc.gov.ng/registration-of-digital-money-lenders/approvals-of-dmls/,No clean disclosed funding total in free sources used for this build; listed for directory coverage.,2026-09-25
Global Accelerex,Fintech,Global Accelerex: CBN-authorised Payment Solutions Service Provider (gateway/merchant collections).,,CBN,PSSP,Listed,Lagos,Lagos,Nigeria,,Fintech,,,Undisclosed,2,Directory listing; funding undisclosed in free sources used.,CAC; NDPR; often CBN PSP/MMO/IMTO and/or FCCPC DML; SEC if capital-markets.,Yes,"Offer automation/ML to fintech ops (recon, KYC, collections).",Low,https://www.cbn.gov.ng/PaymentsSystem/PSPs.html,No clean disclosed funding total in free sources used for this build; listed for directory coverage.,2026-09-25
Global Currency Travel & Tours,Fintech,Global Currency Travel & Tours: CBN-licensed International Money Transfer Operator.,,CBN,IMTO,Listed,Nigeria,,Nigeria,,Fintech,,,Undisclosed,2,Directory listing; funding undisclosed in free sources used.,CAC; NDPR; CBN International Money Transfer Operator (IMTO).,Yes,"Offer automation/ML to fintech ops (recon, KYC, collections).",Low,https://www.cbn.gov.ng/PaymentsSystem/InternationalMoneyTransferOperators.html,No clean disclosed funding total in free sources used for this build; listed for directory coverage.,2026-09-25
Global Spread Investment & Commercial Services,Fintech,Global Spread Investment & Commercial Services: FCCPC-registered digital money lender / consumer credit apps.,,FCCPC,Digital Money Lender,Listed,Nigeria,,Nigeria,,Fintech,,,Undisclosed,2,Directory listing; funding undisclosed in free sources used.,CAC; NDPR; FCCPC-registered Digital Money Lender (DML).,Yes,"Offer automation/ML to fintech ops (recon, KYC, collections).",Low,https://fccpc.gov.ng/registration-of-digital-money-lenders/approvals-of-dmls/,No clean disclosed funding total in free sources used for this build; listed for directory coverage.,2026-09-25
Global Wire Ng,Fintech,Global Wire Ng: CBN-licensed International Money Transfer Operator.,,CBN,IMTO,Listed,Nigeria,,Nigeria,,Fintech,,,Undisclosed,2,Directory listing; funding undisclosed in free sources used.,CAC; NDPR; CBN International Money Transfer Operator (IMTO).,Yes,"Offer automation/ML to fintech ops (recon, KYC, collections).",Low,https://www.cbn.gov.ng/PaymentsSystem/InternationalMoneyTransferOperators.html,No clean disclosed funding total in free sources used for this build; listed for directory coverage.,2026-09-25
Glosh Tech,Fintech,Glosh Tech: FCCPC-registered digital money lender / consumer credit apps.,,FCCPC,Digital Money Lender,Listed,Nigeria,,Nigeria,,Fintech,,,Undisclosed,2,Directory listing; funding undisclosed in free sources used.,CAC; NDPR; FCCPC-registered Digital Money Lender (DML).,Yes,"Offer automation/ML to fintech ops (recon, KYC, collections).",Low,https://fccpc.gov.ng/registration-of-digital-money-lenders/approvals-of-dmls/,No clean disclosed funding total in free sources used for this build; listed for directory coverage.,2026-09-25
Gmt Tech App And Gmttechnologiesltd.Com,Fintech,Gmt Tech App And Gmttechnologiesltd.Com: FCCPC-registered digital money lender / consumer credit apps.,,FCCPC,Digital Money Lender,Listed,Nigeria,,Nigeria,,Fintech,,,Undisclosed,2,Directory listing; funding undisclosed in free sources used.,CAC; NDPR; FCCPC-registered Digital Money Lender (DML).,Yes,"Offer automation/ML to fintech ops (recon, KYC, collections).",Low,https://fccpc.gov.ng/registration-of-digital-money-lenders/approvals-of-dmls/,No clean disclosed funding total in free sources used for this build; listed for directory coverage.,2026-09-25
Gmt Technologies,Fintech,Gmt Technologies: FCCPC-registered digital money lender / consumer credit apps.,,FCCPC,Digital Money Lender,Listed,Nigeria,,Nigeria,,Fintech,,,Undisclosed,2,Directory listing; funding undisclosed in free sources used.,CAC; NDPR; FCCPC-registered Digital Money Lender (DML).,Yes,"Offer automation/ML to fintech ops (recon, KYC, collections).",Low,https://fccpc.gov.ng/registration-of-digital-money-lenders/approvals-of-dmls/,No clean disclosed funding total in free sources used for this build; listed for directory coverage.,2026-09-25
Goharvest International,Fintech,Goharvest International: FCCPC-registered digital money lender / consumer credit apps.,,FCCPC,Digital Money Lender,Listed,Nigeria,,Nigeria,,Fintech,,,Undisclosed,2,Directory listing; funding undisclosed in free sources used.,CAC; NDPR; FCCPC-registered Digital Money Lender (DML).,Yes,"Offer automation/ML to fintech ops (recon, KYC, collections).",Low,https://fccpc.gov.ng/registration-of-digital-money-lenders/approvals-of-dmls/,No clean disclosed funding total in free sources used for this build; listed for directory coverage.,2026-09-25
Goldstack Technologies,Fintech,Goldstack Technologies: CBN-licensed International Money Transfer Operator.,,CBN,IMTO,Listed,Nigeria,,Nigeria,,Fintech,,,Undisclosed,2,Directory listing; funding undisclosed in free sources used.,CAC; NDPR; CBN International Money Transfer Operator (IMTO).,Yes,"Offer automation/ML to fintech ops (recon, KYC, collections).",Low,https://www.cbn.gov.ng/PaymentsSystem/InternationalMoneyTransferOperators.html,No clean disclosed funding total in free sources used for this build; listed for directory coverage.,2026-09-25
Gpay Instant Solution,Fintech,Gpay Instant Solution: CBN-authorised Payment Solutions Service Provider (gateway/merchant collections).,,CBN,PSSP,Listed,Nigeria,,Nigeria,,Fintech,,,Undisclosed,2,Directory listing; funding undisclosed in free sources used.,CAC; NDPR; CBN PSSP.,Yes,"Offer automation/ML to fintech ops (recon, KYC, collections).",Low,https://www.cbn.gov.ng/PaymentsSystem/PSPs.html,No clean disclosed funding total in free sources used for this build; listed for directory coverage.,2026-09-25
Gracemoni,Fintech,Gracemoni: FCCPC-registered digital money lender / consumer credit apps.,,FCCPC,Digital Money Lender,Listed,Nigeria,,Nigeria,,Fintech,,,Undisclosed,2,Directory listing; funding undisclosed in free sources used.,CAC; NDPR; FCCPC-registered Digital Money Lender (DML).,Yes,"Offer automation/ML to fintech ops (recon, KYC, collections).",Low,https://fccpc.gov.ng/registration-of-digital-money-lenders/approvals-of-dmls/,No clean disclosed funding total in free sources used for this build; listed for directory coverage.,2026-09-25
Grants Payments Solutions,Fintech,Grants Payments Solutions: CBN-licensed International Money Transfer Operator.,,CBN,IMTO,Listed,Nigeria,,Nigeria,,Fintech,,,Undisclosed,2,Directory listing; funding undisclosed in free sources used.,CAC; NDPR; CBN International Money Transfer Operator (IMTO).,Yes,"Offer automation/ML to fintech ops (recon, KYC, collections).",Low,https://www.cbn.gov.ng/PaymentsSystem/InternationalMoneyTransferOperators.html,No clean disclosed funding total in free sources used for this build; listed for directory coverage.,2026-09-25
Graysville Trading,Fintech,Graysville Trading: FCCPC-registered digital money lender / consumer credit apps.,,FCCPC,Digital Money Lender,Listed,Nigeria,,Nigeria,,Fintech,,,Undisclosed,2,Directory listing; funding undisclosed in free sources used.,CAC; NDPR; FCCPC-registered Digital Money Lender (DML).,Yes,"Offer automation/ML to fintech ops (recon, KYC, collections).",Low,https://fccpc.gov.ng/registration-of-digital-money-lenders/approvals-of-dmls/,No clean disclosed funding total in free sources used for this build; listed for directory coverage.,2026-09-25
Greatcosmos Ng,Fintech,Greatcosmos Ng: FCCPC-registered digital money lender / consumer credit apps.,,FCCPC,Digital Money Lender,Listed,Nigeria,,Nigeria,,Fintech,,,Undisclosed,2,Directory listing; funding undisclosed in free sources used.,CAC; NDPR; FCCPC-registered Digital Money Lender (DML).,Yes,"Offer automation/ML to fintech ops (recon, KYC, collections).",Low,https://fccpc.gov.ng/registration-of-digital-money-lenders/approvals-of-dmls/,No clean disclosed funding total in free sources used for this build; listed for directory coverage.,2026-09-25
Greatfin,Fintech,Greatfin: FCCPC-registered digital money lender / consumer credit apps.,,FCCPC,Digital Money Lender,Listed,Nigeria,,Nigeria,,Fintech,,,Undisclosed,2,Directory listing; funding undisclosed in free sources used.,CAC; NDPR; FCCPC-registered Digital Money Lender (DML).,Yes,"Offer automation/ML to fintech ops (recon, KYC, collections).",Low,https://fccpc.gov.ng/registration-of-digital-money-lenders/approvals-of-dmls/,No clean disclosed funding total in free sources used for this build; listed for directory coverage.,2026-09-25
Green Family Loan,Fintech,Green Family Loan: FCCPC-registered digital money lender / consumer credit apps.,,FCCPC,Digital Money Lender,Listed,Nigeria,,Nigeria,,Fintech,,,Undisclosed,2,Directory listing; funding undisclosed in free sources used.,CAC; NDPR; FCCPC-registered Digital Money Lender (DML).,Yes,"Offer automation/ML to fintech ops (recon, KYC, collections).",Low,https://fccpc.gov.ng/registration-of-digital-money-lenders/approvals-of-dmls/,No clean disclosed funding total in free sources used for this build; listed for directory coverage.,2026-09-25
Green Tech Innovations,Fintech,Green Tech Innovations: FCCPC-registered digital money lender / consumer credit apps.,,FCCPC,Digital Money Lender,Listed,Nigeria,,Nigeria,,Fintech,,,Undisclosed,2,Directory listing; funding undisclosed in free sources used.,CAC; NDPR; FCCPC-registered Digital Money Lender (DML).,Yes,"Offer automation/ML to fintech ops (recon, KYC, collections).",Low,https://fccpc.gov.ng/registration-of-digital-money-lenders/approvals-of-dmls/,No clean disclosed funding total in free sources used for this build; listed for directory coverage.,2026-09-25
Greenbond Finance Company,Fintech,Greenbond Finance Company: FCCPC-registered digital money lender / consumer credit apps.,,FCCPC,Digital Money Lender,Listed,Nigeria,,Nigeria,,Fintech,,,Undisclosed,2,Directory listing; funding undisclosed in free sources used.,CAC; NDPR; FCCPC-registered Digital Money Lender (DML).,Yes,"Offer automation/ML to fintech ops (recon, KYC, collections).",Low,https://fccpc.gov.ng/registration-of-digital-money-lenders/approvals-of-dmls/,No clean disclosed funding total in free sources used for this build; listed for directory coverage.,2026-09-25
Grit-Tech,Fintech,Grit-Tech: FCCPC-registered digital money lender / consumer credit apps.,,FCCPC,Digital Money Lender,Listed,Nigeria,,Nigeria,,Fintech,,,Undisclosed,2,Directory listing; funding undisclosed in free sources used.,CAC; NDPR; FCCPC-registered Digital Money Lender (DML).,Yes,"Offer automation/ML to fintech ops (recon, KYC, collections).",Low,https://fccpc.gov.ng/registration-of-digital-money-lenders/approvals-of-dmls/,No clean disclosed funding total in free sources used for this build; listed for directory coverage.,2026-09-25
Grit-Tech Loan App,Fintech,Grit-Tech Loan App: FCCPC-registered digital money lender / consumer credit apps.,,FCCPC,Digital Money Lender,Listed,Nigeria,,Nigeria,,Fintech,,,Undisclosed,2,Directory listing; funding undisclosed in free sources used.,CAC; NDPR; FCCPC-registered Digital Money Lender (DML).,Yes,"Offer automation/ML to fintech ops (recon, KYC, collections).",Low,https://fccpc.gov.ng/registration-of-digital-money-lenders/approvals-of-dmls/,No clean disclosed funding total in free sources used for this build; listed for directory coverage.,2026-09-25
Grola Tech Credit,Fintech,Grola Tech Credit: FCCPC-registered digital money lender / consumer credit apps.,,FCCPC,Digital Money Lender,Listed,Nigeria,,Nigeria,,Fintech,,,Undisclosed,2,Directory listing; funding undisclosed in free sources used.,CAC; NDPR; FCCPC-registered Digital Money Lender (DML).,Yes,"Offer automation/ML to fintech ops (recon, KYC, collections).",Low,https://fccpc.gov.ng/registration-of-digital-money-lenders/approvals-of-dmls/,No clean disclosed funding total in free sources used for this build; listed for directory coverage.,2026-09-25
Gromonee Investment,Fintech,Gromonee Investment: FCCPC-registered digital money lender / consumer credit apps.,,FCCPC,Digital Money Lender,Listed,Nigeria,,Nigeria,,Fintech,,,Undisclosed,2,Directory listing; funding undisclosed in free sources used.,CAC; NDPR; FCCPC-registered Digital Money Lender (DML).,Yes,"Offer automation/ML to fintech ops (recon, KYC, collections).",Low,https://fccpc.gov.ng/registration-of-digital-money-lenders/approvals-of-dmls/,No clean disclosed funding total in free sources used for this build; listed for directory coverage.,2026-09-25
Growise Fort,Fintech,Growise Fort: FCCPC-registered digital money lender / consumer credit apps.,,FCCPC,Digital Money Lender,Listed,Nigeria,,Nigeria,,Fintech,,,Undisclosed,2,Directory listing; funding undisclosed in free sources used.,CAC; NDPR; FCCPC-registered Digital Money Lender (DML).,Yes,"Offer automation/ML to fintech ops (recon, KYC, collections).",Low,https://fccpc.gov.ng/registration-of-digital-money-lenders/approvals-of-dmls/,No clean disclosed funding total in free sources used for this build; listed for directory coverage.,2026-09-25
Gti Microfinance Bank,Fintech,Gti Microfinance Bank: FCCPC-registered digital money lender / consumer credit apps.,,FCCPC,Digital Money Lender,Listed,Nigeria,,Nigeria,,Fintech,,,Undisclosed,2,Directory listing; funding undisclosed in free sources used.,CAC; NDPR; FCCPC-registered Digital Money Lender (DML).,Yes,"Offer automation/ML to fintech ops (recon, KYC, collections).",Low,https://fccpc.gov.ng/registration-of-digital-money-lenders/approvals-of-dmls/,No clean disclosed funding total in free sources used for this build; listed for directory coverage.,2026-09-25
GTP Client Services,Fintech,GTP Client Services: CBN-authorised Payment Solutions Service Provider (gateway/merchant collections).,,CBN,PSSP,Listed,Nigeria,,Nigeria,,Fintech,,,Undisclosed,2,Directory listing; funding undisclosed in free sources used.,CAC; NDPR; CBN PSSP.,Yes,"Offer automation/ML to fintech ops (recon, KYC, collections).",Low,https://www.cbn.gov.ng/PaymentsSystem/PSPs.html,No clean disclosed funding total in free sources used for this build; listed for directory coverage.,2026-09-25
Gtxn Co,Fintech,Gtxn Co: CBN-licensed International Money Transfer Operator.,,CBN,IMTO,Listed,Nigeria,,Nigeria,,Fintech,,,Undisclosed,2,Directory listing; funding undisclosed in free sources used.,CAC; NDPR; CBN International Money Transfer Operator (IMTO).,Yes,"Offer automation/ML to fintech ops (recon, KYC, collections).",Low,https://www.cbn.gov.ng/PaymentsSystem/InternationalMoneyTransferOperators.html,No clean disclosed funding total in free sources used for this build; listed for directory coverage.,2026-09-25
Gwills Payments Service,Fintech,Gwills Payments Service: CBN-authorised Super-Agent for agency banking distribution.,,CBN,Super-Agent,Listed,Nigeria,,Nigeria,,B2B2C agency banking,,,Undisclosed,2,Directory listing; funding undisclosed in free sources used.,CBN Super-Agent; agent network compliance; NDPR; CAC.,Yes,Sell agent performance and AML monitoring to Super-Agents.,Med,https://www.cbn.gov.ng/PaymentsSystem/PSPs.html,No clean disclosed funding total in free sources used for this build; listed for directory coverage.,2026-09-25
Habaripay,Fintech,Habaripay: CBN Switching and Processing licensee.,,CBN,Switching,Listed,Nigeria,,Nigeria,,Fintech,,,Undisclosed,2,Directory listing; funding undisclosed in free sources used.,CAC; NDPR; CBN Switching & Processing.,Yes,"Offer automation/ML to fintech ops (recon, KYC, collections).",Low,https://www.cbn.gov.ng/PaymentsSystem/PSPs.html,No clean disclosed funding total in free sources used for this build; listed for directory coverage.,2026-09-25
Hadi Africa,Fintech,Hadi Africa: FCCPC-registered digital money lender / consumer credit apps.,,FCCPC,Digital Money Lender,Listed,Nigeria,,Nigeria,,Fintech,,,Undisclosed,2,Directory listing; funding undisclosed in free sources used.,CAC; NDPR; FCCPC-registered Digital Money Lender (DML).,Yes,"Offer automation/ML to fintech ops (recon, KYC, collections).",Low,https://fccpc.gov.ng/registration-of-digital-money-lenders/approvals-of-dmls/,No clean disclosed funding total in free sources used for this build; listed for directory coverage.,2026-09-25
Hastelloy Advance,Fintech,Hastelloy Advance: FCCPC-registered digital money lender / consumer credit apps.,,FCCPC,Digital Money Lender,Listed,Nigeria,,Nigeria,,Fintech,,,Undisclosed,2,Directory listing; funding undisclosed in free sources used.,CAC; NDPR; FCCPC-registered Digital Money Lender (DML).,Yes,"Offer automation/ML to fintech ops (recon, KYC, collections).",Low,https://fccpc.gov.ng/registration-of-digital-money-lenders/approvals-of-dmls/,No clean disclosed funding total in free sources used for this build; listed for directory coverage.,2026-09-25
Hea-Dew Solutions,Fintech,Hea-Dew Solutions: CBN-authorised Payment Solutions Service Provider (gateway/merchant collections).,,CBN,PSSP,Listed,Nigeria,,Nigeria,,Fintech,,,Undisclosed,2,Directory listing; funding undisclosed in free sources used.,CAC; NDPR; CBN PSSP.,Yes,"Offer automation/ML to fintech ops (recon, KYC, collections).",Low,https://www.cbn.gov.ng/PaymentsSystem/PSPs.html,No clean disclosed funding total in free sources used for this build; listed for directory coverage.,2026-09-25
Heat Finance And Investments,Fintech,Heat Finance And Investments: FCCPC-registered digital money lender / consumer credit apps.,,FCCPC,Digital Money Lender,Listed,Nigeria,,Nigeria,,Fintech,,,Undisclosed,2,Directory listing; funding undisclosed in free sources used.,CAC; NDPR; FCCPC-registered Digital Money Lender (DML).,Yes,"Offer automation/ML to fintech ops (recon, KYC, collections).",Low,https://fccpc.gov.ng/registration-of-digital-money-lenders/approvals-of-dmls/,No clean disclosed funding total in free sources used for this build; listed for directory coverage.,2026-09-25
Hedonmark Management Services,Fintech,Hedonmark Management Services: CBN-licensed Mobile Money Operator (e-money/wallets).,,CBN,MMO,Listed,Nigeria,,Nigeria,,Fintech,,,Undisclosed,2,Directory listing; funding undisclosed in free sources used.,CAC; NDPR; CBN Mobile Money Operator (MMO).,Yes,"Offer automation/ML to fintech ops (recon, KYC, collections).",Low,https://www.cbn.gov.ng/PaymentsSystem/PSPs.html,No clean disclosed funding total in free sources used for this build; listed for directory coverage.,2026-09-25
Hellopay Africa Integrated Service,Fintech,Hellopay Africa Integrated Service: CBN-authorised Payment Solutions Service Provider (gateway/merchant collections).,,CBN,PSSP,Listed,Nigeria,,Nigeria,,Fintech,,,Undisclosed,2,Directory listing; funding undisclosed in free sources used.,CAC; NDPR; CBN PSSP.,Yes,"Offer automation/ML to fintech ops (recon, KYC, collections).",Low,https://www.cbn.gov.ng/PaymentsSystem/PSPs.html,No clean disclosed funding total in free sources used for this build; listed for directory coverage.,2026-09-25
Helppo Africa,Fintech,Helppo Africa: FCCPC-registered digital money lender / consumer credit apps.,,FCCPC,Digital Money Lender,Listed,Nigeria,,Nigeria,,Fintech,,,Undisclosed,2,Directory listing; funding undisclosed in free sources used.,CAC; NDPR; FCCPC-registered Digital Money Lender (DML).,Yes,"Offer automation/ML to fintech ops (recon, KYC, collections).",Low,https://fccpc.gov.ng/registration-of-digital-money-lenders/approvals-of-dmls/,No clean disclosed funding total in free sources used for this build; listed for directory coverage.,2026-09-25
Hen Credit Loan,Fintech,Hen Credit Loan: FCCPC-registered digital money lender / consumer credit apps.,,FCCPC,Digital Money Lender,Listed,Nigeria,,Nigeria,,Fintech,,,Undisclosed,2,Directory listing; funding undisclosed in free sources used.,CAC; NDPR; FCCPC-registered Digital Money Lender (DML).,Yes,"Offer automation/ML to fintech ops (recon, KYC, collections).",Low,https://fccpc.gov.ng/registration-of-digital-money-lenders/approvals-of-dmls/,No clean disclosed funding total in free sources used for this build; listed for directory coverage.,2026-09-25
Hermoney Finance,Fintech,Hermoney Finance: FCCPC-registered digital money lender / consumer credit apps.,,FCCPC,Digital Money Lender,Listed,Nigeria,,Nigeria,,Fintech,,,Undisclosed,2,Directory listing; funding undisclosed in free sources used.,CAC; NDPR; FCCPC-registered Digital Money Lender (DML).,Yes,"Offer automation/ML to fintech ops (recon, KYC, collections).",Low,https://fccpc.gov.ng/registration-of-digital-money-lenders/approvals-of-dmls/,No clean disclosed funding total in free sources used for this build; listed for directory coverage.,2026-09-25
Hervest For Women,Fintech,Hervest For Women: FCCPC-registered digital money lender / consumer credit apps.,,FCCPC,Digital Money Lender,Listed,Nigeria,,Nigeria,,Fintech,,,Undisclosed,2,Directory listing; funding undisclosed in free sources used.,CAC; NDPR; FCCPC-registered Digital Money Lender (DML).,Yes,"Offer automation/ML to fintech ops (recon, KYC, collections).",Low,https://fccpc.gov.ng/registration-of-digital-money-lenders/approvals-of-dmls/,No clean disclosed funding total in free sources used for this build; listed for directory coverage.,2026-09-25
Highcredit,Fintech,Highcredit: FCCPC-registered digital money lender / consumer credit apps.,,FCCPC,Digital Money Lender,Listed,Nigeria,,Nigeria,,Fintech,,,Undisclosed,2,Directory listing; funding undisclosed in free sources used.,CAC; NDPR; FCCPC-registered Digital Money Lender (DML).,Yes,"Offer automation/ML to fintech ops (recon, KYC, collections).",Low,https://fccpc.gov.ng/registration-of-digital-money-lenders/approvals-of-dmls/,No clean disclosed funding total in free sources used for this build; listed for directory coverage.,2026-09-25
Hillside Lending,Fintech,Hillside Lending: FCCPC-registered digital money lender / consumer credit apps.,,FCCPC,Digital Money Lender,Listed,Nigeria,,Nigeria,,Fintech,,,Undisclosed,2,Directory listing; funding undisclosed in free sources used.,CAC; NDPR; FCCPC-registered Digital Money Lender (DML).,Yes,"Offer automation/ML to fintech ops (recon, KYC, collections).",Low,https://fccpc.gov.ng/registration-of-digital-money-lenders/approvals-of-dmls/,No clean disclosed funding total in free sources used for this build; listed for directory coverage.,2026-09-25
Hizo Technology,Fintech,Hizo Technology: FCCPC-registered digital money lender / consumer credit apps.,,FCCPC,Digital Money Lender,Listed,Nigeria,,Nigeria,,Fintech,,,Undisclosed,2,Directory listing; funding undisclosed in free sources used.,CAC; NDPR; FCCPC-registered Digital Money Lender (DML).,Yes,"Offer automation/ML to fintech ops (recon, KYC, collections).",Low,https://fccpc.gov.ng/registration-of-digital-money-lenders/approvals-of-dmls/,No clean disclosed funding total in free sources used for this build; listed for directory coverage.,2026-09-25
Hoil Investment,Fintech,Hoil Investment: FCCPC-registered digital money lender / consumer credit apps.,,FCCPC,Digital Money Lender,Listed,Nigeria,,Nigeria,,Fintech,,,Undisclosed,2,Directory listing; funding undisclosed in free sources used.,CAC; NDPR; FCCPC-registered Digital Money Lender (DML).,Yes,"Offer automation/ML to fintech ops (recon, KYC, collections).",Low,https://fccpc.gov.ng/registration-of-digital-money-lenders/approvals-of-dmls/,No clean disclosed funding total in free sources used for this build; listed for directory coverage.,2026-09-25
Hollandale,Fintech,Hollandale: FCCPC-registered digital money lender / consumer credit apps.,,FCCPC,Digital Money Lender,Listed,Nigeria,,Nigeria,,Fintech,,,Undisclosed,2,Directory listing; funding undisclosed in free sources used.,CAC; NDPR; FCCPC-registered Digital Money Lender (DML).,Yes,"Offer automation/ML to fintech ops (recon, KYC, collections).",Low,https://fccpc.gov.ng/registration-of-digital-money-lenders/approvals-of-dmls/,No clean disclosed funding total in free sources used for this build; listed for directory coverage.,2026-09-25
Hometown Fintech,Fintech,Hometown Fintech: FCCPC-registered digital money lender / consumer credit apps.,,FCCPC,Digital Money Lender,Listed,Nigeria,,Nigeria,,Fintech,,,Undisclosed,2,Directory listing; funding undisclosed in free sources used.,CAC; NDPR; FCCPC-registered Digital Money Lender (DML).,Yes,"Offer automation/ML to fintech ops (recon, KYC, collections).",Low,https://fccpc.gov.ng/registration-of-digital-money-lenders/approvals-of-dmls/,No clean disclosed funding total in free sources used for this build; listed for directory coverage.,2026-09-25
Horizon Lending,Fintech,Horizon Lending: FCCPC-registered digital money lender / consumer credit apps.,,FCCPC,Digital Money Lender,Listed,Nigeria,,Nigeria,,Fintech,,,Undisclosed,2,Directory listing; funding undisclosed in free sources used.,CAC; NDPR; FCCPC-registered Digital Money Lender (DML).,Yes,"Offer automation/ML to fintech ops (recon, KYC, collections).",Low,https://fccpc.gov.ng/registration-of-digital-money-lenders/approvals-of-dmls/,No clean disclosed funding total in free sources used for this build; listed for directory coverage.,2026-09-25
Horizonpay,Fintech,Horizonpay: CBN-authorised Super-Agent for agency banking distribution.,,CBN,Super-Agent,Listed,Nigeria,,Nigeria,,B2B2C agency banking,,,Undisclosed,2,Directory listing; funding undisclosed in free sources used.,CBN Super-Agent; agent network compliance; NDPR; CAC.,Yes,Sell agent performance and AML monitoring to Super-Agents.,Med,https://www.cbn.gov.ng/PaymentsSystem/PSPs.html,No clean disclosed funding total in free sources used for this build; listed for directory coverage.,2026-09-25
Huiospay,Fintech,Huiospay: CBN-authorised Payment Solutions Service Provider (gateway/merchant collections).,,CBN,PSSP,Listed,Nigeria,,Nigeria,,Fintech,,,Undisclosed,2,Directory listing; funding undisclosed in free sources used.,CAC; NDPR; CBN PSSP.,Yes,"Offer automation/ML to fintech ops (recon, KYC, collections).",Low,https://www.cbn.gov.ng/PaymentsSystem/PSPs.html,No clean disclosed funding total in free sources used for this build; listed for directory coverage.,2026-09-25
Hydrogen Pay,Fintech,Hydrogen Payment Services switching/processing.,,CBN,Switching,Listed,Lagos,Lagos,Nigeria,,Fintech,,,Undisclosed,2,Directory listing; funding undisclosed in free sources used.,CAC; NDPR; often CBN PSP/MMO/IMTO and/or FCCPC DML; SEC if capital-markets.,Yes,"Offer automation/ML to fintech ops (recon, KYC, collections).",Low,https://www.cbn.gov.ng/PaymentsSystem/PSPs.html,No clean disclosed funding total in free sources used for this build; listed for directory coverage.,2026-09-25
Hydrogen Payment Services,Fintech,Hydrogen Payment Services: CBN Switching and Processing licensee.,,CBN,Switching,Listed,Nigeria,,Nigeria,,Fintech,,,Undisclosed,2,Directory listing; funding undisclosed in free sources used.,CAC; NDPR; CBN Switching & Processing.,Yes,"Offer automation/ML to fintech ops (recon, KYC, collections).",Low,https://www.cbn.gov.ng/PaymentsSystem/PSPs.html,No clean disclosed funding total in free sources used for this build; listed for directory coverage.,2026-09-25
Ibs Golden Investment Company,Fintech,Ibs Golden Investment Company: FCCPC-registered digital money lender / consumer credit apps.,,FCCPC,Digital Money Lender,Listed,Nigeria,,Nigeria,,Fintech,,,Undisclosed,2,Directory listing; funding undisclosed in free sources used.,CAC; NDPR; FCCPC-registered Digital Money Lender (DML).,Yes,"Offer automation/ML to fintech ops (recon, KYC, collections).",Low,https://fccpc.gov.ng/registration-of-digital-money-lenders/approvals-of-dmls/,No clean disclosed funding total in free sources used for this build; listed for directory coverage.,2026-09-25
ICAD Concord,Fintech,ICAD Concord: CBN-authorised Payment Solutions Service Provider (gateway/merchant collections).,,CBN,PSSP,Listed,Nigeria,,Nigeria,,Fintech,,,Undisclosed,2,Directory listing; funding undisclosed in free sources used.,CAC; NDPR; CBN PSSP.,Yes,"Offer automation/ML to fintech ops (recon, KYC, collections).",Low,https://www.cbn.gov.ng/PaymentsSystem/PSPs.html,No clean disclosed funding total in free sources used for this build; listed for directory coverage.,2026-09-25
Iferox Filex,Fintech,Iferox Filex: FCCPC-registered digital money lender / consumer credit apps.,,FCCPC,Digital Money Lender,Listed,Nigeria,,Nigeria,,Fintech,,,Undisclosed,2,Directory listing; funding undisclosed in free sources used.,CAC; NDPR; FCCPC-registered Digital Money Lender (DML).,Yes,"Offer automation/ML to fintech ops (recon, KYC, collections).",Low,https://fccpc.gov.ng/registration-of-digital-money-lenders/approvals-of-dmls/,No clean disclosed funding total in free sources used for this build; listed for directory coverage.,2026-09-25
Ikasa,Fintech,Ikasa: FCCPC-registered digital money lender / consumer credit apps.,,FCCPC,Digital Money Lender,Listed,Nigeria,,Nigeria,,Fintech,,,Undisclosed,2,Directory listing; funding undisclosed in free sources used.,CAC; NDPR; FCCPC-registered Digital Money Lender (DML).,Yes,"Offer automation/ML to fintech ops (recon, KYC, collections).",Low,https://fccpc.gov.ng/registration-of-digital-money-lenders/approvals-of-dmls/,No clean disclosed funding total in free sources used for this build; listed for directory coverage.,2026-09-25
IMONEY BY operated by Elsner Technology PVT,Fintech,IMONEY BY operated by Elsner Technology PVT: FCCPC-registered digital money lender / consumer credit apps.,,FCCPC,Digital Money Lender,Listed,Nigeria,,Nigeria,,Fintech,,,Undisclosed,2,Directory listing; funding undisclosed in free sources used.,CAC; NDPR; FCCPC-registered Digital Money Lender (DML).,Yes,"Offer automation/ML to fintech ops (recon, KYC, collections).",Low,https://fccpc.gov.ng/registration-of-digital-money-lenders/approvals-of-dmls/,No clean disclosed funding total in free sources used for this build; listed for directory coverage.,2026-09-25
Inchoi Technology,Fintech,Inchoi Technology: FCCPC-registered digital money lender / consumer credit apps.,,FCCPC,Digital Money Lender,Listed,Nigeria,,Nigeria,,Fintech,,,Undisclosed,2,Directory listing; funding undisclosed in free sources used.,CAC; NDPR; FCCPC-registered Digital Money Lender (DML).,Yes,"Offer automation/ML to fintech ops (recon, KYC, collections).",Low,https://fccpc.gov.ng/registration-of-digital-money-lenders/approvals-of-dmls/,No clean disclosed funding total in free sources used for this build; listed for directory coverage.,2026-09-25
Indie Finance Company,Fintech,Indie Finance Company: FCCPC-registered digital money lender / consumer credit apps.,,FCCPC,Digital Money Lender,Listed,Nigeria,,Nigeria,,Fintech,,,Undisclosed,2,Directory listing; funding undisclosed in free sources used.,CAC; NDPR; FCCPC-registered Digital Money Lender (DML).,Yes,"Offer automation/ML to fintech ops (recon, KYC, collections).",Low,https://fccpc.gov.ng/registration-of-digital-money-lenders/approvals-of-dmls/,No clean disclosed funding total in free sources used for this build; listed for directory coverage.,2026-09-25
Infibranches Technology,Fintech,Infibranches Technology: CBN-authorised Super-Agent for agency banking distribution.,,CBN,Super-Agent,Listed,Nigeria,,Nigeria,,B2B2C agency banking,,,Undisclosed,2,Directory listing; funding undisclosed in free sources used.,CBN Super-Agent; agent network compliance; NDPR; CAC.,Yes,Sell agent performance and AML monitoring to Super-Agents.,Med,https://www.cbn.gov.ng/PaymentsSystem/PSPs.html,No clean disclosed funding total in free sources used for this build; listed for directory coverage.,2026-09-25
Infiniti Segments,Fintech,Infiniti Segments: CBN-authorised Payment Solutions Service Provider (gateway/merchant collections).,,CBN,PSSP,Listed,Nigeria,,Nigeria,,Fintech,,,Undisclosed,2,Directory listing; funding undisclosed in free sources used.,CAC; NDPR; CBN PSSP.,Yes,"Offer automation/ML to fintech ops (recon, KYC, collections).",Low,https://www.cbn.gov.ng/PaymentsSystem/PSPs.html,No clean disclosed funding total in free sources used for this build; listed for directory coverage.,2026-09-25
Instawave Internet Technology,Fintech,Instawave Internet Technology: FCCPC-registered digital money lender / consumer credit apps.,,FCCPC,Digital Money Lender,Listed,Nigeria,,Nigeria,,Fintech,,,Undisclosed,2,Directory listing; funding undisclosed in free sources used.,CAC; NDPR; FCCPC-registered Digital Money Lender (DML).,Yes,"Offer automation/ML to fintech ops (recon, KYC, collections).",Low,https://fccpc.gov.ng/registration-of-digital-money-lenders/approvals-of-dmls/,No clean disclosed funding total in free sources used for this build; listed for directory coverage.,2026-09-25
Integrated Revenue Collection and Management Solution,Fintech,Integrated Revenue Collection and Management Solution: CBN-authorised Payment Solutions Service Provider (gateway/merchant collections).,,CBN,PSSP,Listed,Nigeria,,Nigeria,,Fintech,,,Undisclosed,2,Directory listing; funding undisclosed in free sources used.,CAC; NDPR; CBN PSSP.,Yes,"Offer automation/ML to fintech ops (recon, KYC, collections).",Low,https://www.cbn.gov.ng/PaymentsSystem/PSPs.html,No clean disclosed funding total in free sources used for this build; listed for directory coverage.,2026-09-25
Intellifin Solution,Fintech,Intellifin Solution: CBN-authorised Payment Terminal Service Provider (POS/terminals).,,CBN,PTSP,Listed,Nigeria,,Nigeria,,Fintech,,,Undisclosed,2,Directory listing; funding undisclosed in free sources used.,CAC; NDPR; CBN PTSP.,Yes,"Offer automation/ML to fintech ops (recon, KYC, collections).",Low,https://www.cbn.gov.ng/PaymentsSystem/PSPs.html,No clean disclosed funding total in free sources used for this build; listed for directory coverage.,2026-09-25
Inter-Bank Settlement System,Fintech,Inter-Bank Settlement System: CBN Payments Terminal Service Aggregator.,,Other,Fintech,Unknown,Nigeria,,Nigeria,,Fintech,,,Undisclosed,2,Directory listing; funding undisclosed in free sources used.,CAC; NDPR; CBN PTSA.,Yes,"Offer automation/ML to fintech ops (recon, KYC, collections).",Low,https://www.cbn.gov.ng/PaymentsSystem/PSPs.html,No clean disclosed funding total in free sources used for this build; listed for directory coverage.,2026-09-25
Interswitch Financial Inclusion Services,Fintech,Interswitch Financial Inclusion Services: CBN-authorised Super-Agent for agency banking distribution.,,CBN,Super-Agent,Listed,Nigeria,,Nigeria,,B2B2C agency banking,,,Undisclosed,2,Directory listing; funding undisclosed in free sources used.,CBN Super-Agent; agent network compliance; NDPR; CAC.,Yes,Sell agent performance and AML monitoring to Super-Agents.,Med,https://www.cbn.gov.ng/PaymentsSystem/PSPs.html,No clean disclosed funding total in free sources used for this build; listed for directory coverage.,2026-09-25
Interswitch PSHC,Fintech,Interswitch PSHC: CBN Payments Service Holding Company.,,CBN,Payments Holding,Listed,Nigeria,,Nigeria,,Holding / payments group,,,Undisclosed,2,Directory listing; funding undisclosed in free sources used.,CBN Payments Service Holding company rules; subsidiary licences.,Yes,Group-level compliance and reporting tooling.,Med,https://www.cbn.gov.ng/PaymentsSystem/PSPs.html,No clean disclosed funding total in free sources used for this build; listed for directory coverage.,2026-09-25
Irecharge Technology Innovations,Fintech,Irecharge Technology Innovations: CBN-authorised Payment Solutions Service Provider (gateway/merchant collections).,,CBN,PSSP,Listed,Nigeria,,Nigeria,,Fintech,,,Undisclosed,2,Directory listing; funding undisclosed in free sources used.,CAC; NDPR; CBN PSSP.,Yes,"Offer automation/ML to fintech ops (recon, KYC, collections).",Low,https://www.cbn.gov.ng/PaymentsSystem/PSPs.html,No clean disclosed funding total in free sources used for this build; listed for directory coverage.,2026-09-25
Irofit Technologies,Fintech,Irofit Technologies: CBN-authorised Payment Terminal Service Provider (POS/terminals).,,CBN,PTSP,Listed,Nigeria,,Nigeria,,Fintech,,,Undisclosed,2,Directory listing; funding undisclosed in free sources used.,CAC; NDPR; CBN PTSP.,Yes,"Offer automation/ML to fintech ops (recon, KYC, collections).",Low,https://www.cbn.gov.ng/PaymentsSystem/PSPs.html,No clean disclosed funding total in free sources used for this build; listed for directory coverage.,2026-09-25
Irofit Technologies LimitedD,Fintech,Irofit Technologies LimitedD: CBN-authorised Payment Solutions Service Provider (gateway/merchant collections).,,CBN,PSSP,Listed,Nigeria,,Nigeria,,Fintech,,,Undisclosed,2,Directory listing; funding undisclosed in free sources used.,CAC; NDPR; CBN PSSP.,Yes,"Offer automation/ML to fintech ops (recon, KYC, collections).",Low,https://www.cbn.gov.ng/PaymentsSystem/PSPs.html,No clean disclosed funding total in free sources used for this build; listed for directory coverage.,2026-09-25
Irorun Technologies,Fintech,Irorun Technologies: FCCPC-registered digital money lender / consumer credit apps.,,FCCPC,Digital Money Lender,Listed,Nigeria,,Nigeria,,Fintech,,,Undisclosed,2,Directory listing; funding undisclosed in free sources used.,CAC; NDPR; FCCPC-registered Digital Money Lender (DML).,Yes,"Offer automation/ML to fintech ops (recon, KYC, collections).",Low,https://fccpc.gov.ng/registration-of-digital-money-lenders/approvals-of-dmls/,No clean disclosed funding total in free sources used for this build; listed for directory coverage.,2026-09-25
Ishiagu Microfinance Bank,Fintech,Ishiagu Microfinance Bank: FCCPC-registered digital money lender / consumer credit apps.,,FCCPC,Digital Money Lender,Listed,Nigeria,,Nigeria,,Fintech,,,Undisclosed,2,Directory listing; funding undisclosed in free sources used.,CAC; NDPR; FCCPC-registered Digital Money Lender (DML).,Yes,"Offer automation/ML to fintech ops (recon, KYC, collections).",Low,https://fccpc.gov.ng/registration-of-digital-money-lenders/approvals-of-dmls/,No clean disclosed funding total in free sources used for this build; listed for directory coverage.,2026-09-25
Itex Integrated Services,Fintech,Itex Integrated Services: CBN-authorised Payment Solutions Service Provider (gateway/merchant collections).,,CBN,PSSP,Listed,Nigeria,,Nigeria,,Fintech,,,Undisclosed,2,Directory listing; funding undisclosed in free sources used.,CAC; NDPR; CBN PSSP.,Yes,"Offer automation/ML to fintech ops (recon, KYC, collections).",Low,https://www.cbn.gov.ng/PaymentsSystem/PSPs.html,No clean disclosed funding total in free sources used for this build; listed for directory coverage.,2026-09-25
Ivy Cred,Fintech,Ivy Cred: FCCPC-registered digital money lender / consumer credit apps.,,FCCPC,Digital Money Lender,Listed,Nigeria,,Nigeria,,Fintech,,,Undisclosed,2,Directory listing; funding undisclosed in free sources used.,CAC; NDPR; FCCPC-registered Digital Money Lender (DML).,Yes,"Offer automation/ML to fintech ops (recon, KYC, collections).",Low,https://fccpc.gov.ng/registration-of-digital-money-lenders/approvals-of-dmls/,No clean disclosed funding total in free sources used for this build; listed for directory coverage.,2026-09-25
Jalisco Lending,Fintech,Jalisco Lending: FCCPC-registered digital money lender / consumer credit apps.,,FCCPC,Digital Money Lender,Listed,Nigeria,,Nigeria,,Fintech,,,Undisclosed,2,Directory listing; funding undisclosed in free sources used.,CAC; NDPR; FCCPC-registered Digital Money Lender (DML).,Yes,"Offer automation/ML to fintech ops (recon, KYC, collections).",Low,https://fccpc.gov.ng/registration-of-digital-money-lenders/approvals-of-dmls/,No clean disclosed funding total in free sources used for this build; listed for directory coverage.,2026-09-25
Jejely Ultimate,Fintech,Jejely Ultimate: FCCPC-registered digital money lender / consumer credit apps.,,FCCPC,Digital Money Lender,Listed,Nigeria,,Nigeria,,Fintech,,,Undisclosed,2,Directory listing; funding undisclosed in free sources used.,CAC; NDPR; FCCPC-registered Digital Money Lender (DML).,Yes,"Offer automation/ML to fintech ops (recon, KYC, collections).",Low,https://fccpc.gov.ng/registration-of-digital-money-lenders/approvals-of-dmls/,No clean disclosed funding total in free sources used for this build; listed for directory coverage.,2026-09-25
Jitaku Financial Services,Fintech,Jitaku Financial Services: CBN-licensed International Money Transfer Operator.,,CBN,IMTO,Listed,Nigeria,,Nigeria,,Fintech,,,Undisclosed,2,Directory listing; funding undisclosed in free sources used.,CAC; NDPR; CBN International Money Transfer Operator (IMTO).,Yes,"Offer automation/ML to fintech ops (recon, KYC, collections).",Low,https://www.cbn.gov.ng/PaymentsSystem/InternationalMoneyTransferOperators.html,No clean disclosed funding total in free sources used for this build; listed for directory coverage.,2026-09-25
Jm Rubinus,Fintech,Jm Rubinus: FCCPC-registered digital money lender / consumer credit apps.,,FCCPC,Digital Money Lender,Listed,Nigeria,,Nigeria,,Fintech,,,Undisclosed,2,Directory listing; funding undisclosed in free sources used.,CAC; NDPR; FCCPC-registered Digital Money Lender (DML).,Yes,"Offer automation/ML to fintech ops (recon, KYC, collections).",Low,https://fccpc.gov.ng/registration-of-digital-money-lenders/approvals-of-dmls/,No clean disclosed funding total in free sources used for this build; listed for directory coverage.,2026-09-25
Jmc Alliance,Fintech,Jmc Alliance: FCCPC-registered digital money lender / consumer credit apps.,,FCCPC,Digital Money Lender,Listed,Nigeria,,Nigeria,,Fintech,,,Undisclosed,2,Directory listing; funding undisclosed in free sources used.,CAC; NDPR; FCCPC-registered Digital Money Lender (DML).,Yes,"Offer automation/ML to fintech ops (recon, KYC, collections).",Low,https://fccpc.gov.ng/registration-of-digital-money-lenders/approvals-of-dmls/,No clean disclosed funding total in free sources used for this build; listed for directory coverage.,2026-09-25
Juba Express,Fintech,Juba Express: CBN-licensed International Money Transfer Operator.,,CBN,IMTO,Listed,Nigeria,,Nigeria,,Fintech,,,Undisclosed,2,Directory listing; funding undisclosed in free sources used.,CAC; NDPR; CBN International Money Transfer Operator (IMTO).,Yes,"Offer automation/ML to fintech ops (recon, KYC, collections).",Low,https://www.cbn.gov.ng/PaymentsSystem/InternationalMoneyTransferOperators.html,No clean disclosed funding total in free sources used for this build; listed for directory coverage.,2026-09-25
Juice Technology Systems,Fintech,Juice Technology Systems: CBN-licensed International Money Transfer Operator.,,CBN,IMTO,Listed,Nigeria,,Nigeria,,Fintech,,,Undisclosed,2,Directory listing; funding undisclosed in free sources used.,CAC; NDPR; CBN International Money Transfer Operator (IMTO).,Yes,"Offer automation/ML to fintech ops (recon, KYC, collections).",Low,https://www.cbn.gov.ng/PaymentsSystem/InternationalMoneyTransferOperators.html,No clean disclosed funding total in free sources used for this build; listed for directory coverage.,2026-09-25
Jupiter Payment Services,Fintech,Jupiter Payment Services: CBN-authorised Payment Solutions Service Provider (gateway/merchant collections).,,CBN,PSSP,Listed,Nigeria,,Nigeria,,Fintech,,,Undisclosed,2,Directory listing; funding undisclosed in free sources used.,CAC; NDPR; CBN PSSP.,Yes,"Offer automation/ML to fintech ops (recon, KYC, collections).",Low,https://www.cbn.gov.ng/PaymentsSystem/PSPs.html,No clean disclosed funding total in free sources used for this build; listed for directory coverage.,2026-09-25
Justxpend,Fintech,Justxpend: Nigeria-focused fintech company listed on StartupMapAfrica sector directories. Funding undisclosed in free sources used.,,Press,Fintech,Unknown,Lagos,Lagos,Nigeria,,Fintech,,,Undisclosed,2,Directory listing; funding undisclosed in free sources used.,CAC; NDPR; often CBN PSP/MMO/IMTO and/or FCCPC DML; SEC if capital-markets.,Yes,"Offer automation/ML to fintech ops (recon, KYC, collections).",Low,https://startupmapafrica.com/startups/fintech/nigeria; https://startupmapafrica.com/startups/nigeria,No clean disclosed funding total in free sources used for this build; listed for directory coverage.,2026-09-25
Kadavra Credit,Fintech,Kadavra Credit: FCCPC-registered digital money lender / consumer credit apps.,,FCCPC,Digital Money Lender,Listed,Nigeria,,Nigeria,,Fintech,,,Undisclosed,2,Directory listing; funding undisclosed in free sources used.,CAC; NDPR; FCCPC-registered Digital Money Lender (DML).,Yes,"Offer automation/ML to fintech ops (recon, KYC, collections).",Low,https://fccpc.gov.ng/registration-of-digital-money-lenders/approvals-of-dmls/,No clean disclosed funding total in free sources used for this build; listed for directory coverage.,2026-09-25
Kadick Integrated,Fintech,Kadick Integrated: CBN-authorised Super-Agent for agency banking distribution.,,CBN,Super-Agent,Listed,Nigeria,,Nigeria,,B2B2C agency banking,,,Undisclosed,2,Directory listing; funding undisclosed in free sources used.,CBN Super-Agent; agent network compliance; NDPR; CAC.,Yes,Sell agent performance and AML monitoring to Super-Agents.,Med,https://www.cbn.gov.ng/PaymentsSystem/PSPs.html,No clean disclosed funding total in free sources used for this build; listed for directory coverage.,2026-09-25
Kajco Lending Services,Fintech,Kajco Lending Services: FCCPC-registered digital money lender / consumer credit apps.,,FCCPC,Digital Money Lender,Listed,Nigeria,,Nigeria,,Fintech,,,Undisclosed,2,Directory listing; funding undisclosed in free sources used.,CAC; NDPR; FCCPC-registered Digital Money Lender (DML).,Yes,"Offer automation/ML to fintech ops (recon, KYC, collections).",Low,https://fccpc.gov.ng/registration-of-digital-money-lenders/approvals-of-dmls/,No clean disclosed funding total in free sources used for this build; listed for directory coverage.,2026-09-25
Kalabash Technology Solutions,Fintech,Kalabash Technology Solutions: FCCPC-registered digital money lender / consumer credit apps.,,FCCPC,Digital Money Lender,Listed,Nigeria,,Nigeria,,Fintech,,,Undisclosed,2,Directory listing; funding undisclosed in free sources used.,CAC; NDPR; FCCPC-registered Digital Money Lender (DML).,Yes,"Offer automation/ML to fintech ops (recon, KYC, collections).",Low,https://fccpc.gov.ng/registration-of-digital-money-lenders/approvals-of-dmls/,No clean disclosed funding total in free sources used for this build; listed for directory coverage.,2026-09-25
Karrabo Financial Solutions,Fintech,Karrabo Financial Solutions: CBN-authorised Payment Solutions Service Provider (gateway/merchant collections).,,CBN,PSSP,Listed,Nigeria,,Nigeria,,Fintech,,,Undisclosed,2,Directory listing; funding undisclosed in free sources used.,CAC; NDPR; CBN PSSP.,Yes,"Offer automation/ML to fintech ops (recon, KYC, collections).",Low,https://www.cbn.gov.ng/PaymentsSystem/PSPs.html,No clean disclosed funding total in free sources used for this build; listed for directory coverage.,2026-09-25
Katsu Network,Fintech,Katsu Network: CBN-authorised Payment Solutions Service Provider (gateway/merchant collections).,,CBN,PSSP,Listed,Nigeria,,Nigeria,,Fintech,,,Undisclosed,2,Directory listing; funding undisclosed in free sources used.,CAC; NDPR; CBN PSSP.,Yes,"Offer automation/ML to fintech ops (recon, KYC, collections).",Low,https://www.cbn.gov.ng/PaymentsSystem/PSPs.html,No clean disclosed funding total in free sources used for this build; listed for directory coverage.,2026-09-25
Keenest Tech Service,Fintech,Keenest Tech Service: FCCPC-registered digital money lender / consumer credit apps.,,FCCPC,Digital Money Lender,Listed,Nigeria,,Nigeria,,Fintech,,,Undisclosed,2,Directory listing; funding undisclosed in free sources used.,CAC; NDPR; FCCPC-registered Digital Money Lender (DML).,Yes,"Offer automation/ML to fintech ops (recon, KYC, collections).",Low,https://fccpc.gov.ng/registration-of-digital-money-lenders/approvals-of-dmls/,No clean disclosed funding total in free sources used for this build; listed for directory coverage.,2026-09-25
Kenda Lending,Fintech,Kenda Lending: FCCPC-registered digital money lender / consumer credit apps.,,FCCPC,Digital Money Lender,Listed,Nigeria,,Nigeria,,Fintech,,,Undisclosed,2,Directory listing; funding undisclosed in free sources used.,CAC; NDPR; FCCPC-registered Digital Money Lender (DML).,Yes,"Offer automation/ML to fintech ops (recon, KYC, collections).",Low,https://fccpc.gov.ng/registration-of-digital-money-lenders/approvals-of-dmls/,No clean disclosed funding total in free sources used for this build; listed for directory coverage.,2026-09-25
Kero Global Lendas,Fintech,Kero Global Lendas: FCCPC-registered digital money lender / consumer credit apps.,,FCCPC,Digital Money Lender,Listed,Nigeria,,Nigeria,,Fintech,,,Undisclosed,2,Directory listing; funding undisclosed in free sources used.,CAC; NDPR; FCCPC-registered Digital Money Lender (DML).,Yes,"Offer automation/ML to fintech ops (recon, KYC, collections).",Low,https://fccpc.gov.ng/registration-of-digital-money-lenders/approvals-of-dmls/,No clean disclosed funding total in free sources used for this build; listed for directory coverage.,2026-09-25
Kiakia Bits,Fintech,Kiakia Bits: FCCPC-registered digital money lender / consumer credit apps.,,FCCPC,Digital Money Lender,Listed,Nigeria,,Nigeria,,Fintech,,,Undisclosed,2,Directory listing; funding undisclosed in free sources used.,CAC; NDPR; FCCPC-registered Digital Money Lender (DML).,Yes,"Offer automation/ML to fintech ops (recon, KYC, collections).",Low,https://fccpc.gov.ng/registration-of-digital-money-lenders/approvals-of-dmls/,No clean disclosed funding total in free sources used for this build; listed for directory coverage.,2026-09-25
Kilofe,Fintech,Kilofe: FCCPC-registered digital money lender / consumer credit apps.,,FCCPC,Digital Money Lender,Listed,Nigeria,,Nigeria,,Fintech,,,Undisclosed,2,Directory listing; funding undisclosed in free sources used.,CAC; NDPR; FCCPC-registered Digital Money Lender (DML).,Yes,"Offer automation/ML to fintech ops (recon, KYC, collections).",Low,https://fccpc.gov.ng/registration-of-digital-money-lenders/approvals-of-dmls/,No clean disclosed funding total in free sources used for this build; listed for directory coverage.,2026-09-25
Kiowope Capital,Fintech,Kiowope Capital: FCCPC-registered digital money lender / consumer credit apps.,,FCCPC,Digital Money Lender,Listed,Nigeria,,Nigeria,,Fintech,,,Undisclosed,2,Directory listing; funding undisclosed in free sources used.,CAC; NDPR; FCCPC-registered Digital Money Lender (DML).,Yes,"Offer automation/ML to fintech ops (recon, KYC, collections).",Low,https://fccpc.gov.ng/registration-of-digital-money-lenders/approvals-of-dmls/,No clean disclosed funding total in free sources used for this build; listed for directory coverage.,2026-09-25
Kiredi Rock Company,Fintech,Kiredi Rock Company: FCCPC-registered digital money lender / consumer credit apps.,,FCCPC,Digital Money Lender,Listed,Nigeria,,Nigeria,,Fintech,,,Undisclosed,2,Directory listing; funding undisclosed in free sources used.,CAC; NDPR; FCCPC-registered Digital Money Lender (DML).,Yes,"Offer automation/ML to fintech ops (recon, KYC, collections).",Low,https://fccpc.gov.ng/registration-of-digital-money-lenders/approvals-of-dmls/,No clean disclosed funding total in free sources used for this build; listed for directory coverage.,2026-09-25
Kiya Bits,Fintech,Kiya Bits: FCCPC-registered digital money lender / consumer credit apps.,,FCCPC,Digital Money Lender,Listed,Nigeria,,Nigeria,,Fintech,,,Undisclosed,2,Directory listing; funding undisclosed in free sources used.,CAC; NDPR; FCCPC-registered Digital Money Lender (DML).,Yes,"Offer automation/ML to fintech ops (recon, KYC, collections).",Low,https://fccpc.gov.ng/registration-of-digital-money-lenders/approvals-of-dmls/,No clean disclosed funding total in free sources used for this build; listed for directory coverage.,2026-09-25
Klas Nine,Fintech,Klas Nine: FCCPC-registered digital money lender / consumer credit apps.,,FCCPC,Digital Money Lender,Listed,Nigeria,,Nigeria,,Fintech,,,Undisclosed,2,Directory listing; funding undisclosed in free sources used.,CAC; NDPR; FCCPC-registered Digital Money Lender (DML).,Yes,"Offer automation/ML to fintech ops (recon, KYC, collections).",Low,https://fccpc.gov.ng/registration-of-digital-money-lenders/approvals-of-dmls/,No clean disclosed funding total in free sources used for this build; listed for directory coverage.,2026-09-25
Klump Technology Company,Fintech,Klump Technology Company: FCCPC-registered digital money lender / consumer credit apps.,,FCCPC,Digital Money Lender,Listed,Nigeria,,Nigeria,,Fintech,,,Undisclosed,2,Directory listing; funding undisclosed in free sources used.,CAC; NDPR; FCCPC-registered Digital Money Lender (DML).,Yes,"Offer automation/ML to fintech ops (recon, KYC, collections).",Low,https://fccpc.gov.ng/registration-of-digital-money-lenders/approvals-of-dmls/,No clean disclosed funding total in free sources used for this build; listed for directory coverage.,2026-09-25
Kobogo,Fintech,Kobogo: FCCPC-registered digital money lender / consumer credit apps.,,FCCPC,Digital Money Lender,Listed,Nigeria,,Nigeria,,Fintech,,,Undisclosed,2,Directory listing; funding undisclosed in free sources used.,CAC; NDPR; FCCPC-registered Digital Money Lender (DML).,Yes,"Offer automation/ML to fintech ops (recon, KYC, collections).",Low,https://fccpc.gov.ng/registration-of-digital-money-lenders/approvals-of-dmls/,No clean disclosed funding total in free sources used for this build; listed for directory coverage.,2026-09-25
Koins Microfinance Bank,Fintech,Koins Microfinance Bank: FCCPC-registered digital money lender / consumer credit apps.,,FCCPC,Digital Money Lender,Listed,Nigeria,,Nigeria,,Fintech,,,Undisclosed,2,Directory listing; funding undisclosed in free sources used.,CAC; NDPR; FCCPC-registered Digital Money Lender (DML).,Yes,"Offer automation/ML to fintech ops (recon, KYC, collections).",Low,https://fccpc.gov.ng/registration-of-digital-money-lenders/approvals-of-dmls/,No clean disclosed funding total in free sources used for this build; listed for directory coverage.,2026-09-25
Kolomoni Microfinance Bank,Fintech,Kolomoni Microfinance Bank: FCCPC-registered digital money lender / consumer credit apps.,,FCCPC,Digital Money Lender,Listed,Nigeria,,Nigeria,,Fintech,,,Undisclosed,2,Directory listing; funding undisclosed in free sources used.,CAC; NDPR; FCCPC-registered Digital Money Lender (DML).,Yes,"Offer automation/ML to fintech ops (recon, KYC, collections).",Low,https://fccpc.gov.ng/registration-of-digital-money-lenders/approvals-of-dmls/,No clean disclosed funding total in free sources used for this build; listed for directory coverage.,2026-09-25
Konetpay,Fintech,Konetpay: CBN-authorised Payment Solutions Service Provider (gateway/merchant collections).,,CBN,PSSP,Listed,Nigeria,,Nigeria,,Fintech,,,Undisclosed,2,Directory listing; funding undisclosed in free sources used.,CAC; NDPR; CBN PSSP.,Yes,"Offer automation/ML to fintech ops (recon, KYC, collections).",Low,https://www.cbn.gov.ng/PaymentsSystem/PSPs.html,No clean disclosed funding total in free sources used for this build; listed for directory coverage.,2026-09-25
KongaPay,Fintech,KongaPay Technologies: CBN-licensed Mobile Money Operator (e-money/wallets).,,CBN,MMO,Listed,Lagos,Lagos,Nigeria,,Fintech,,,Undisclosed,2,Directory listing; funding undisclosed in free sources used.,CAC; NDPR; often CBN PSP/MMO/IMTO and/or FCCPC DML; SEC if capital-markets.,Yes,"Offer automation/ML to fintech ops (recon, KYC, collections).",Low,https://www.cbn.gov.ng/PaymentsSystem/PSPs.html,No clean disclosed funding total in free sources used for this build; listed for directory coverage.,2026-09-25
Kora,Fintech,Kora Payments: CBN-authorised Payment Solutions Service Provider (gateway/merchant collections).,,CBN,PSSP,Listed,Lagos,Lagos,Nigeria,,Fintech,,,Undisclosed,2,Directory listing; funding undisclosed in free sources used.,CAC; NDPR; often CBN PSP/MMO/IMTO and/or FCCPC DML; SEC if capital-markets.,Yes,"Offer automation/ML to fintech ops (recon, KYC, collections).",Low,https://www.cbn.gov.ng/PaymentsSystem/PSPs.html,No clean disclosed funding total in free sources used for this build; listed for directory coverage.,2026-09-25
Kredikopa Ng,Fintech,Kredikopa Ng: FCCPC-registered digital money lender / consumer credit apps.,,FCCPC,Digital Money Lender,Listed,Nigeria,,Nigeria,,Fintech,,,Undisclosed,2,Directory listing; funding undisclosed in free sources used.,CAC; NDPR; FCCPC-registered Digital Money Lender (DML).,Yes,"Offer automation/ML to fintech ops (recon, KYC, collections).",Low,https://fccpc.gov.ng/registration-of-digital-money-lenders/approvals-of-dmls/,No clean disclosed funding total in free sources used for this build; listed for directory coverage.,2026-09-25
Kreditek Stride,Fintech,Kreditek Stride: FCCPC-registered digital money lender / consumer credit apps.,,FCCPC,Digital Money Lender,Listed,Nigeria,,Nigeria,,Fintech,,,Undisclosed,2,Directory listing; funding undisclosed in free sources used.,CAC; NDPR; FCCPC-registered Digital Money Lender (DML).,Yes,"Offer automation/ML to fintech ops (recon, KYC, collections).",Low,https://fccpc.gov.ng/registration-of-digital-money-lenders/approvals-of-dmls/,No clean disclosed funding total in free sources used for this build; listed for directory coverage.,2026-09-25
Kreston Finance,Fintech,Kreston Finance: FCCPC-registered digital money lender / consumer credit apps.,,FCCPC,Digital Money Lender,Listed,Nigeria,,Nigeria,,Fintech,,,Undisclosed,2,Directory listing; funding undisclosed in free sources used.,CAC; NDPR; FCCPC-registered Digital Money Lender (DML).,Yes,"Offer automation/ML to fintech ops (recon, KYC, collections).",Low,https://fccpc.gov.ng/registration-of-digital-money-lenders/approvals-of-dmls/,No clean disclosed funding total in free sources used for this build; listed for directory coverage.,2026-09-25
Kudi,Fintech,Agent banking/payments heritage brand.,,Other,Fintech,Unknown,Lagos,Lagos,Nigeria,,Fintech,,,Undisclosed,2,Directory listing; funding undisclosed in free sources used.,CAC; NDPR; often CBN PSP/MMO/IMTO and/or FCCPC DML; SEC if capital-markets.,Yes,"Offer automation/ML to fintech ops (recon, KYC, collections).",Low,https://disruptafrica.com/2022/10/14/nigerian-tech-startups-raised-over-2bn-between-2015-and-2022/,No clean disclosed funding total in free sources used for this build; listed for directory coverage.,2026-09-25
Kudi Pally Tech,Fintech,Kudi Pally Tech: FCCPC-registered digital money lender / consumer credit apps.,,FCCPC,Digital Money Lender,Listed,Nigeria,,Nigeria,,Fintech,,,Undisclosed,2,Directory listing; funding undisclosed in free sources used.,CAC; NDPR; FCCPC-registered Digital Money Lender (DML).,Yes,"Offer automation/ML to fintech ops (recon, KYC, collections).",Low,https://fccpc.gov.ng/registration-of-digital-money-lenders/approvals-of-dmls/,No clean disclosed funding total in free sources used for this build; listed for directory coverage.,2026-09-25
Kudo Trust,Fintech,Kudo Trust: FCCPC-registered digital money lender / consumer credit apps.,,FCCPC,Digital Money Lender,Listed,Nigeria,,Nigeria,,Fintech,,,Undisclosed,2,Directory listing; funding undisclosed in free sources used.,CAC; NDPR; FCCPC-registered Digital Money Lender (DML).,Yes,"Offer automation/ML to fintech ops (recon, KYC, collections).",Low,https://fccpc.gov.ng/registration-of-digital-money-lenders/approvals-of-dmls/,No clean disclosed funding total in free sources used for this build; listed for directory coverage.,2026-09-25
Kupa Imto,Fintech,Kupa Imto: CBN-licensed International Money Transfer Operator.,,CBN,IMTO,Listed,Nigeria,,Nigeria,,Fintech,,,Undisclosed,2,Directory listing; funding undisclosed in free sources used.,CAC; NDPR; CBN International Money Transfer Operator (IMTO).,Yes,"Offer automation/ML to fintech ops (recon, KYC, collections).",Low,https://www.cbn.gov.ng/PaymentsSystem/InternationalMoneyTransferOperators.html,No clean disclosed funding total in free sources used for this build; listed for directory coverage.,2026-09-25
Kwaba International,Fintech,Kwaba International: FCCPC-registered digital money lender / consumer credit apps.,,FCCPC,Digital Money Lender,Listed,Nigeria,,Nigeria,,Fintech,,,Undisclosed,2,Directory listing; funding undisclosed in free sources used.,CAC; NDPR; FCCPC-registered Digital Money Lender (DML).,Yes,"Offer automation/ML to fintech ops (recon, KYC, collections).",Low,https://fccpc.gov.ng/registration-of-digital-money-lenders/approvals-of-dmls/,No clean disclosed funding total in free sources used for this build; listed for directory coverage.,2026-09-25
"Kwikvault App, Surefund App, Loantech App, Creditflex App And Rapidfunds App",Fintech,"Kwikvault App, Surefund App, Loantech App, Creditflex App And Rapidfunds App: FCCPC-registered digital money lender / consumer credit apps.",,FCCPC,Digital Money Lender,Listed,Nigeria,,Nigeria,,Fintech,,,Undisclosed,2,Directory listing; funding undisclosed in free sources used.,CAC; NDPR; FCCPC-registered Digital Money Lender (DML).,Yes,"Offer automation/ML to fintech ops (recon, KYC, collections).",Low,https://fccpc.gov.ng/registration-of-digital-money-lenders/approvals-of-dmls/,No clean disclosed funding total in free sources used for this build; listed for directory coverage.,2026-09-25
Lambda Credit,Fintech,Lambda Credit: FCCPC-registered digital money lender / consumer credit apps.,,FCCPC,Digital Money Lender,Listed,Nigeria,,Nigeria,,Fintech,,,Undisclosed,2,Directory listing; funding undisclosed in free sources used.,CAC; NDPR; FCCPC-registered Digital Money Lender (DML).,Yes,"Offer automation/ML to fintech ops (recon, KYC, collections).",Low,https://fccpc.gov.ng/registration-of-digital-money-lenders/approvals-of-dmls/,No clean disclosed funding total in free sources used for this build; listed for directory coverage.,2026-09-25
Lance Bussiness Innovation Technologies,Fintech,Lance Bussiness Innovation Technologies: FCCPC-registered digital money lender / consumer credit apps.,,FCCPC,Digital Money Lender,Listed,Nigeria,,Nigeria,,Fintech,,,Undisclosed,2,Directory listing; funding undisclosed in free sources used.,CAC; NDPR; FCCPC-registered Digital Money Lender (DML).,Yes,"Offer automation/ML to fintech ops (recon, KYC, collections).",Low,https://fccpc.gov.ng/registration-of-digital-money-lenders/approvals-of-dmls/,No clean disclosed funding total in free sources used for this build; listed for directory coverage.,2026-09-25
Lantana Tech,Fintech,Lantana Tech: FCCPC-registered digital money lender / consumer credit apps.,,FCCPC,Digital Money Lender,Listed,Nigeria,,Nigeria,,Fintech,,,Undisclosed,2,Directory listing; funding undisclosed in free sources used.,CAC; NDPR; FCCPC-registered Digital Money Lender (DML).,Yes,"Offer automation/ML to fintech ops (recon, KYC, collections).",Low,https://fccpc.gov.ng/registration-of-digital-money-lenders/approvals-of-dmls/,No clean disclosed funding total in free sources used for this build; listed for directory coverage.,2026-09-25
Larkloan,Fintech,Larkloan: FCCPC-registered digital money lender / consumer credit apps.,,FCCPC,Digital Money Lender,Listed,Nigeria,,Nigeria,,Fintech,,,Undisclosed,2,Directory listing; funding undisclosed in free sources used.,CAC; NDPR; FCCPC-registered Digital Money Lender (DML).,Yes,"Offer automation/ML to fintech ops (recon, KYC, collections).",Low,https://fccpc.gov.ng/registration-of-digital-money-lenders/approvals-of-dmls/,No clean disclosed funding total in free sources used for this build; listed for directory coverage.,2026-09-25
Lbev,Fintech,Lbev: FCCPC-registered digital money lender / consumer credit apps.,,FCCPC,Digital Money Lender,Listed,Nigeria,,Nigeria,,Fintech,,,Undisclosed,2,Directory listing; funding undisclosed in free sources used.,CAC; NDPR; FCCPC-registered Digital Money Lender (DML).,Yes,"Offer automation/ML to fintech ops (recon, KYC, collections).",Low,https://fccpc.gov.ng/registration-of-digital-money-lenders/approvals-of-dmls/,No clean disclosed funding total in free sources used for this build; listed for directory coverage.,2026-09-25
Leadremit,Fintech,Leadremit: CBN-authorised Payment Solutions Service Provider (gateway/merchant collections).,,CBN,PSSP,Listed,Nigeria,,Nigeria,,Fintech,,,Undisclosed,2,Directory listing; funding undisclosed in free sources used.,CAC; NDPR; CBN PSSP.,Yes,"Offer automation/ML to fintech ops (recon, KYC, collections).",Low,https://www.cbn.gov.ng/PaymentsSystem/PSPs.html; https://www.cbn.gov.ng/PaymentsSystem/InternationalMoneyTransferOperators.html,No clean disclosed funding total in free sources used for this build; listed for directory coverage.,2026-09-25
Leadstack,Fintech,Leadstack: FCCPC-registered digital money lender / consumer credit apps.,,FCCPC,Digital Money Lender,Listed,Nigeria,,Nigeria,,Fintech,,,Undisclosed,2,Directory listing; funding undisclosed in free sources used.,CAC; NDPR; FCCPC-registered Digital Money Lender (DML).,Yes,"Offer automation/ML to fintech ops (recon, KYC, collections).",Low,https://fccpc.gov.ng/registration-of-digital-money-lenders/approvals-of-dmls/,No clean disclosed funding total in free sources used for this build; listed for directory coverage.,2026-09-25
Leeburg Technology,Fintech,Leeburg Technology: FCCPC-registered digital money lender / consumer credit apps.,,FCCPC,Digital Money Lender,Listed,Nigeria,,Nigeria,,Fintech,,,Undisclosed,2,Directory listing; funding undisclosed in free sources used.,CAC; NDPR; FCCPC-registered Digital Money Lender (DML).,Yes,"Offer automation/ML to fintech ops (recon, KYC, collections).",Low,https://fccpc.gov.ng/registration-of-digital-money-lenders/approvals-of-dmls/,No clean disclosed funding total in free sources used for this build; listed for directory coverage.,2026-09-25
Lendela Tech,Fintech,Lendela Tech: FCCPC-registered digital money lender / consumer credit apps.,,FCCPC,Digital Money Lender,Listed,Nigeria,,Nigeria,,Fintech,,,Undisclosed,2,Directory listing; funding undisclosed in free sources used.,CAC; NDPR; FCCPC-registered Digital Money Lender (DML).,Yes,"Offer automation/ML to fintech ops (recon, KYC, collections).",Low,https://fccpc.gov.ng/registration-of-digital-money-lenders/approvals-of-dmls/,No clean disclosed funding total in free sources used for this build; listed for directory coverage.,2026-09-25
Lender Edge,Fintech,Lender Edge: FCCPC-registered digital money lender / consumer credit apps.,,FCCPC,Digital Money Lender,Listed,Nigeria,,Nigeria,,Fintech,,,Undisclosed,2,Directory listing; funding undisclosed in free sources used.,CAC; NDPR; FCCPC-registered Digital Money Lender (DML).,Yes,"Offer automation/ML to fintech ops (recon, KYC, collections).",Low,https://fccpc.gov.ng/registration-of-digital-money-lenders/approvals-of-dmls/,No clean disclosed funding total in free sources used for this build; listed for directory coverage.,2026-09-25
Lendha Technologies,Fintech,Lendha Technologies: FCCPC-registered digital money lender / consumer credit apps.,,FCCPC,Digital Money Lender,Listed,Nigeria,,Nigeria,,Fintech,,,Undisclosed,2,Directory listing; funding undisclosed in free sources used.,CAC; NDPR; FCCPC-registered Digital Money Lender (DML).,Yes,"Offer automation/ML to fintech ops (recon, KYC, collections).",Low,https://fccpc.gov.ng/registration-of-digital-money-lenders/approvals-of-dmls/,No clean disclosed funding total in free sources used for this build; listed for directory coverage.,2026-09-25
Lendocredit Investment,Fintech,Lendocredit Investment: FCCPC-registered digital money lender / consumer credit apps.,,FCCPC,Digital Money Lender,Listed,Nigeria,,Nigeria,,Fintech,,,Undisclosed,2,Directory listing; funding undisclosed in free sources used.,CAC; NDPR; FCCPC-registered Digital Money Lender (DML).,Yes,"Offer automation/ML to fintech ops (recon, KYC, collections).",Low,https://fccpc.gov.ng/registration-of-digital-money-lenders/approvals-of-dmls/,No clean disclosed funding total in free sources used for this build; listed for directory coverage.,2026-09-25
Lendu Services,Fintech,Lendu Services: FCCPC-registered digital money lender / consumer credit apps.,,FCCPC,Digital Money Lender,Listed,Nigeria,,Nigeria,,Fintech,,,Undisclosed,2,Directory listing; funding undisclosed in free sources used.,CAC; NDPR; FCCPC-registered Digital Money Lender (DML).,Yes,"Offer automation/ML to fintech ops (recon, KYC, collections).",Low,https://fccpc.gov.ng/registration-of-digital-money-lenders/approvals-of-dmls/,No clean disclosed funding total in free sources used for this build; listed for directory coverage.,2026-09-25
Lendville,Fintech,Lendville: FCCPC-registered digital money lender / consumer credit apps.,,FCCPC,Digital Money Lender,Listed,Nigeria,,Nigeria,,Fintech,,,Undisclosed,2,Directory listing; funding undisclosed in free sources used.,CAC; NDPR; FCCPC-registered Digital Money Lender (DML).,Yes,"Offer automation/ML to fintech ops (recon, KYC, collections).",Low,https://fccpc.gov.ng/registration-of-digital-money-lenders/approvals-of-dmls/,No clean disclosed funding total in free sources used for this build; listed for directory coverage.,2026-09-25
Lendvisery Services,Fintech,Lendvisery Services: FCCPC-registered digital money lender / consumer credit apps.,,FCCPC,Digital Money Lender,Listed,Nigeria,,Nigeria,,Fintech,,,Undisclosed,2,Directory listing; funding undisclosed in free sources used.,CAC; NDPR; FCCPC-registered Digital Money Lender (DML).,Yes,"Offer automation/ML to fintech ops (recon, KYC, collections).",Low,https://fccpc.gov.ng/registration-of-digital-money-lenders/approvals-of-dmls/,No clean disclosed funding total in free sources used for this build; listed for directory coverage.,2026-09-25
Letshego Microfinance Bank,Fintech,Letshego Microfinance Bank: FCCPC-registered digital money lender / consumer credit apps.,,FCCPC,Digital Money Lender,Listed,Nigeria,,Nigeria,,Fintech,,,Undisclosed,2,Directory listing; funding undisclosed in free sources used.,CAC; NDPR; FCCPC-registered Digital Money Lender (DML).,Yes,"Offer automation/ML to fintech ops (recon, KYC, collections).",Low,https://fccpc.gov.ng/registration-of-digital-money-lenders/approvals-of-dmls/,No clean disclosed funding total in free sources used for this build; listed for directory coverage.,2026-09-25
Liberty Assured,Fintech,Liberty Assured: FCCPC-registered digital money lender / consumer credit apps.,,FCCPC,Digital Money Lender,Listed,Nigeria,,Nigeria,,Fintech,,,Undisclosed,2,Directory listing; funding undisclosed in free sources used.,CAC; NDPR; FCCPC-registered Digital Money Lender (DML).,Yes,"Offer automation/ML to fintech ops (recon, KYC, collections).",Low,https://fccpc.gov.ng/registration-of-digital-money-lenders/approvals-of-dmls/,No clean disclosed funding total in free sources used for this build; listed for directory coverage.,2026-09-25
Liberty Pay,Fintech,Liberty Pay: CBN-authorised Super-Agent for agency banking distribution.,,CBN,Super-Agent,Listed,Nigeria,,Nigeria,,B2B2C agency banking,,,Undisclosed,2,Directory listing; funding undisclosed in free sources used.,CBN Super-Agent; agent network compliance; NDPR; CAC.,Yes,Sell agent performance and AML monitoring to Super-Agents.,Med,https://www.cbn.gov.ng/PaymentsSystem/PSPs.html,No clean disclosed funding total in free sources used for this build; listed for directory coverage.,2026-09-25
Lidya,Fintech,SME lending/credit scoring platform in Nigeria.,,Other,Fintech,Unknown,Lagos,Lagos,Nigeria,,Fintech,,,Undisclosed,2,Directory listing; funding undisclosed in free sources used.,CAC; NDPR; often CBN PSP/MMO/IMTO and/or FCCPC DML; SEC if capital-markets.,Yes,"Offer automation/ML to fintech ops (recon, KYC, collections).",Low,https://disruptafrica.com/2022/10/14/nigerian-tech-startups-raised-over-2bn-between-2015-and-2022/,No clean disclosed funding total in free sources used for this build; listed for directory coverage.,2026-09-25
Lidya Global,Fintech,Lidya Global: FCCPC-registered digital money lender / consumer credit apps.,,FCCPC,Digital Money Lender,Listed,Nigeria,,Nigeria,,Fintech,,,Undisclosed,2,Directory listing; funding undisclosed in free sources used.,CAC; NDPR; FCCPC-registered Digital Money Lender (DML).,Yes,"Offer automation/ML to fintech ops (recon, KYC, collections).",Low,https://fccpc.gov.ng/registration-of-digital-money-lenders/approvals-of-dmls/,No clean disclosed funding total in free sources used for this build; listed for directory coverage.,2026-09-25
Lifefinny,Fintech,Lifefinny: FCCPC-registered digital money lender / consumer credit apps.,,FCCPC,Digital Money Lender,Listed,Nigeria,,Nigeria,,Fintech,,,Undisclosed,2,Directory listing; funding undisclosed in free sources used.,CAC; NDPR; FCCPC-registered Digital Money Lender (DML).,Yes,"Offer automation/ML to fintech ops (recon, KYC, collections).",Low,https://fccpc.gov.ng/registration-of-digital-money-lenders/approvals-of-dmls/,No clean disclosed funding total in free sources used for this build; listed for directory coverage.,2026-09-25
Lifestalia ),Fintech,Lifestalia ): FCCPC-registered digital money lender / consumer credit apps.,,FCCPC,Digital Money Lender,Listed,Nigeria,,Nigeria,,Fintech,,,Undisclosed,2,Directory listing; funding undisclosed in free sources used.,CAC; NDPR; FCCPC-registered Digital Money Lender (DML).,Yes,"Offer automation/ML to fintech ops (recon, KYC, collections).",Low,https://fccpc.gov.ng/registration-of-digital-money-lenders/approvals-of-dmls/,No clean disclosed funding total in free sources used for this build; listed for directory coverage.,2026-09-25
Lighting Finance Technology,Fintech,Lighting Finance Technology: FCCPC-registered digital money lender / consumer credit apps.,,FCCPC,Digital Money Lender,Listed,Nigeria,,Nigeria,,Fintech,,,Undisclosed,2,Directory listing; funding undisclosed in free sources used.,CAC; NDPR; FCCPC-registered Digital Money Lender (DML).,Yes,"Offer automation/ML to fintech ops (recon, KYC, collections).",Low,https://fccpc.gov.ng/registration-of-digital-money-lenders/approvals-of-dmls/,No clean disclosed funding total in free sources used for this build; listed for directory coverage.,2026-09-25
Lightway Finance,Fintech,Lightway Finance: CBN-licensed International Money Transfer Operator.,,CBN,IMTO,Listed,Nigeria,,Nigeria,,Fintech,,,Undisclosed,2,Directory listing; funding undisclosed in free sources used.,CAC; NDPR; CBN International Money Transfer Operator (IMTO).,Yes,"Offer automation/ML to fintech ops (recon, KYC, collections).",Low,https://www.cbn.gov.ng/PaymentsSystem/InternationalMoneyTransferOperators.html,No clean disclosed funding total in free sources used for this build; listed for directory coverage.,2026-09-25
Linemark Associates,Fintech,Linemark Associates: CBN-licensed International Money Transfer Operator.,,CBN,IMTO,Listed,Nigeria,,Nigeria,,Fintech,,,Undisclosed,2,Directory listing; funding undisclosed in free sources used.,CAC; NDPR; CBN International Money Transfer Operator (IMTO).,Yes,"Offer automation/ML to fintech ops (recon, KYC, collections).",Low,https://www.cbn.gov.ng/PaymentsSystem/InternationalMoneyTransferOperators.html,No clean disclosed funding total in free sources used for this build; listed for directory coverage.,2026-09-25
Linkpark Technology,Fintech,Linkpark Technology: FCCPC-registered digital money lender / consumer credit apps.,,FCCPC,Digital Money Lender,Listed,Nigeria,,Nigeria,,Fintech,,,Undisclosed,2,Directory listing; funding undisclosed in free sources used.,CAC; NDPR; FCCPC-registered Digital Money Lender (DML).,Yes,"Offer automation/ML to fintech ops (recon, KYC, collections).",Low,https://fccpc.gov.ng/registration-of-digital-money-lenders/approvals-of-dmls/,No clean disclosed funding total in free sources used for this build; listed for directory coverage.,2026-09-25
Linq Payment Technology,Fintech,Linq Payment Technology: CBN-authorised Payment Solutions Service Provider (gateway/merchant collections).,,CBN,PSSP,Listed,Nigeria,,Nigeria,,Fintech,,,Undisclosed,2,Directory listing; funding undisclosed in free sources used.,CAC; NDPR; CBN PSSP.,Yes,"Offer automation/ML to fintech ops (recon, KYC, collections).",Low,https://www.cbn.gov.ng/PaymentsSystem/PSPs.html,No clean disclosed funding total in free sources used for this build; listed for directory coverage.,2026-09-25
Linth Integrated Services,Fintech,Linth Integrated Services: FCCPC-registered digital money lender / consumer credit apps.,,FCCPC,Digital Money Lender,Listed,Nigeria,,Nigeria,,Fintech,,,Undisclosed,2,Directory listing; funding undisclosed in free sources used.,CAC; NDPR; FCCPC-registered Digital Money Lender (DML).,Yes,"Offer automation/ML to fintech ops (recon, KYC, collections).",Low,https://fccpc.gov.ng/registration-of-digital-money-lenders/approvals-of-dmls/,No clean disclosed funding total in free sources used for this build; listed for directory coverage.,2026-09-25
Little Ant,Fintech,Little Ant Technology Co: FCCPC-registered digital money lender / consumer credit apps.,,FCCPC,Digital Money Lender,Listed,Nigeria,,Nigeria,,Fintech,,,Undisclosed,2,Directory listing; funding undisclosed in free sources used.,CAC; NDPR; FCCPC-registered Digital Money Lender (DML).,Yes,"Offer automation/ML to fintech ops (recon, KYC, collections).",Low,https://fccpc.gov.ng/registration-of-digital-money-lenders/approvals-of-dmls/,No clean disclosed funding total in free sources used for this build; listed for directory coverage.,2026-09-25
Loanbook,Fintech,Loanbook: FCCPC-registered digital money lender / consumer credit apps.,,FCCPC,Digital Money Lender,Listed,Nigeria,,Nigeria,,Fintech,,,Undisclosed,2,Directory listing; funding undisclosed in free sources used.,CAC; NDPR; FCCPC-registered Digital Money Lender (DML).,Yes,"Offer automation/ML to fintech ops (recon, KYC, collections).",Low,https://fccpc.gov.ng/registration-of-digital-money-lenders/approvals-of-dmls/,No clean disclosed funding total in free sources used for this build; listed for directory coverage.,2026-09-25
Lqty,Fintech,Lqty: FCCPC-registered digital money lender / consumer credit apps.,,FCCPC,Digital Money Lender,Listed,Nigeria,,Nigeria,,Fintech,,,Undisclosed,2,Directory listing; funding undisclosed in free sources used.,CAC; NDPR; FCCPC-registered Digital Money Lender (DML).,Yes,"Offer automation/ML to fintech ops (recon, KYC, collections).",Low,https://fccpc.gov.ng/registration-of-digital-money-lenders/approvals-of-dmls/,No clean disclosed funding total in free sources used for this build; listed for directory coverage.,2026-09-25
Luciaxx,Fintech,Luciaxx: FCCPC-registered digital money lender / consumer credit apps.,,FCCPC,Digital Money Lender,Listed,Nigeria,,Nigeria,,Fintech,,,Undisclosed,2,Directory listing; funding undisclosed in free sources used.,CAC; NDPR; FCCPC-registered Digital Money Lender (DML).,Yes,"Offer automation/ML to fintech ops (recon, KYC, collections).",Low,https://fccpc.gov.ng/registration-of-digital-money-lenders/approvals-of-dmls/,No clean disclosed funding total in free sources used for this build; listed for directory coverage.,2026-09-25
Luckyloan Personal Loan,Fintech,Luckyloan Personal Loan: FCCPC-registered digital money lender / consumer credit apps.,,FCCPC,Digital Money Lender,Listed,Nigeria,,Nigeria,,Fintech,,,Undisclosed,2,Directory listing; funding undisclosed in free sources used.,CAC; NDPR; FCCPC-registered Digital Money Lender (DML).,Yes,"Offer automation/ML to fintech ops (recon, KYC, collections).",Low,https://fccpc.gov.ng/registration-of-digital-money-lenders/approvals-of-dmls/,No clean disclosed funding total in free sources used for this build; listed for directory coverage.,2026-09-25
Lucred Technology,Fintech,Lucred Technology: FCCPC-registered digital money lender / consumer credit apps.,,FCCPC,Digital Money Lender,Listed,Nigeria,,Nigeria,,Fintech,,,Undisclosed,2,Directory listing; funding undisclosed in free sources used.,CAC; NDPR; FCCPC-registered Digital Money Lender (DML).,Yes,"Offer automation/ML to fintech ops (recon, KYC, collections).",Low,https://fccpc.gov.ng/registration-of-digital-money-lenders/approvals-of-dmls/,No clean disclosed funding total in free sources used for this build; listed for directory coverage.,2026-09-25
Lukeport,Fintech,Lukeport: CBN-authorised Super-Agent for agency banking distribution.,,CBN,Super-Agent,Listed,Nigeria,,Nigeria,,B2B2C agency banking,,,Undisclosed,2,Directory listing; funding undisclosed in free sources used.,CBN Super-Agent; agent network compliance; NDPR; CAC.,Yes,Sell agent performance and AML monitoring to Super-Agents.,Med,https://www.cbn.gov.ng/PaymentsSystem/PSPs.html,No clean disclosed funding total in free sources used for this build; listed for directory coverage.,2026-09-25
Luminary Assist,Fintech,Luminary Assist: FCCPC-registered digital money lender / consumer credit apps.,,FCCPC,Digital Money Lender,Listed,Nigeria,,Nigeria,,Fintech,,,Undisclosed,2,Directory listing; funding undisclosed in free sources used.,CAC; NDPR; FCCPC-registered Digital Money Lender (DML).,Yes,"Offer automation/ML to fintech ops (recon, KYC, collections).",Low,https://fccpc.gov.ng/registration-of-digital-money-lenders/approvals-of-dmls/,No clean disclosed funding total in free sources used for this build; listed for directory coverage.,2026-09-25
Lumora Edge,Fintech,Lumora Edge: FCCPC-registered digital money lender / consumer credit apps.,,FCCPC,Digital Money Lender,Listed,Nigeria,,Nigeria,,Fintech,,,Undisclosed,2,Directory listing; funding undisclosed in free sources used.,CAC; NDPR; FCCPC-registered Digital Money Lender (DML).,Yes,"Offer automation/ML to fintech ops (recon, KYC, collections).",Low,https://fccpc.gov.ng/registration-of-digital-money-lenders/approvals-of-dmls/,No clean disclosed funding total in free sources used for this build; listed for directory coverage.,2026-09-25
M-Kopa Loans,Fintech,M-Kopa Loans: FCCPC-registered digital money lender / consumer credit apps.,,FCCPC,Digital Money Lender,Listed,Nigeria,,Nigeria,,Fintech,,,Undisclosed,2,Directory listing; funding undisclosed in free sources used.,CAC; NDPR; FCCPC-registered Digital Money Lender (DML).,Yes,"Offer automation/ML to fintech ops (recon, KYC, collections).",Low,https://fccpc.gov.ng/registration-of-digital-money-lenders/approvals-of-dmls/,No clean disclosed funding total in free sources used for this build; listed for directory coverage.,2026-09-25
Madobi Microfinance Bank,Fintech,Madobi Microfinance Bank: FCCPC-registered digital money lender / consumer credit apps.,,FCCPC,Digital Money Lender,Listed,Nigeria,,Nigeria,,Fintech,,,Undisclosed,2,Directory listing; funding undisclosed in free sources used.,CAC; NDPR; FCCPC-registered Digital Money Lender (DML).,Yes,"Offer automation/ML to fintech ops (recon, KYC, collections).",Low,https://fccpc.gov.ng/registration-of-digital-money-lenders/approvals-of-dmls/,No clean disclosed funding total in free sources used for this build; listed for directory coverage.,2026-09-25
Magnet Lending,Fintech,Magnet Lending: FCCPC-registered digital money lender / consumer credit apps.,,FCCPC,Digital Money Lender,Listed,Nigeria,,Nigeria,,Fintech,,,Undisclosed,2,Directory listing; funding undisclosed in free sources used.,CAC; NDPR; FCCPC-registered Digital Money Lender (DML).,Yes,"Offer automation/ML to fintech ops (recon, KYC, collections).",Low,https://fccpc.gov.ng/registration-of-digital-money-lenders/approvals-of-dmls/,No clean disclosed funding total in free sources used for this build; listed for directory coverage.,2026-09-25
Maimart,Fintech,Maimart: FCCPC-registered digital money lender / consumer credit apps.,,FCCPC,Digital Money Lender,Listed,Nigeria,,Nigeria,,Fintech,,,Undisclosed,2,Directory listing; funding undisclosed in free sources used.,CAC; NDPR; FCCPC-registered Digital Money Lender (DML).,Yes,"Offer automation/ML to fintech ops (recon, KYC, collections).",Low,https://fccpc.gov.ng/registration-of-digital-money-lenders/approvals-of-dmls/,No clean disclosed funding total in free sources used for this build; listed for directory coverage.,2026-09-25
Majatech,Fintech,Majatech: FCCPC-registered digital money lender / consumer credit apps.,,FCCPC,Digital Money Lender,Listed,Nigeria,,Nigeria,,Fintech,,,Undisclosed,2,Directory listing; funding undisclosed in free sources used.,CAC; NDPR; FCCPC-registered Digital Money Lender (DML).,Yes,"Offer automation/ML to fintech ops (recon, KYC, collections).",Low,https://fccpc.gov.ng/registration-of-digital-money-lenders/approvals-of-dmls/,No clean disclosed funding total in free sources used for this build; listed for directory coverage.,2026-09-25
Mansu Direct,Fintech,Mansu Direct: CBN-licensed International Money Transfer Operator.,,CBN,IMTO,Listed,Nigeria,,Nigeria,,Fintech,,,Undisclosed,2,Directory listing; funding undisclosed in free sources used.,CAC; NDPR; CBN International Money Transfer Operator (IMTO).,Yes,"Offer automation/ML to fintech ops (recon, KYC, collections).",Low,https://www.cbn.gov.ng/PaymentsSystem/InternationalMoneyTransferOperators.html,No clean disclosed funding total in free sources used for this build; listed for directory coverage.,2026-09-25
Maven Finance,Fintech,Maven Finance: FCCPC-registered digital money lender / consumer credit apps.,,FCCPC,Digital Money Lender,Listed,Nigeria,,Nigeria,,Fintech,,,Undisclosed,2,Directory listing; funding undisclosed in free sources used.,CAC; NDPR; FCCPC-registered Digital Money Lender (DML).,Yes,"Offer automation/ML to fintech ops (recon, KYC, collections).",Low,https://fccpc.gov.ng/registration-of-digital-money-lenders/approvals-of-dmls/,No clean disclosed funding total in free sources used for this build; listed for directory coverage.,2026-09-25
Maxblue International,Fintech,Maxblue International: FCCPC-registered digital money lender / consumer credit apps.,,FCCPC,Digital Money Lender,Listed,Nigeria,,Nigeria,,Fintech,,,Undisclosed,2,Directory listing; funding undisclosed in free sources used.,CAC; NDPR; FCCPC-registered Digital Money Lender (DML).,Yes,"Offer automation/ML to fintech ops (recon, KYC, collections).",Low,https://fccpc.gov.ng/registration-of-digital-money-lenders/approvals-of-dmls/,No clean disclosed funding total in free sources used for this build; listed for directory coverage.,2026-09-25
Maximerge Finance,Fintech,Maximerge Finance: FCCPC-registered digital money lender / consumer credit apps.,,FCCPC,Digital Money Lender,Listed,Nigeria,,Nigeria,,Fintech,,,Undisclosed,2,Directory listing; funding undisclosed in free sources used.,CAC; NDPR; FCCPC-registered Digital Money Lender (DML).,Yes,"Offer automation/ML to fintech ops (recon, KYC, collections).",Low,https://fccpc.gov.ng/registration-of-digital-money-lenders/approvals-of-dmls/,No clean disclosed funding total in free sources used for this build; listed for directory coverage.,2026-09-25
Maxserve Support,Fintech,Maxserve Support: FCCPC-registered digital money lender / consumer credit apps.,,FCCPC,Digital Money Lender,Listed,Nigeria,,Nigeria,,Fintech,,,Undisclosed,2,Directory listing; funding undisclosed in free sources used.,CAC; NDPR; FCCPC-registered Digital Money Lender (DML).,Yes,"Offer automation/ML to fintech ops (recon, KYC, collections).",Low,https://fccpc.gov.ng/registration-of-digital-money-lenders/approvals-of-dmls/,No clean disclosed funding total in free sources used for this build; listed for directory coverage.,2026-09-25
Maywood Lending,Fintech,Maywood Lending: FCCPC-registered digital money lender / consumer credit apps.,,FCCPC,Digital Money Lender,Listed,Nigeria,,Nigeria,,Fintech,,,Undisclosed,2,Directory listing; funding undisclosed in free sources used.,CAC; NDPR; FCCPC-registered Digital Money Lender (DML).,Yes,"Offer automation/ML to fintech ops (recon, KYC, collections).",Low,https://fccpc.gov.ng/registration-of-digital-money-lenders/approvals-of-dmls/,No clean disclosed funding total in free sources used for this build; listed for directory coverage.,2026-09-25
Mco Penny,Fintech,Mco Penny: FCCPC-registered digital money lender / consumer credit apps.,,FCCPC,Digital Money Lender,Listed,Nigeria,,Nigeria,,Fintech,,,Undisclosed,2,Directory listing; funding undisclosed in free sources used.,CAC; NDPR; FCCPC-registered Digital Money Lender (DML).,Yes,"Offer automation/ML to fintech ops (recon, KYC, collections).",Low,https://fccpc.gov.ng/registration-of-digital-money-lenders/approvals-of-dmls/,No clean disclosed funding total in free sources used for this build; listed for directory coverage.,2026-09-25
Me Interchange,Fintech,Me Interchange: CBN-licensed International Money Transfer Operator.,,CBN,IMTO,Listed,Nigeria,,Nigeria,,Fintech,,,Undisclosed,2,Directory listing; funding undisclosed in free sources used.,CAC; NDPR; CBN International Money Transfer Operator (IMTO).,Yes,"Offer automation/ML to fintech ops (recon, KYC, collections).",Low,https://www.cbn.gov.ng/PaymentsSystem/InternationalMoneyTransferOperators.html,No clean disclosed funding total in free sources used for this build; listed for directory coverage.,2026-09-25
Menacred Company,Fintech,Menacred Company: FCCPC-registered digital money lender / consumer credit apps.,,FCCPC,Digital Money Lender,Listed,Nigeria,,Nigeria,,Fintech,,,Undisclosed,2,Directory listing; funding undisclosed in free sources used.,CAC; NDPR; FCCPC-registered Digital Money Lender (DML).,Yes,"Offer automation/ML to fintech ops (recon, KYC, collections).",Low,https://fccpc.gov.ng/registration-of-digital-money-lenders/approvals-of-dmls/,No clean disclosed funding total in free sources used for this build; listed for directory coverage.,2026-09-25
Meno Finance,Fintech,Meno Finance: FCCPC-registered digital money lender / consumer credit apps.,,FCCPC,Digital Money Lender,Listed,Nigeria,,Nigeria,,Fintech,,,Undisclosed,2,Directory listing; funding undisclosed in free sources used.,CAC; NDPR; FCCPC-registered Digital Money Lender (DML).,Yes,"Offer automation/ML to fintech ops (recon, KYC, collections).",Low,https://fccpc.gov.ng/registration-of-digital-money-lenders/approvals-of-dmls/,No clean disclosed funding total in free sources used for this build; listed for directory coverage.,2026-09-25
Micro-Cash,Fintech,Micro-Cash: FCCPC-registered digital money lender / consumer credit apps.,,FCCPC,Digital Money Lender,Listed,Nigeria,,Nigeria,,Fintech,,,Undisclosed,2,Directory listing; funding undisclosed in free sources used.,CAC; NDPR; FCCPC-registered Digital Money Lender (DML).,Yes,"Offer automation/ML to fintech ops (recon, KYC, collections).",Low,https://fccpc.gov.ng/registration-of-digital-money-lenders/approvals-of-dmls/,No clean disclosed funding total in free sources used for this build; listed for directory coverage.,2026-09-25
Microsystems Investment And Development,Fintech,Microsystems Investment And Development: CBN-authorised Super-Agent for agency banking distribution.,,CBN,Super-Agent,Listed,Nigeria,,Nigeria,,B2B2C agency banking,,,Undisclosed,2,Directory listing; funding undisclosed in free sources used.,CBN Super-Agent; agent network compliance; NDPR; CAC.,Yes,Sell agent performance and AML monitoring to Super-Agents.,Med,https://www.cbn.gov.ng/PaymentsSystem/PSPs.html,No clean disclosed funding total in free sources used for this build; listed for directory coverage.,2026-09-25
Middleman,Fintech,Middleman: Nigeria-focused fintech company listed on StartupMapAfrica sector directories. Funding undisclosed in free sources used.,,Press,Fintech,Unknown,Lagos,Lagos,Nigeria,,Fintech,,,Undisclosed,2,Directory listing; funding undisclosed in free sources used.,CAC; NDPR; often CBN PSP/MMO/IMTO and/or FCCPC DML; SEC if capital-markets.,Yes,"Offer automation/ML to fintech ops (recon, KYC, collections).",Low,https://technext24.com/explainer/10-nigerian-startups-to-watch-in-2025/; https://startupmapafrica.com/startups/nigeria,No clean disclosed funding total in free sources used for this build; listed for directory coverage.,2026-09-25
Minicloud Solution,Fintech,Minicloud Solution: FCCPC-registered digital money lender / consumer credit apps.,,FCCPC,Digital Money Lender,Listed,Nigeria,,Nigeria,,Fintech,,,Undisclosed,2,Directory listing; funding undisclosed in free sources used.,CAC; NDPR; FCCPC-registered Digital Money Lender (DML).,Yes,"Offer automation/ML to fintech ops (recon, KYC, collections).",Low,https://fccpc.gov.ng/registration-of-digital-money-lenders/approvals-of-dmls/,No clean disclosed funding total in free sources used for this build; listed for directory coverage.,2026-09-25
Minioma Investment,Fintech,Minioma Investment: FCCPC-registered digital money lender / consumer credit apps.,,FCCPC,Digital Money Lender,Listed,Nigeria,,Nigeria,,Fintech,,,Undisclosed,2,Directory listing; funding undisclosed in free sources used.,CAC; NDPR; FCCPC-registered Digital Money Lender (DML).,Yes,"Offer automation/ML to fintech ops (recon, KYC, collections).",Low,https://fccpc.gov.ng/registration-of-digital-money-lenders/approvals-of-dmls/,No clean disclosed funding total in free sources used for this build; listed for directory coverage.,2026-09-25
Mino Sparks,Fintech,Mino Sparks: FCCPC-registered digital money lender / consumer credit apps.,,FCCPC,Digital Money Lender,Listed,Nigeria,,Nigeria,,Fintech,,,Undisclosed,2,Directory listing; funding undisclosed in free sources used.,CAC; NDPR; FCCPC-registered Digital Money Lender (DML).,Yes,"Offer automation/ML to fintech ops (recon, KYC, collections).",Low,https://fccpc.gov.ng/registration-of-digital-money-lenders/approvals-of-dmls/,No clean disclosed funding total in free sources used for this build; listed for directory coverage.,2026-09-25
Mkudi,Fintech,Mkudi: CBN-licensed Mobile Money Operator (e-money/wallets).,,CBN,MMO,Listed,Nigeria,,Nigeria,,Fintech,,,Undisclosed,2,Directory listing; funding undisclosed in free sources used.,CAC; NDPR; CBN Mobile Money Operator (MMO).,Yes,"Offer automation/ML to fintech ops (recon, KYC, collections).",Low,https://www.cbn.gov.ng/PaymentsSystem/PSPs.html,No clean disclosed funding total in free sources used for this build; listed for directory coverage.,2026-09-25
Moblaspay,Fintech,Moblaspay: FCCPC-registered digital money lender / consumer credit apps.,,FCCPC,Digital Money Lender,Listed,Nigeria,,Nigeria,,Fintech,,,Undisclosed,2,Directory listing; funding undisclosed in free sources used.,CAC; NDPR; FCCPC-registered Digital Money Lender (DML).,Yes,"Offer automation/ML to fintech ops (recon, KYC, collections).",Low,https://fccpc.gov.ng/registration-of-digital-money-lenders/approvals-of-dmls/,No clean disclosed funding total in free sources used for this build; listed for directory coverage.,2026-09-25
Moment Pay2,Fintech,Moment Pay2: CBN-authorised Payment Solutions Service Provider (gateway/merchant collections).,,CBN,PSSP,Listed,Nigeria,,Nigeria,,Fintech,,,Undisclosed,2,Directory listing; funding undisclosed in free sources used.,CAC; NDPR; CBN PSSP.,Yes,"Offer automation/ML to fintech ops (recon, KYC, collections).",Low,https://www.cbn.gov.ng/PaymentsSystem/PSPs.html,No clean disclosed funding total in free sources used for this build; listed for directory coverage.,2026-09-25
Mona Finance,Fintech,Mona Finance: FCCPC-registered digital money lender / consumer credit apps.,,FCCPC,Digital Money Lender,Listed,Nigeria,,Nigeria,,Fintech,,,Undisclosed,2,Directory listing; funding undisclosed in free sources used.,CAC; NDPR; FCCPC-registered Digital Money Lender (DML).,Yes,"Offer automation/ML to fintech ops (recon, KYC, collections).",Low,https://fccpc.gov.ng/registration-of-digital-money-lenders/approvals-of-dmls/,No clean disclosed funding total in free sources used for this build; listed for directory coverage.,2026-09-25
Moneta Technology,Fintech,Moneta Technology: CBN-authorised Payment Solutions Service Provider (gateway/merchant collections).,,CBN,PSSP,Listed,Nigeria,,Nigeria,,Fintech,,,Undisclosed,2,Directory listing; funding undisclosed in free sources used.,CAC; NDPR; CBN PSSP.,Yes,"Offer automation/ML to fintech ops (recon, KYC, collections).",Low,https://www.cbn.gov.ng/PaymentsSystem/PSPs.html,No clean disclosed funding total in free sources used for this build; listed for directory coverage.,2026-09-25
Moneymaster,Fintech,Moneymaster: CBN-authorised Super-Agent for agency banking distribution.,,CBN,Super-Agent,Listed,Nigeria,,Nigeria,,B2B2C agency banking,,,Undisclosed,2,Directory listing; funding undisclosed in free sources used.,CBN Super-Agent; agent network compliance; NDPR; CAC.,Yes,Sell agent performance and AML monitoring to Super-Agents.,Med,https://www.cbn.gov.ng/PaymentsSystem/PSPs.html,No clean disclosed funding total in free sources used for this build; listed for directory coverage.,2026-09-25
Monibac,Fintech,Monibac: FCCPC-registered digital money lender / consumer credit apps.,,FCCPC,Digital Money Lender,Listed,Nigeria,,Nigeria,,Fintech,,,Undisclosed,2,Directory listing; funding undisclosed in free sources used.,CAC; NDPR; FCCPC-registered Digital Money Lender (DML).,Yes,"Offer automation/ML to fintech ops (recon, KYC, collections).",Low,https://fccpc.gov.ng/registration-of-digital-money-lenders/approvals-of-dmls/,No clean disclosed funding total in free sources used for this build; listed for directory coverage.,2026-09-25
Montra Technology Solutions,Fintech,Montra Technology Solutions: CBN-authorised Payment Solutions Service Provider (gateway/merchant collections).,,CBN,PSSP,Listed,Nigeria,,Nigeria,,Fintech,,,Undisclosed,2,Directory listing; funding undisclosed in free sources used.,CAC; NDPR; CBN PSSP.,Yes,"Offer automation/ML to fintech ops (recon, KYC, collections).",Low,https://www.cbn.gov.ng/PaymentsSystem/PSPs.html,No clean disclosed funding total in free sources used for this build; listed for directory coverage.,2026-09-25
Monywave Financial Solutions,Fintech,Monywave Financial Solutions: FCCPC-registered digital money lender / consumer credit apps.,,FCCPC,Digital Money Lender,Listed,Nigeria,,Nigeria,,Fintech,,,Undisclosed,2,Directory listing; funding undisclosed in free sources used.,CAC; NDPR; FCCPC-registered Digital Money Lender (DML).,Yes,"Offer automation/ML to fintech ops (recon, KYC, collections).",Low,https://fccpc.gov.ng/registration-of-digital-money-lenders/approvals-of-dmls/,No clean disclosed funding total in free sources used for this build; listed for directory coverage.,2026-09-25
More Money Transfers,Fintech,More Money Transfers: CBN-licensed International Money Transfer Operator.,,CBN,IMTO,Listed,Nigeria,,Nigeria,,Fintech,,,Undisclosed,2,Directory listing; funding undisclosed in free sources used.,CAC; NDPR; CBN International Money Transfer Operator (IMTO).,Yes,"Offer automation/ML to fintech ops (recon, KYC, collections).",Low,https://www.cbn.gov.ng/PaymentsSystem/InternationalMoneyTransferOperators.html,No clean disclosed funding total in free sources used for this build; listed for directory coverage.,2026-09-25
Msia Oculus Technologies,Fintech,Msia Oculus Technologies: CBN-authorised Payment Solutions Service Provider (gateway/merchant collections).,,CBN,PSSP,Listed,Nigeria,,Nigeria,,Fintech,,,Undisclosed,2,Directory listing; funding undisclosed in free sources used.,CAC; NDPR; CBN PSSP.,Yes,"Offer automation/ML to fintech ops (recon, KYC, collections).",Low,https://www.cbn.gov.ng/PaymentsSystem/PSPs.html,No clean disclosed funding total in free sources used for this build; listed for directory coverage.,2026-09-25
Mulligan Finance,Fintech,Mulligan Finance: FCCPC-registered digital money lender / consumer credit apps.,,FCCPC,Digital Money Lender,Listed,Nigeria,,Nigeria,,Fintech,,,Undisclosed,2,Directory listing; funding undisclosed in free sources used.,CAC; NDPR; FCCPC-registered Digital Money Lender (DML).,Yes,"Offer automation/ML to fintech ops (recon, KYC, collections).",Low,https://fccpc.gov.ng/registration-of-digital-money-lenders/approvals-of-dmls/,No clean disclosed funding total in free sources used for this build; listed for directory coverage.,2026-09-25
Mulligan Finance App,Fintech,Mulligan Finance App: FCCPC-registered digital money lender / consumer credit apps.,,FCCPC,Digital Money Lender,Listed,Nigeria,,Nigeria,,Fintech,,,Undisclosed,2,Directory listing; funding undisclosed in free sources used.,CAC; NDPR; FCCPC-registered Digital Money Lender (DML).,Yes,"Offer automation/ML to fintech ops (recon, KYC, collections).",Low,https://fccpc.gov.ng/registration-of-digital-money-lenders/approvals-of-dmls/,No clean disclosed funding total in free sources used for this build; listed for directory coverage.,2026-09-25
Multi Opt-In Tech Solution,Fintech,Multi Opt-In Tech Solution: FCCPC-registered digital money lender / consumer credit apps.,,FCCPC,Digital Money Lender,Listed,Nigeria,,Nigeria,,Fintech,,,Undisclosed,2,Directory listing; funding undisclosed in free sources used.,CAC; NDPR; FCCPC-registered Digital Money Lender (DML).,Yes,"Offer automation/ML to fintech ops (recon, KYC, collections).",Low,https://fccpc.gov.ng/registration-of-digital-money-lenders/approvals-of-dmls/,No clean disclosed funding total in free sources used for this build; listed for directory coverage.,2026-09-25
Multi-Level Fin Solutions,Fintech,Multi-Level Fin Solutions: FCCPC-registered digital money lender / consumer credit apps.,,FCCPC,Digital Money Lender,Listed,Nigeria,,Nigeria,,Fintech,,,Undisclosed,2,Directory listing; funding undisclosed in free sources used.,CAC; NDPR; FCCPC-registered Digital Money Lender (DML).,Yes,"Offer automation/ML to fintech ops (recon, KYC, collections).",Low,https://fccpc.gov.ng/registration-of-digital-money-lenders/approvals-of-dmls/,No clean disclosed funding total in free sources used for this build; listed for directory coverage.,2026-09-25
Multigate Network Pay,Fintech,Multigate Network Pay: CBN-licensed International Money Transfer Operator.,,CBN,IMTO,Listed,Nigeria,,Nigeria,,Fintech,,,Undisclosed,2,Directory listing; funding undisclosed in free sources used.,CAC; NDPR; CBN International Money Transfer Operator (IMTO).,Yes,"Offer automation/ML to fintech ops (recon, KYC, collections).",Low,https://www.cbn.gov.ng/PaymentsSystem/InternationalMoneyTransferOperators.html,No clean disclosed funding total in free sources used for this build; listed for directory coverage.,2026-09-25
Multigate Payment,Fintech,Multigate Payment: CBN-authorised Payment Solutions Service Provider (gateway/merchant collections).,,CBN,PSSP,Listed,Nigeria,,Nigeria,,Fintech,,,Undisclosed,2,Directory listing; funding undisclosed in free sources used.,CAC; NDPR; CBN PSSP.,Yes,"Offer automation/ML to fintech ops (recon, KYC, collections).",Low,https://www.cbn.gov.ng/PaymentsSystem/PSPs.html,No clean disclosed funding total in free sources used for this build; listed for directory coverage.,2026-09-25
Muska Tech,Fintech,Muska Tech: FCCPC-registered digital money lender / consumer credit apps.,,FCCPC,Digital Money Lender,Listed,Nigeria,,Nigeria,,Fintech,,,Undisclosed,2,Directory listing; funding undisclosed in free sources used.,CAC; NDPR; FCCPC-registered Digital Money Lender (DML).,Yes,"Offer automation/ML to fintech ops (recon, KYC, collections).",Low,https://fccpc.gov.ng/registration-of-digital-money-lenders/approvals-of-dmls/,No clean disclosed funding total in free sources used for this build; listed for directory coverage.,2026-09-25
Myeazi Technology Services,Fintech,Myeazi Technology Services: FCCPC-registered digital money lender / consumer credit apps.,,FCCPC,Digital Money Lender,Listed,Nigeria,,Nigeria,,Fintech,,,Undisclosed,2,Directory listing; funding undisclosed in free sources used.,CAC; NDPR; FCCPC-registered Digital Money Lender (DML).,Yes,"Offer automation/ML to fintech ops (recon, KYC, collections).",Low,https://fccpc.gov.ng/registration-of-digital-money-lenders/approvals-of-dmls/,No clean disclosed funding total in free sources used for this build; listed for directory coverage.,2026-09-25
Myhives Development Foundation /Gte,Fintech,Myhives Development Foundation /Gte: FCCPC-registered digital money lender / consumer credit apps.,,FCCPC,Digital Money Lender,Listed,Nigeria,,Nigeria,,Fintech,,,Undisclosed,2,Directory listing; funding undisclosed in free sources used.,CAC; NDPR; FCCPC-registered Digital Money Lender (DML).,Yes,"Offer automation/ML to fintech ops (recon, KYC, collections).",Low,https://fccpc.gov.ng/registration-of-digital-money-lenders/approvals-of-dmls/,No clean disclosed funding total in free sources used for this build; listed for directory coverage.,2026-09-25
Mypy Technology,Fintech,Mypy Technology: FCCPC-registered digital money lender / consumer credit apps.,,FCCPC,Digital Money Lender,Listed,Nigeria,,Nigeria,,Fintech,,,Undisclosed,2,Directory listing; funding undisclosed in free sources used.,CAC; NDPR; FCCPC-registered Digital Money Lender (DML).,Yes,"Offer automation/ML to fintech ops (recon, KYC, collections).",Low,https://fccpc.gov.ng/registration-of-digital-money-lenders/approvals-of-dmls/,No clean disclosed funding total in free sources used for this build; listed for directory coverage.,2026-09-25
Mystashtechnologies,Fintech,Mystashtechnologies: FCCPC-registered digital money lender / consumer credit apps.,,FCCPC,Digital Money Lender,Listed,Nigeria,,Nigeria,,Fintech,,,Undisclosed,2,Directory listing; funding undisclosed in free sources used.,CAC; NDPR; FCCPC-registered Digital Money Lender (DML).,Yes,"Offer automation/ML to fintech ops (recon, KYC, collections).",Low,https://fccpc.gov.ng/registration-of-digital-money-lenders/approvals-of-dmls/,No clean disclosed funding total in free sources used for this build; listed for directory coverage.,2026-09-25
Naija Transact,Fintech,Naija Transact: FCCPC-registered digital money lender / consumer credit apps.,,FCCPC,Digital Money Lender,Listed,Nigeria,,Nigeria,,Fintech,,,Undisclosed,2,Directory listing; funding undisclosed in free sources used.,CAC; NDPR; FCCPC-registered Digital Money Lender (DML).,Yes,"Offer automation/ML to fintech ops (recon, KYC, collections).",Low,https://fccpc.gov.ng/registration-of-digital-money-lenders/approvals-of-dmls/,No clean disclosed funding total in free sources used for this build; listed for directory coverage.,2026-09-25
Naijasync Company,Fintech,Naijasync Company: FCCPC-registered digital money lender / consumer credit apps.,,FCCPC,Digital Money Lender,Listed,Nigeria,,Nigeria,,Fintech,,,Undisclosed,2,Directory listing; funding undisclosed in free sources used.,CAC; NDPR; FCCPC-registered Digital Money Lender (DML).,Yes,"Offer automation/ML to fintech ops (recon, KYC, collections).",Low,https://fccpc.gov.ng/registration-of-digital-money-lenders/approvals-of-dmls/,No clean disclosed funding total in free sources used for this build; listed for directory coverage.,2026-09-25
Naira Gram / Ngn Gram,Fintech,Naira Gram / Ngn Gram: CBN-licensed International Money Transfer Operator.,,CBN,IMTO,Listed,Nigeria,,Nigeria,,Fintech,,,Undisclosed,2,Directory listing; funding undisclosed in free sources used.,CAC; NDPR; CBN International Money Transfer Operator (IMTO).,Yes,"Offer automation/ML to fintech ops (recon, KYC, collections).",Low,https://www.cbn.gov.ng/PaymentsSystem/InternationalMoneyTransferOperators.html,No clean disclosed funding total in free sources used for this build; listed for directory coverage.,2026-09-25
Nairaflow Finance,Fintech,Nairaflow Finance: FCCPC-registered digital money lender / consumer credit apps.,,FCCPC,Digital Money Lender,Listed,Nigeria,,Nigeria,,Fintech,,,Undisclosed,2,Directory listing; funding undisclosed in free sources used.,CAC; NDPR; FCCPC-registered Digital Money Lender (DML).,Yes,"Offer automation/ML to fintech ops (recon, KYC, collections).",Low,https://fccpc.gov.ng/registration-of-digital-money-lenders/approvals-of-dmls/,No clean disclosed funding total in free sources used for this build; listed for directory coverage.,2026-09-25
Nala,Fintech,Nala Payments: CBN-licensed International Money Transfer Operator.,,CBN,IMTO,Listed,Lagos,Lagos,Nigeria,,Fintech,,,Undisclosed,2,Directory listing; funding undisclosed in free sources used.,CAC; NDPR; often CBN PSP/MMO/IMTO and/or FCCPC DML; SEC if capital-markets.,Yes,"Offer automation/ML to fintech ops (recon, KYC, collections).",Low,https://www.cbn.gov.ng/PaymentsSystem/InternationalMoneyTransferOperators.html,No clean disclosed funding total in free sources used for this build; listed for directory coverage.,2026-09-25
Nash Technology,Fintech,Nash Technology: CBN-licensed International Money Transfer Operator.,,CBN,IMTO,Listed,Nigeria,,Nigeria,,Fintech,,,Undisclosed,2,Directory listing; funding undisclosed in free sources used.,CAC; NDPR; CBN International Money Transfer Operator (IMTO).,Yes,"Offer automation/ML to fintech ops (recon, KYC, collections).",Low,https://www.cbn.gov.ng/PaymentsSystem/InternationalMoneyTransferOperators.html,No clean disclosed funding total in free sources used for this build; listed for directory coverage.,2026-09-25
Nature Lending,Fintech,Nature Lending: FCCPC-registered digital money lender / consumer credit apps.,,FCCPC,Digital Money Lender,Listed,Nigeria,,Nigeria,,Fintech,,,Undisclosed,2,Directory listing; funding undisclosed in free sources used.,CAC; NDPR; FCCPC-registered Digital Money Lender (DML).,Yes,"Offer automation/ML to fintech ops (recon, KYC, collections).",Low,https://fccpc.gov.ng/registration-of-digital-money-lenders/approvals-of-dmls/,No clean disclosed funding total in free sources used for this build; listed for directory coverage.,2026-09-25
Nefertiti Assets & Investment,Fintech,Nefertiti Assets & Investment: FCCPC-registered digital money lender / consumer credit apps.,,FCCPC,Digital Money Lender,Listed,Nigeria,,Nigeria,,Fintech,,,Undisclosed,2,Directory listing; funding undisclosed in free sources used.,CAC; NDPR; FCCPC-registered Digital Money Lender (DML).,Yes,"Offer automation/ML to fintech ops (recon, KYC, collections).",Low,https://fccpc.gov.ng/registration-of-digital-money-lenders/approvals-of-dmls/,No clean disclosed funding total in free sources used for this build; listed for directory coverage.,2026-09-25
Neo-Link Technology Company,Fintech,Neo-Link Technology Company: FCCPC-registered digital money lender / consumer credit apps.,,FCCPC,Digital Money Lender,Listed,Nigeria,,Nigeria,,Fintech,,,Undisclosed,2,Directory listing; funding undisclosed in free sources used.,CAC; NDPR; FCCPC-registered Digital Money Lender (DML).,Yes,"Offer automation/ML to fintech ops (recon, KYC, collections).",Low,https://fccpc.gov.ng/registration-of-digital-money-lenders/approvals-of-dmls/,No clean disclosed funding total in free sources used for this build; listed for directory coverage.,2026-09-25
Netapps Technologies,Fintech,Netapps Technologies: CBN-authorised Payment Solutions Service Provider (gateway/merchant collections).,,CBN,PSSP,Listed,Nigeria,,Nigeria,,Fintech,,,Undisclosed,2,Directory listing; funding undisclosed in free sources used.,CAC; NDPR; CBN PSSP.,Yes,"Offer automation/ML to fintech ops (recon, KYC, collections).",Low,https://www.cbn.gov.ng/PaymentsSystem/PSPs.html,No clean disclosed funding total in free sources used for this build; listed for directory coverage.,2026-09-25
Netop Business Systems,Fintech,Netop Business Systems: CBN-authorised Payment Terminal Service Provider (POS/terminals).,,CBN,PTSP,Listed,Nigeria,,Nigeria,,Fintech,,,Undisclosed,2,Directory listing; funding undisclosed in free sources used.,CAC; NDPR; CBN PTSP.,Yes,"Offer automation/ML to fintech ops (recon, KYC, collections).",Low,https://www.cbn.gov.ng/PaymentsSystem/PSPs.html,No clean disclosed funding total in free sources used for this build; listed for directory coverage.,2026-09-25
Netplusdotcom,Fintech,Netplusdotcom: CBN-authorised Payment Solutions Service Provider (gateway/merchant collections).,,CBN,PSSP,Listed,Nigeria,,Nigeria,,Fintech,,,Undisclosed,2,Directory listing; funding undisclosed in free sources used.,CAC; NDPR; CBN PSSP.,Yes,"Offer automation/ML to fintech ops (recon, KYC, collections).",Low,https://www.cbn.gov.ng/PaymentsSystem/PSPs.html,No clean disclosed funding total in free sources used for this build; listed for directory coverage.,2026-09-25
New Credage,Fintech,New Credage: FCCPC-registered digital money lender / consumer credit apps.,,FCCPC,Digital Money Lender,Listed,Nigeria,,Nigeria,,Fintech,,,Undisclosed,2,Directory listing; funding undisclosed in free sources used.,CAC; NDPR; FCCPC-registered Digital Money Lender (DML).,Yes,"Offer automation/ML to fintech ops (recon, KYC, collections).",Low,https://fccpc.gov.ng/registration-of-digital-money-lenders/approvals-of-dmls/,No clean disclosed funding total in free sources used for this build; listed for directory coverage.,2026-09-25
New Extension Allround Trust,Fintech,New Extension Allround Trust: FCCPC-registered digital money lender / consumer credit apps.,,FCCPC,Digital Money Lender,Listed,Nigeria,,Nigeria,,Fintech,,,Undisclosed,2,Directory listing; funding undisclosed in free sources used.,CAC; NDPR; FCCPC-registered Digital Money Lender (DML).,Yes,"Offer automation/ML to fintech ops (recon, KYC, collections).",Low,https://fccpc.gov.ng/registration-of-digital-money-lenders/approvals-of-dmls/,No clean disclosed funding total in free sources used for this build; listed for directory coverage.,2026-09-25
Newducks,Fintech,Newducks: FCCPC-registered digital money lender / consumer credit apps.,,FCCPC,Digital Money Lender,Listed,Nigeria,,Nigeria,,Fintech,,,Undisclosed,2,Directory listing; funding undisclosed in free sources used.,CAC; NDPR; FCCPC-registered Digital Money Lender (DML).,Yes,"Offer automation/ML to fintech ops (recon, KYC, collections).",Low,https://fccpc.gov.ng/registration-of-digital-money-lenders/approvals-of-dmls/,No clean disclosed funding total in free sources used for this build; listed for directory coverage.,2026-09-25
Newedge Finance,Fintech,Newedge Finance: FCCPC-registered digital money lender / consumer credit apps.,,FCCPC,Digital Money Lender,Listed,Nigeria,,Nigeria,,Fintech,,,Undisclosed,2,Directory listing; funding undisclosed in free sources used.,CAC; NDPR; FCCPC-registered Digital Money Lender (DML).,Yes,"Offer automation/ML to fintech ops (recon, KYC, collections).",Low,https://fccpc.gov.ng/registration-of-digital-money-lenders/approvals-of-dmls/,No clean disclosed funding total in free sources used for this build; listed for directory coverage.,2026-09-25
Newgry,Fintech,Newgry: FCCPC-registered digital money lender / consumer credit apps.,,FCCPC,Digital Money Lender,Listed,Nigeria,,Nigeria,,Fintech,,,Undisclosed,2,Directory listing; funding undisclosed in free sources used.,CAC; NDPR; FCCPC-registered Digital Money Lender (DML).,Yes,"Offer automation/ML to fintech ops (recon, KYC, collections).",Low,https://fccpc.gov.ng/registration-of-digital-money-lenders/approvals-of-dmls/,No clean disclosed funding total in free sources used for this build; listed for directory coverage.,2026-09-25
Newrgy Lending,Fintech,Newrgy Lending: FCCPC-registered digital money lender / consumer credit apps.,,FCCPC,Digital Money Lender,Listed,Nigeria,,Nigeria,,Fintech,,,Undisclosed,2,Directory listing; funding undisclosed in free sources used.,CAC; NDPR; FCCPC-registered Digital Money Lender (DML).,Yes,"Offer automation/ML to fintech ops (recon, KYC, collections).",Low,https://fccpc.gov.ng/registration-of-digital-money-lenders/approvals-of-dmls/,No clean disclosed funding total in free sources used for this build; listed for directory coverage.,2026-09-25
Nexora Telecoms Services,Fintech,Nexora Telecoms Services: FCCPC-registered digital money lender / consumer credit apps.,,FCCPC,Digital Money Lender,Listed,Nigeria,,Nigeria,,Fintech,,,Undisclosed,2,Directory listing; funding undisclosed in free sources used.,CAC; NDPR; FCCPC-registered Digital Money Lender (DML).,Yes,"Offer automation/ML to fintech ops (recon, KYC, collections).",Low,https://fccpc.gov.ng/registration-of-digital-money-lenders/approvals-of-dmls/,No clean disclosed funding total in free sources used for this build; listed for directory coverage.,2026-09-25
NIBSS,Fintech,Nigeria Inter-Bank Settlement System national switch.,,Other,Fintech,Unknown,Lagos,Lagos,Nigeria,,Fintech,,,Undisclosed,2,Directory listing; funding undisclosed in free sources used.,CAC; NDPR; often CBN PSP/MMO/IMTO and/or FCCPC DML; SEC if capital-markets.,Yes,"Offer automation/ML to fintech ops (recon, KYC, collections).",Low,https://www.cbn.gov.ng/PaymentsSystem/PSPs.html,No clean disclosed funding total in free sources used for this build; listed for directory coverage.,2026-09-25
Nikdel Capital,Fintech,Nikdel Capital: FCCPC-registered digital money lender / consumer credit apps.,,FCCPC,Digital Money Lender,Listed,Nigeria,,Nigeria,,Fintech,,,Undisclosed,2,Directory listing; funding undisclosed in free sources used.,CAC; NDPR; FCCPC-registered Digital Money Lender (DML).,Yes,"Offer automation/ML to fintech ops (recon, KYC, collections).",Low,https://fccpc.gov.ng/registration-of-digital-money-lenders/approvals-of-dmls/,No clean disclosed funding total in free sources used for this build; listed for directory coverage.,2026-09-25
Nodens,Fintech,Nodens: FCCPC-registered digital money lender / consumer credit apps.,,FCCPC,Digital Money Lender,Listed,Nigeria,,Nigeria,,Fintech,,,Undisclosed,2,Directory listing; funding undisclosed in free sources used.,CAC; NDPR; FCCPC-registered Digital Money Lender (DML).,Yes,"Offer automation/ML to fintech ops (recon, KYC, collections).",Low,https://fccpc.gov.ng/registration-of-digital-money-lenders/approvals-of-dmls/,No clean disclosed funding total in free sources used for this build; listed for directory coverage.,2026-09-25
Nolt Finance Company,Fintech,Nolt Finance Company: FCCPC-registered digital money lender / consumer credit apps.,,FCCPC,Digital Money Lender,Listed,Nigeria,,Nigeria,,Fintech,,,Undisclosed,2,Directory listing; funding undisclosed in free sources used.,CAC; NDPR; FCCPC-registered Digital Money Lender (DML).,Yes,"Offer automation/ML to fintech ops (recon, KYC, collections).",Low,https://fccpc.gov.ng/registration-of-digital-money-lenders/approvals-of-dmls/,No clean disclosed funding total in free sources used for this build; listed for directory coverage.,2026-09-25
Nouveau Mobile,Fintech,Nouveau Mobile: CBN-licensed International Money Transfer Operator.,,CBN,IMTO,Listed,Nigeria,,Nigeria,,Fintech,,,Undisclosed,2,Directory listing; funding undisclosed in free sources used.,CAC; NDPR; CBN International Money Transfer Operator (IMTO).,Yes,"Offer automation/ML to fintech ops (recon, KYC, collections).",Low,https://www.cbn.gov.ng/PaymentsSystem/InternationalMoneyTransferOperators.html,No clean disclosed funding total in free sources used for this build; listed for directory coverage.,2026-09-25
Novac Payment Solutions,Fintech,Novac Payment Solutions: CBN-authorised Payment Solutions Service Provider (gateway/merchant collections).,,CBN,PSSP,Listed,Nigeria,,Nigeria,,Fintech,,,Undisclosed,2,Directory listing; funding undisclosed in free sources used.,CAC; NDPR; CBN PSSP.,Yes,"Offer automation/ML to fintech ops (recon, KYC, collections).",Low,https://www.cbn.gov.ng/PaymentsSystem/PSPs.html,No clean disclosed funding total in free sources used for this build; listed for directory coverage.,2026-09-25
Novac Remit,Fintech,Novac Remit: CBN-licensed International Money Transfer Operator.,,CBN,IMTO,Listed,Nigeria,,Nigeria,,Fintech,,,Undisclosed,2,Directory listing; funding undisclosed in free sources used.,CAC; NDPR; CBN International Money Transfer Operator (IMTO).,Yes,"Offer automation/ML to fintech ops (recon, KYC, collections).",Low,https://www.cbn.gov.ng/PaymentsSystem/InternationalMoneyTransferOperators.html,No clean disclosed funding total in free sources used for this build; listed for directory coverage.,2026-09-25
Novalend,Fintech,Novalend: FCCPC-registered digital money lender / consumer credit apps.,,FCCPC,Digital Money Lender,Listed,Nigeria,,Nigeria,,Fintech,,,Undisclosed,2,Directory listing; funding undisclosed in free sources used.,CAC; NDPR; FCCPC-registered Digital Money Lender (DML).,Yes,"Offer automation/ML to fintech ops (recon, KYC, collections).",Low,https://fccpc.gov.ng/registration-of-digital-money-lenders/approvals-of-dmls/,No clean disclosed funding total in free sources used for this build; listed for directory coverage.,2026-09-25
Novalux Technology,Fintech,Novalux Technology: FCCPC-registered digital money lender / consumer credit apps.,,FCCPC,Digital Money Lender,Listed,Nigeria,,Nigeria,,Fintech,,,Undisclosed,2,Directory listing; funding undisclosed in free sources used.,CAC; NDPR; FCCPC-registered Digital Money Lender (DML).,Yes,"Offer automation/ML to fintech ops (recon, KYC, collections).",Low,https://fccpc.gov.ng/registration-of-digital-money-lenders/approvals-of-dmls/,No clean disclosed funding total in free sources used for this build; listed for directory coverage.,2026-09-25
Nowlendi Solutions,Fintech,Nowlendi Solutions: FCCPC-registered digital money lender / consumer credit apps.,,FCCPC,Digital Money Lender,Listed,Nigeria,,Nigeria,,Fintech,,,Undisclosed,2,Directory listing; funding undisclosed in free sources used.,CAC; NDPR; FCCPC-registered Digital Money Lender (DML).,Yes,"Offer automation/ML to fintech ops (recon, KYC, collections).",Low,https://fccpc.gov.ng/registration-of-digital-money-lenders/approvals-of-dmls/,No clean disclosed funding total in free sources used for this build; listed for directory coverage.,2026-09-25
O2 International Dynamic Concept,Fintech,O2 International Dynamic Concept: FCCPC-registered digital money lender / consumer credit apps.,,FCCPC,Digital Money Lender,Listed,Nigeria,,Nigeria,,Fintech,,,Undisclosed,2,Directory listing; funding undisclosed in free sources used.,CAC; NDPR; FCCPC-registered Digital Money Lender (DML).,Yes,"Offer automation/ML to fintech ops (recon, KYC, collections).",Low,https://fccpc.gov.ng/registration-of-digital-money-lenders/approvals-of-dmls/,No clean disclosed funding total in free sources used for this build; listed for directory coverage.,2026-09-25
Obsidian Achernar Payments,Fintech,Obsidian Achernar Payments: CBN-licensed International Money Transfer Operator.,,CBN,IMTO,Listed,Nigeria,,Nigeria,,Fintech,,,Undisclosed,2,Directory listing; funding undisclosed in free sources used.,CAC; NDPR; CBN International Money Transfer Operator (IMTO).,Yes,"Offer automation/ML to fintech ops (recon, KYC, collections).",Low,https://www.cbn.gov.ng/PaymentsSystem/InternationalMoneyTransferOperators.html,No clean disclosed funding total in free sources used for this build; listed for directory coverage.,2026-09-25
Ohere Technologies,Fintech,Ohere Technologies: FCCPC-registered digital money lender / consumer credit apps.,,FCCPC,Digital Money Lender,Listed,Nigeria,,Nigeria,,Fintech,,,Undisclosed,2,Directory listing; funding undisclosed in free sources used.,CAC; NDPR; FCCPC-registered Digital Money Lender (DML).,Yes,"Offer automation/ML to fintech ops (recon, KYC, collections).",Low,https://fccpc.gov.ng/registration-of-digital-money-lenders/approvals-of-dmls/,No clean disclosed funding total in free sources used for this build; listed for directory coverage.,2026-09-25
Ojirehprime,Fintech,Alternative banking/fintech services (2025 funded lists).,,Press,Fintech,Unknown,Lagos,Lagos,Nigeria,,Fintech,,,Undisclosed,2,Directory listing; funding undisclosed in free sources used.,CAC; NDPR; often CBN PSP/MMO/IMTO and/or FCCPC DML; SEC if capital-markets.,Yes,"Offer automation/ML to fintech ops (recon, KYC, collections).",Low,https://www.startuplist.africa/lists/top-funded-nigeria-startups-2025,No clean disclosed funding total in free sources used for this build; listed for directory coverage.,2026-09-25
Olive Monies Express Limitednouveau Mobile,Fintech,Olive Monies Express Limitednouveau Mobile: CBN-licensed International Money Transfer Operator.,,CBN,IMTO,Listed,Nigeria,,Nigeria,,Fintech,,,Undisclosed,2,Directory listing; funding undisclosed in free sources used.,CAC; NDPR; CBN International Money Transfer Operator (IMTO).,Yes,"Offer automation/ML to fintech ops (recon, KYC, collections).",Low,https://www.cbn.gov.ng/PaymentsSystem/InternationalMoneyTransferOperators.html,No clean disclosed funding total in free sources used for this build; listed for directory coverage.,2026-09-25
Olive Payment Solutions,Fintech,Olive Payment Solutions: CBN-authorised Payment Solutions Service Provider (gateway/merchant collections).,,CBN,PSSP,Listed,Nigeria,,Nigeria,,Fintech,,,Undisclosed,2,Directory listing; funding undisclosed in free sources used.,CAC; NDPR; CBN PSSP.,Yes,"Offer automation/ML to fintech ops (recon, KYC, collections).",Low,https://www.cbn.gov.ng/PaymentsSystem/PSPs.html,No clean disclosed funding total in free sources used for this build; listed for directory coverage.,2026-09-25
Olivepeak International,Fintech,Olivepeak International: CBN-authorised Super-Agent for agency banking distribution.,,CBN,Super-Agent,Listed,Nigeria,,Nigeria,,B2B2C agency banking,,,Undisclosed,2,Directory listing; funding undisclosed in free sources used.,CBN Super-Agent; agent network compliance; NDPR; CAC.,Yes,Sell agent performance and AML monitoring to Super-Agents.,Med,https://www.cbn.gov.ng/PaymentsSystem/PSPs.html,No clean disclosed funding total in free sources used for this build; listed for directory coverage.,2026-09-25
Olivermead Investment,Fintech,Olivermead Investment: FCCPC-registered digital money lender / consumer credit apps.,,FCCPC,Digital Money Lender,Listed,Nigeria,,Nigeria,,Fintech,,,Undisclosed,2,Directory listing; funding undisclosed in free sources used.,CAC; NDPR; FCCPC-registered Digital Money Lender (DML).,Yes,"Offer automation/ML to fintech ops (recon, KYC, collections).",Low,https://fccpc.gov.ng/registration-of-digital-money-lenders/approvals-of-dmls/,No clean disclosed funding total in free sources used for this build; listed for directory coverage.,2026-09-25
"Olu Holloway, Ikoyi, Eti-Osa, Lagos",Fintech,"Olu Holloway, Ikoyi, Eti-Osa, Lagos: CBN-licensed International Money Transfer Operator.",,CBN,IMTO,Listed,Nigeria,,Nigeria,,Fintech,,,Undisclosed,2,Directory listing; funding undisclosed in free sources used.,CAC; NDPR; CBN International Money Transfer Operator (IMTO).,Yes,"Offer automation/ML to fintech ops (recon, KYC, collections).",Low,https://www.cbn.gov.ng/PaymentsSystem/InternationalMoneyTransferOperators.html,No clean disclosed funding total in free sources used for this build; listed for directory coverage.,2026-09-25
Omalend Service,Fintech,Omalend Service: FCCPC-registered digital money lender / consumer credit apps.,,FCCPC,Digital Money Lender,Listed,Nigeria,,Nigeria,,Fintech,,,Undisclosed,2,Directory listing; funding undisclosed in free sources used.,CAC; NDPR; FCCPC-registered Digital Money Lender (DML).,Yes,"Offer automation/ML to fintech ops (recon, KYC, collections).",Low,https://fccpc.gov.ng/registration-of-digital-money-lenders/approvals-of-dmls/,No clean disclosed funding total in free sources used for this build; listed for directory coverage.,2026-09-25
One Payout,Fintech,One Payout: FCCPC-registered digital money lender / consumer credit apps.,,FCCPC,Digital Money Lender,Listed,Nigeria,,Nigeria,,Fintech,,,Undisclosed,2,Directory listing; funding undisclosed in free sources used.,CAC; NDPR; FCCPC-registered Digital Money Lender (DML).,Yes,"Offer automation/ML to fintech ops (recon, KYC, collections).",Low,https://fccpc.gov.ng/registration-of-digital-money-lenders/approvals-of-dmls/,No clean disclosed funding total in free sources used for this build; listed for directory coverage.,2026-09-25
Onecard Topup Services,Fintech,Onecard Topup Services: CBN-authorised Payment Terminal Service Provider (POS/terminals).,,CBN,PTSP,Listed,Nigeria,,Nigeria,,Fintech,,,Undisclosed,2,Directory listing; funding undisclosed in free sources used.,CAC; NDPR; CBN PTSP.,Yes,"Offer automation/ML to fintech ops (recon, KYC, collections).",Low,https://www.cbn.gov.ng/PaymentsSystem/PSPs.html,No clean disclosed funding total in free sources used for this build; listed for directory coverage.,2026-09-25
OnePipe,Fintech,Open banking/financial data aggregation APIs.,,Other,Fintech,Unknown,Lagos,Lagos,Nigeria,,Fintech,,,Undisclosed,2,Directory listing; funding undisclosed in free sources used.,CAC; NDPR; often CBN PSP/MMO/IMTO and/or FCCPC DML; SEC if capital-markets.,Yes,"Offer automation/ML to fintech ops (recon, KYC, collections).",Low,https://www.cbn.gov.ng/PaymentsSystem/PSPs.html,No clean disclosed funding total in free sources used for this build; listed for directory coverage.,2026-09-25
Onepipe.Io Services,Fintech,Onepipe.Io Services: CBN-authorised Payment Solutions Service Provider (gateway/merchant collections).,,CBN,PSSP,Listed,Nigeria,,Nigeria,,Fintech,,,Undisclosed,2,Directory listing; funding undisclosed in free sources used.,CAC; NDPR; CBN PSSP.,Yes,"Offer automation/ML to fintech ops (recon, KYC, collections).",Low,https://www.cbn.gov.ng/PaymentsSystem/PSPs.html,No clean disclosed funding total in free sources used for this build; listed for directory coverage.,2026-09-25
Opay Microfinance Bank,Fintech,Opay Microfinance Bank: FCCPC-registered digital money lender / consumer credit apps.,,FCCPC,Digital Money Lender,Listed,Nigeria,,Nigeria,,Fintech,,,Undisclosed,2,Directory listing; funding undisclosed in free sources used.,CAC; NDPR; FCCPC-registered Digital Money Lender (DML).,Yes,"Offer automation/ML to fintech ops (recon, KYC, collections).",Low,https://fccpc.gov.ng/registration-of-digital-money-lenders/approvals-of-dmls/,No clean disclosed funding total in free sources used for this build; listed for directory coverage.,2026-09-25
Open Space Financial Services,Fintech,Open Space Financial Services: FCCPC-registered digital money lender / consumer credit apps.,,FCCPC,Digital Money Lender,Listed,Nigeria,,Nigeria,,Fintech,,,Undisclosed,2,Directory listing; funding undisclosed in free sources used.,CAC; NDPR; FCCPC-registered Digital Money Lender (DML).,Yes,"Offer automation/ML to fintech ops (recon, KYC, collections).",Low,https://fccpc.gov.ng/registration-of-digital-money-lenders/approvals-of-dmls/,No clean disclosed funding total in free sources used for this build; listed for directory coverage.,2026-09-25
Optima Nexus Finance,Fintech,Optima Nexus Finance: FCCPC-registered digital money lender / consumer credit apps.,,FCCPC,Digital Money Lender,Listed,Nigeria,,Nigeria,,Fintech,,,Undisclosed,2,Directory listing; funding undisclosed in free sources used.,CAC; NDPR; FCCPC-registered Digital Money Lender (DML).,Yes,"Offer automation/ML to fintech ops (recon, KYC, collections).",Low,https://fccpc.gov.ng/registration-of-digital-money-lenders/approvals-of-dmls/,No clean disclosed funding total in free sources used for this build; listed for directory coverage.,2026-09-25
Orcom And Orcom Business Support,Fintech,Orcom And Orcom Business Support: FCCPC-registered digital money lender / consumer credit apps.,,FCCPC,Digital Money Lender,Listed,Nigeria,,Nigeria,,Fintech,,,Undisclosed,2,Directory listing; funding undisclosed in free sources used.,CAC; NDPR; FCCPC-registered Digital Money Lender (DML).,Yes,"Offer automation/ML to fintech ops (recon, KYC, collections).",Low,https://fccpc.gov.ng/registration-of-digital-money-lenders/approvals-of-dmls/,No clean disclosed funding total in free sources used for this build; listed for directory coverage.,2026-09-25
Otp Internet Technology,Fintech,Otp Internet Technology: FCCPC-registered digital money lender / consumer credit apps.,,FCCPC,Digital Money Lender,Listed,Nigeria,,Nigeria,,Fintech,,,Undisclosed,2,Directory listing; funding undisclosed in free sources used.,CAC; NDPR; FCCPC-registered Digital Money Lender (DML).,Yes,"Offer automation/ML to fintech ops (recon, KYC, collections).",Low,https://fccpc.gov.ng/registration-of-digital-money-lenders/approvals-of-dmls/,No clean disclosed funding total in free sources used for this build; listed for directory coverage.,2026-09-25
Ovvar,Fintech,Ovvar: FCCPC-registered digital money lender / consumer credit apps.,,FCCPC,Digital Money Lender,Listed,Nigeria,,Nigeria,,Fintech,,,Undisclosed,2,Directory listing; funding undisclosed in free sources used.,CAC; NDPR; FCCPC-registered Digital Money Lender (DML).,Yes,"Offer automation/ML to fintech ops (recon, KYC, collections).",Low,https://fccpc.gov.ng/registration-of-digital-money-lenders/approvals-of-dmls/,No clean disclosed funding total in free sources used for this build; listed for directory coverage.,2026-09-25
Owofara Fintech Services,Fintech,Owofara Fintech Services: FCCPC-registered digital money lender / consumer credit apps.,,FCCPC,Digital Money Lender,Listed,Nigeria,,Nigeria,,Fintech,,,Undisclosed,2,Directory listing; funding undisclosed in free sources used.,CAC; NDPR; FCCPC-registered Digital Money Lender (DML).,Yes,"Offer automation/ML to fintech ops (recon, KYC, collections).",Low,https://fccpc.gov.ng/registration-of-digital-money-lenders/approvals-of-dmls/,No clean disclosed funding total in free sources used for this build; listed for directory coverage.,2026-09-25
Oxford 19,Fintech,Oxford 19: CBN-licensed International Money Transfer Operator.,,CBN,IMTO,Listed,Nigeria,,Nigeria,,Fintech,,,Undisclosed,2,Directory listing; funding undisclosed in free sources used.,CAC; NDPR; CBN International Money Transfer Operator (IMTO).,Yes,"Offer automation/ML to fintech ops (recon, KYC, collections).",Low,https://www.cbn.gov.ng/PaymentsSystem/InternationalMoneyTransferOperators.html,No clean disclosed funding total in free sources used for this build; listed for directory coverage.,2026-09-25
Oxygen X Finance Company,Fintech,Oxygen X Finance Company: FCCPC-registered digital money lender / consumer credit apps.,,FCCPC,Digital Money Lender,Listed,Nigeria,,Nigeria,,Fintech,,,Undisclosed,2,Directory listing; funding undisclosed in free sources used.,CAC; NDPR; FCCPC-registered Digital Money Lender (DML).,Yes,"Offer automation/ML to fintech ops (recon, KYC, collections).",Low,https://fccpc.gov.ng/registration-of-digital-money-lenders/approvals-of-dmls/,No clean disclosed funding total in free sources used for this build; listed for directory coverage.,2026-09-25
Oxymon Solutions,Fintech,Oxymon Solutions: FCCPC-registered digital money lender / consumer credit apps.,,FCCPC,Digital Money Lender,Listed,Nigeria,,Nigeria,,Fintech,,,Undisclosed,2,Directory listing; funding undisclosed in free sources used.,CAC; NDPR; FCCPC-registered Digital Money Lender (DML).,Yes,"Offer automation/ML to fintech ops (recon, KYC, collections).",Low,https://fccpc.gov.ng/registration-of-digital-money-lenders/approvals-of-dmls/,No clean disclosed funding total in free sources used for this build; listed for directory coverage.,2026-09-25
Oyster Lending,Fintech,Oyster Lending: FCCPC-registered digital money lender / consumer credit apps.,,FCCPC,Digital Money Lender,Listed,Nigeria,,Nigeria,,Fintech,,,Undisclosed,2,Directory listing; funding undisclosed in free sources used.,CAC; NDPR; FCCPC-registered Digital Money Lender (DML).,Yes,"Offer automation/ML to fintech ops (recon, KYC, collections).",Low,https://fccpc.gov.ng/registration-of-digital-money-lenders/approvals-of-dmls/,No clean disclosed funding total in free sources used for this build; listed for directory coverage.,2026-09-25
OZE,Fintech,OZE: FCCPC-registered digital money lender / consumer credit apps.,,FCCPC,Digital Money Lender,Listed,Nigeria,,Nigeria,,Fintech,,,Undisclosed,2,Directory listing; funding undisclosed in free sources used.,CAC; NDPR; FCCPC-registered Digital Money Lender (DML).,Yes,"Offer automation/ML to fintech ops (recon, KYC, collections).",Low,https://fccpc.gov.ng/registration-of-digital-money-lenders/approvals-of-dmls/,No clean disclosed funding total in free sources used for this build; listed for directory coverage.,2026-09-25
P2Vest Technology,Fintech,P2Vest Technology: FCCPC-registered digital money lender / consumer credit apps.,,FCCPC,Digital Money Lender,Listed,Nigeria,,Nigeria,,Fintech,,,Undisclosed,2,Directory listing; funding undisclosed in free sources used.,CAC; NDPR; FCCPC-registered Digital Money Lender (DML).,Yes,"Offer automation/ML to fintech ops (recon, KYC, collections).",Low,https://fccpc.gov.ng/registration-of-digital-money-lenders/approvals-of-dmls/,No clean disclosed funding total in free sources used for this build; listed for directory coverage.,2026-09-25
Pact Owoh,Fintech,Pact Owoh: FCCPC-registered digital money lender / consumer credit apps.,,FCCPC,Digital Money Lender,Listed,Nigeria,,Nigeria,,Fintech,,,Undisclosed,2,Directory listing; funding undisclosed in free sources used.,CAC; NDPR; FCCPC-registered Digital Money Lender (DML).,Yes,"Offer automation/ML to fintech ops (recon, KYC, collections).",Low,https://fccpc.gov.ng/registration-of-digital-money-lenders/approvals-of-dmls/,No clean disclosed funding total in free sources used for this build; listed for directory coverage.,2026-09-25
Paga Remit,Fintech,Paga Remit: CBN-licensed International Money Transfer Operator.,,CBN,IMTO,Listed,Nigeria,,Nigeria,,Fintech,,,Undisclosed,2,Directory listing; funding undisclosed in free sources used.,CAC; NDPR; CBN International Money Transfer Operator (IMTO).,Yes,"Offer automation/ML to fintech ops (recon, KYC, collections).",Low,https://www.cbn.gov.ng/PaymentsSystem/InternationalMoneyTransferOperators.html,No clean disclosed funding total in free sources used for this build; listed for directory coverage.,2026-09-25
Pagatech,Fintech,Pagatech: CBN-licensed Mobile Money Operator (e-money/wallets).,,CBN,MMO,Listed,Nigeria,,Nigeria,,Fintech,,,Undisclosed,2,Directory listing; funding undisclosed in free sources used.,CAC; NDPR; CBN Mobile Money Operator (MMO).,Yes,"Offer automation/ML to fintech ops (recon, KYC, collections).",Low,https://www.cbn.gov.ng/PaymentsSystem/PSPs.html,No clean disclosed funding total in free sources used for this build; listed for directory coverage.,2026-09-25
Page Finance,Fintech,Digital lending brand in NG market.,,FCCPC,Digital Money Lender,Listed,Lagos,Lagos,Nigeria,,Fintech,,,Undisclosed,2,Directory listing; funding undisclosed in free sources used.,CAC; NDPR; often CBN PSP/MMO/IMTO and/or FCCPC DML; SEC if capital-markets.,Yes,"Offer automation/ML to fintech ops (recon, KYC, collections).",Low,https://fccpc.gov.ng/registration-of-digital-money-lenders/approvals-of-dmls/,No clean disclosed funding total in free sources used for this build; listed for directory coverage.,2026-09-25
Panaxia Lending,Fintech,Panaxia Lending: FCCPC-registered digital money lender / consumer credit apps.,,FCCPC,Digital Money Lender,Listed,Nigeria,,Nigeria,,Fintech,,,Undisclosed,2,Directory listing; funding undisclosed in free sources used.,CAC; NDPR; FCCPC-registered Digital Money Lender (DML).,Yes,"Offer automation/ML to fintech ops (recon, KYC, collections).",Low,https://fccpc.gov.ng/registration-of-digital-money-lenders/approvals-of-dmls/,No clean disclosed funding total in free sources used for this build; listed for directory coverage.,2026-09-25
Papichou Technology,Fintech,Papichou Technology: FCCPC-registered digital money lender / consumer credit apps.,,FCCPC,Digital Money Lender,Listed,Nigeria,,Nigeria,,Fintech,,,Undisclosed,2,Directory listing; funding undisclosed in free sources used.,CAC; NDPR; FCCPC-registered Digital Money Lender (DML).,Yes,"Offer automation/ML to fintech ops (recon, KYC, collections).",Low,https://fccpc.gov.ng/registration-of-digital-money-lenders/approvals-of-dmls/,No clean disclosed funding total in free sources used for this build; listed for directory coverage.,2026-09-25
Parkcrowdy,Fintech,Parkcrowdy: FCCPC-registered digital money lender / consumer credit apps.,,FCCPC,Digital Money Lender,Listed,Nigeria,,Nigeria,,Fintech,,,Undisclosed,2,Directory listing; funding undisclosed in free sources used.,CAC; NDPR; FCCPC-registered Digital Money Lender (DML).,Yes,"Offer automation/ML to fintech ops (recon, KYC, collections).",Low,https://fccpc.gov.ng/registration-of-digital-money-lenders/approvals-of-dmls/,No clean disclosed funding total in free sources used for this build; listed for directory coverage.,2026-09-25
Parkway / SWwipe,Fintech,Parkway/SWwipe payments and agent banking.,,Other,Fintech,Unknown,Lagos,Lagos,Nigeria,,Fintech,,,Undisclosed,2,Directory listing; funding undisclosed in free sources used.,CAC; NDPR; often CBN PSP/MMO/IMTO and/or FCCPC DML; SEC if capital-markets.,Yes,"Offer automation/ML to fintech ops (recon, KYC, collections).",Low,https://www.cbn.gov.ng/PaymentsSystem/PSPs.html,No clean disclosed funding total in free sources used for this build; listed for directory coverage.,2026-09-25
Parkway Projects,Fintech,Parkway Projects: CBN-licensed Mobile Money Operator (e-money/wallets).,,CBN,MMO,Listed,Nigeria,,Nigeria,,Fintech,,,Undisclosed,2,Directory listing; funding undisclosed in free sources used.,CAC; NDPR; CBN Mobile Money Operator (MMO).,Yes,"Offer automation/ML to fintech ops (recon, KYC, collections).",Low,https://www.cbn.gov.ng/PaymentsSystem/PSPs.html,No clean disclosed funding total in free sources used for this build; listed for directory coverage.,2026-09-25
Passeco Technology,Fintech,Passeco Technology: FCCPC-registered digital money lender / consumer credit apps.,,FCCPC,Digital Money Lender,Listed,Nigeria,,Nigeria,,Fintech,,,Undisclosed,2,Directory listing; funding undisclosed in free sources used.,CAC; NDPR; FCCPC-registered Digital Money Lender (DML).,Yes,"Offer automation/ML to fintech ops (recon, KYC, collections).",Low,https://fccpc.gov.ng/registration-of-digital-money-lenders/approvals-of-dmls/,No clean disclosed funding total in free sources used for this build; listed for directory coverage.,2026-09-25
Payattitude,Fintech,Payattitude: CBN-listed card/payment scheme participant.,,CBN,Card Scheme,Listed,Nigeria,,Nigeria,,Fintech,,,Undisclosed,2,Directory listing; funding undisclosed in free sources used.,CAC; NDPR; CBN Card/Payment Scheme.,Yes,"Offer automation/ML to fintech ops (recon, KYC, collections).",Low,https://www.cbn.gov.ng/PaymentsSystem/PSPs.html,No clean disclosed funding total in free sources used for this build; listed for directory coverage.,2026-09-25
Payaza,Fintech,Payaza Africa: CBN-authorised Payment Solutions Service Provider (gateway/merchant collections).,,CBN,PSSP,Listed,Lagos,Lagos,Nigeria,,Fintech,,,Undisclosed,2,Directory listing; funding undisclosed in free sources used.,CAC; NDPR; often CBN PSP/MMO/IMTO and/or FCCPC DML; SEC if capital-markets.,Yes,"Offer automation/ML to fintech ops (recon, KYC, collections).",Low,https://www.cbn.gov.ng/PaymentsSystem/PSPs.html; https://www.cbn.gov.ng/PaymentsSystem/InternationalMoneyTransferOperators.html,No clean disclosed funding total in free sources used for this build; listed for directory coverage.,2026-09-25
Payceler,Fintech,Payceler: CBN-licensed International Money Transfer Operator.,,CBN,IMTO,Listed,Nigeria,,Nigeria,,Fintech,,,Undisclosed,2,Directory listing; funding undisclosed in free sources used.,CAC; NDPR; CBN International Money Transfer Operator (IMTO).,Yes,"Offer automation/ML to fintech ops (recon, KYC, collections).",Low,https://www.cbn.gov.ng/PaymentsSystem/InternationalMoneyTransferOperators.html,No clean disclosed funding total in free sources used for this build; listed for directory coverage.,2026-09-25
Paycluster Technology,Fintech,Paycluster Technology: CBN-authorised Super-Agent for agency banking distribution.,,CBN,Super-Agent,Listed,Nigeria,,Nigeria,,B2B2C agency banking,,,Undisclosed,2,Directory listing; funding undisclosed in free sources used.,CBN Super-Agent; agent network compliance; NDPR; CAC.,Yes,Sell agent performance and AML monitoring to Super-Agents.,Med,https://www.cbn.gov.ng/PaymentsSystem/PSPs.html,No clean disclosed funding total in free sources used for this build; listed for directory coverage.,2026-09-25
Paycredit,Fintech,Paycredit: FCCPC-registered digital money lender / consumer credit apps.,,FCCPC,Digital Money Lender,Listed,Nigeria,,Nigeria,,Fintech,,,Undisclosed,2,Directory listing; funding undisclosed in free sources used.,CAC; NDPR; FCCPC-registered Digital Money Lender (DML).,Yes,"Offer automation/ML to fintech ops (recon, KYC, collections).",Low,https://fccpc.gov.ng/registration-of-digital-money-lenders/approvals-of-dmls/,No clean disclosed funding total in free sources used for this build; listed for directory coverage.,2026-09-25
Paydayhub Online,Fintech,Paydayhub Online: FCCPC-registered digital money lender / consumer credit apps.,,FCCPC,Digital Money Lender,Listed,Nigeria,,Nigeria,,Fintech,,,Undisclosed,2,Directory listing; funding undisclosed in free sources used.,CAC; NDPR; FCCPC-registered Digital Money Lender (DML).,Yes,"Offer automation/ML to fintech ops (recon, KYC, collections).",Low,https://fccpc.gov.ng/registration-of-digital-money-lenders/approvals-of-dmls/,No clean disclosed funding total in free sources used for this build; listed for directory coverage.,2026-09-25
Payfinancials Technology Services,Fintech,Payfinancials Technology Services: FCCPC-registered digital money lender / consumer credit apps.,,FCCPC,Digital Money Lender,Listed,Nigeria,,Nigeria,,Fintech,,,Undisclosed,2,Directory listing; funding undisclosed in free sources used.,CAC; NDPR; FCCPC-registered Digital Money Lender (DML).,Yes,"Offer automation/ML to fintech ops (recon, KYC, collections).",Low,https://fccpc.gov.ng/registration-of-digital-money-lenders/approvals-of-dmls/,No clean disclosed funding total in free sources used for this build; listed for directory coverage.,2026-09-25
Payfixy,Fintech,Payfixy: CBN-authorised Payment Solutions Service Provider (gateway/merchant collections).,,CBN,PSSP,Listed,Nigeria,,Nigeria,,Fintech,,,Undisclosed,2,Directory listing; funding undisclosed in free sources used.,CAC; NDPR; CBN PSSP.,Yes,"Offer automation/ML to fintech ops (recon, KYC, collections).",Low,https://www.cbn.gov.ng/PaymentsSystem/PSPs.html,No clean disclosed funding total in free sources used for this build; listed for directory coverage.,2026-09-25
Paygo,Fintech,Paygo: CBN-authorised Super-Agent for agency banking distribution.,,CBN,Super-Agent,Listed,Nigeria,,Nigeria,,B2B2C agency banking,,,Undisclosed,2,Directory listing; funding undisclosed in free sources used.,CBN Super-Agent; agent network compliance; NDPR; CAC.,Yes,Sell agent performance and AML monitoring to Super-Agents.,Med,https://www.cbn.gov.ng/PaymentsSystem/PSPs.html,No clean disclosed funding total in free sources used for this build; listed for directory coverage.,2026-09-25
Payinvert,Fintech,Payinvert: CBN-authorised Payment Solutions Service Provider (gateway/merchant collections).,,CBN,PSSP,Listed,Nigeria,,Nigeria,,Fintech,,,Undisclosed,2,Directory listing; funding undisclosed in free sources used.,CAC; NDPR; CBN PSSP.,Yes,"Offer automation/ML to fintech ops (recon, KYC, collections).",Low,https://www.cbn.gov.ng/PaymentsSystem/PSPs.html,No clean disclosed funding total in free sources used for this build; listed for directory coverage.,2026-09-25
Paylater Hub,Fintech,Paylater Hub: FCCPC-registered digital money lender / consumer credit apps.,,FCCPC,Digital Money Lender,Listed,Nigeria,,Nigeria,,Fintech,,,Undisclosed,2,Directory listing; funding undisclosed in free sources used.,CAC; NDPR; FCCPC-registered Digital Money Lender (DML).,Yes,"Offer automation/ML to fintech ops (recon, KYC, collections).",Low,https://fccpc.gov.ng/registration-of-digital-money-lenders/approvals-of-dmls/,No clean disclosed funding total in free sources used for this build; listed for directory coverage.,2026-09-25
Paylode Services,Fintech,Paylode Services: CBN-authorised Payment Solutions Service Provider (gateway/merchant collections).,,CBN,PSSP,Listed,Nigeria,,Nigeria,,Fintech,,,Undisclosed,2,Directory listing; funding undisclosed in free sources used.,CAC; NDPR; CBN PSSP.,Yes,"Offer automation/ML to fintech ops (recon, KYC, collections).",Low,https://www.cbn.gov.ng/PaymentsSystem/PSPs.html,No clean disclosed funding total in free sources used for this build; listed for directory coverage.,2026-09-25
Payment Access System,Fintech,Payment Access System: CBN-authorised Payment Solutions Service Provider (gateway/merchant collections).,,CBN,PSSP,Listed,Nigeria,,Nigeria,,Fintech,,,Undisclosed,2,Directory listing; funding undisclosed in free sources used.,CAC; NDPR; CBN PSSP.,Yes,"Offer automation/ML to fintech ops (recon, KYC, collections).",Low,https://www.cbn.gov.ng/PaymentsSystem/PSPs.html,No clean disclosed funding total in free sources used for this build; listed for directory coverage.,2026-09-25
Payment Island Services,Fintech,Payment Island Services: CBN-authorised Payment Solutions Service Provider (gateway/merchant collections).,,CBN,PSSP,Listed,Nigeria,,Nigeria,,Fintech,,,Undisclosed,2,Directory listing; funding undisclosed in free sources used.,CAC; NDPR; CBN PSSP.,Yes,"Offer automation/ML to fintech ops (recon, KYC, collections).",Low,https://www.cbn.gov.ng/PaymentsSystem/PSPs.html,No clean disclosed funding total in free sources used for this build; listed for directory coverage.,2026-09-25
Payment Processing,Fintech,Payment Processing: CBN-licensed International Money Transfer Operator.,,CBN,IMTO,Listed,Nigeria,,Nigeria,,Fintech,,,Undisclosed,2,Directory listing; funding undisclosed in free sources used.,CAC; NDPR; CBN International Money Transfer Operator (IMTO).,Yes,"Offer automation/ML to fintech ops (recon, KYC, collections).",Low,https://www.cbn.gov.ng/PaymentsSystem/InternationalMoneyTransferOperators.html,No clean disclosed funding total in free sources used for this build; listed for directory coverage.,2026-09-25
Paymi Solutions,Fintech,Paymi Solutions: CBN-authorised Payment Solutions Service Provider (gateway/merchant collections).,,CBN,PSSP,Listed,Nigeria,,Nigeria,,Fintech,,,Undisclosed,2,Directory listing; funding undisclosed in free sources used.,CAC; NDPR; CBN PSSP.,Yes,"Offer automation/ML to fintech ops (recon, KYC, collections).",Low,https://www.cbn.gov.ng/PaymentsSystem/PSPs.html,No clean disclosed funding total in free sources used for this build; listed for directory coverage.,2026-09-25
Paymishtech,Fintech,Paymishtech: CBN-authorised Payment Solutions Service Provider (gateway/merchant collections).,,CBN,PSSP,Listed,Nigeria,,Nigeria,,Fintech,,,Undisclosed,2,Directory listing; funding undisclosed in free sources used.,CAC; NDPR; CBN PSSP.,Yes,"Offer automation/ML to fintech ops (recon, KYC, collections).",Low,https://www.cbn.gov.ng/PaymentsSystem/PSPs.html,No clean disclosed funding total in free sources used for this build; listed for directory coverage.,2026-09-25
Paysharp,Fintech,Paysharp: CBN-authorised Payment Solutions Service Provider (gateway/merchant collections).,,CBN,PSSP,Listed,Nigeria,,Nigeria,,Fintech,,,Undisclosed,2,Directory listing; funding undisclosed in free sources used.,CAC; NDPR; CBN PSSP.,Yes,"Offer automation/ML to fintech ops (recon, KYC, collections).",Low,https://www.cbn.gov.ng/PaymentsSystem/PSPs.html,No clean disclosed funding total in free sources used for this build; listed for directory coverage.,2026-09-25
Payskul Lending,Fintech,Payskul Lending: FCCPC-registered digital money lender / consumer credit apps.,,FCCPC,Digital Money Lender,Listed,Nigeria,,Nigeria,,Fintech,,,Undisclosed,2,Directory listing; funding undisclosed in free sources used.,CAC; NDPR; FCCPC-registered Digital Money Lender (DML).,Yes,"Offer automation/ML to fintech ops (recon, KYC, collections).",Low,https://fccpc.gov.ng/registration-of-digital-money-lenders/approvals-of-dmls/,No clean disclosed funding total in free sources used for this build; listed for directory coverage.,2026-09-25
Paysure Technologies,Fintech,Paysure Technologies: CBN-authorised Payment Solutions Service Provider (gateway/merchant collections).,,CBN,PSSP,Listed,Nigeria,,Nigeria,,Fintech,,,Undisclosed,2,Directory listing; funding undisclosed in free sources used.,CAC; NDPR; CBN PSSP.,Yes,"Offer automation/ML to fintech ops (recon, KYC, collections).",Low,https://www.cbn.gov.ng/PaymentsSystem/PSPs.html,No clean disclosed funding total in free sources used for this build; listed for directory coverage.,2026-09-25
Payu Payments,Fintech,Payu Payments: CBN-authorised Payment Solutions Service Provider (gateway/merchant collections).,,CBN,PSSP,Listed,Nigeria,,Nigeria,,Fintech,,,Undisclosed,2,Directory listing; funding undisclosed in free sources used.,CAC; NDPR; CBN PSSP.,Yes,"Offer automation/ML to fintech ops (recon, KYC, collections).",Low,https://www.cbn.gov.ng/PaymentsSystem/PSPs.html,No clean disclosed funding total in free sources used for this build; listed for directory coverage.,2026-09-25
Pearl Payments,Fintech,Pearl Payments: CBN-licensed International Money Transfer Operator.,,CBN,IMTO,Listed,Nigeria,,Nigeria,,Fintech,,,Undisclosed,2,Directory listing; funding undisclosed in free sources used.,CAC; NDPR; CBN International Money Transfer Operator (IMTO).,Yes,"Offer automation/ML to fintech ops (recon, KYC, collections).",Low,https://www.cbn.gov.ng/PaymentsSystem/InternationalMoneyTransferOperators.html,No clean disclosed funding total in free sources used for this build; listed for directory coverage.,2026-09-25
Pebble Financial Technologies,Fintech,Pebble Financial Technologies: FCCPC-registered digital money lender / consumer credit apps.,,FCCPC,Digital Money Lender,Listed,Nigeria,,Nigeria,,Fintech,,,Undisclosed,2,Directory listing; funding undisclosed in free sources used.,CAC; NDPR; FCCPC-registered Digital Money Lender (DML).,Yes,"Offer automation/ML to fintech ops (recon, KYC, collections).",Low,https://fccpc.gov.ng/registration-of-digital-money-lenders/approvals-of-dmls/,No clean disclosed funding total in free sources used for this build; listed for directory coverage.,2026-09-25
Penaid,Fintech,Penaid: FCCPC-registered digital money lender / consumer credit apps.,,FCCPC,Digital Money Lender,Listed,Nigeria,,Nigeria,,Fintech,,,Undisclosed,2,Directory listing; funding undisclosed in free sources used.,CAC; NDPR; FCCPC-registered Digital Money Lender (DML).,Yes,"Offer automation/ML to fintech ops (recon, KYC, collections).",Low,https://fccpc.gov.ng/registration-of-digital-money-lenders/approvals-of-dmls/,No clean disclosed funding total in free sources used for this build; listed for directory coverage.,2026-09-25
Peniel Services,Fintech,Peniel Services: CBN-licensed International Money Transfer Operator.,,CBN,IMTO,Listed,Nigeria,,Nigeria,,Fintech,,,Undisclosed,2,Directory listing; funding undisclosed in free sources used.,CAC; NDPR; CBN International Money Transfer Operator (IMTO).,Yes,"Offer automation/ML to fintech ops (recon, KYC, collections).",Low,https://www.cbn.gov.ng/PaymentsSystem/InternationalMoneyTransferOperators.html,No clean disclosed funding total in free sources used for this build; listed for directory coverage.,2026-09-25
Pennee Technologies,Fintech,Pennee Technologies: FCCPC-registered digital money lender / consumer credit apps.,,FCCPC,Digital Money Lender,Listed,Nigeria,,Nigeria,,Fintech,,,Undisclosed,2,Directory listing; funding undisclosed in free sources used.,CAC; NDPR; FCCPC-registered Digital Money Lender (DML).,Yes,"Offer automation/ML to fintech ops (recon, KYC, collections).",Low,https://fccpc.gov.ng/registration-of-digital-money-lenders/approvals-of-dmls/,No clean disclosed funding total in free sources used for this build; listed for directory coverage.,2026-09-25
Perennial Finance,Fintech,Perennial Finance: FCCPC-registered digital money lender / consumer credit apps.,,FCCPC,Digital Money Lender,Listed,Nigeria,,Nigeria,,Fintech,,,Undisclosed,2,Directory listing; funding undisclosed in free sources used.,CAC; NDPR; FCCPC-registered Digital Money Lender (DML).,Yes,"Offer automation/ML to fintech ops (recon, KYC, collections).",Low,https://fccpc.gov.ng/registration-of-digital-money-lenders/approvals-of-dmls/,No clean disclosed funding total in free sources used for this build; listed for directory coverage.,2026-09-25
Pethahiah Rehoboth International,Fintech,Pethahiah Rehoboth International: CBN-authorised Payment Solutions Service Provider (gateway/merchant collections).,,CBN,PSSP,Listed,Nigeria,,Nigeria,,Fintech,,,Undisclosed,2,Directory listing; funding undisclosed in free sources used.,CAC; NDPR; CBN PSSP.,Yes,"Offer automation/ML to fintech ops (recon, KYC, collections).",Low,https://www.cbn.gov.ng/PaymentsSystem/PSPs.html,No clean disclosed funding total in free sources used for this build; listed for directory coverage.,2026-09-25
Phoenix Payment Solution,Fintech,Phoenix Payment Solution: FCCPC-registered digital money lender / consumer credit apps.,,FCCPC,Digital Money Lender,Listed,Nigeria,,Nigeria,,Fintech,,,Undisclosed,2,Directory listing; funding undisclosed in free sources used.,CAC; NDPR; FCCPC-registered Digital Money Lender (DML).,Yes,"Offer automation/ML to fintech ops (recon, KYC, collections).",Low,https://fccpc.gov.ng/registration-of-digital-money-lenders/approvals-of-dmls/,No clean disclosed funding total in free sources used for this build; listed for directory coverage.,2026-09-25
Pilla Technology Resource,Fintech,Pilla Technology Resource: FCCPC-registered digital money lender / consumer credit apps.,,FCCPC,Digital Money Lender,Listed,Nigeria,,Nigeria,,Fintech,,,Undisclosed,2,Directory listing; funding undisclosed in free sources used.,CAC; NDPR; FCCPC-registered Digital Money Lender (DML).,Yes,"Offer automation/ML to fintech ops (recon, KYC, collections).",Low,https://fccpc.gov.ng/registration-of-digital-money-lenders/approvals-of-dmls/,No clean disclosed funding total in free sources used for this build; listed for directory coverage.,2026-09-25
Ping Express,Fintech,Ping Express: CBN-licensed International Money Transfer Operator.,,CBN,IMTO,Listed,Nigeria,,Nigeria,,Fintech,,,Undisclosed,2,Directory listing; funding undisclosed in free sources used.,CAC; NDPR; CBN International Money Transfer Operator (IMTO).,Yes,"Offer automation/ML to fintech ops (recon, KYC, collections).",Low,https://www.cbn.gov.ng/PaymentsSystem/InternationalMoneyTransferOperators.html,No clean disclosed funding total in free sources used for this build; listed for directory coverage.,2026-09-25
Pisi Technologies,Fintech,Pisi Technologies: FCCPC-registered digital money lender / consumer credit apps.,,FCCPC,Digital Money Lender,Listed,Nigeria,,Nigeria,,Fintech,,,Undisclosed,2,Directory listing; funding undisclosed in free sources used.,CAC; NDPR; FCCPC-registered Digital Money Lender (DML).,Yes,"Offer automation/ML to fintech ops (recon, KYC, collections).",Low,https://fccpc.gov.ng/registration-of-digital-money-lenders/approvals-of-dmls/,No clean disclosed funding total in free sources used for this build; listed for directory coverage.,2026-09-25
Piska Technology,Fintech,Piska Technology: FCCPC-registered digital money lender / consumer credit apps.,,FCCPC,Digital Money Lender,Listed,Nigeria,,Nigeria,,Fintech,,,Undisclosed,2,Directory listing; funding undisclosed in free sources used.,CAC; NDPR; FCCPC-registered Digital Money Lender (DML).,Yes,"Offer automation/ML to fintech ops (recon, KYC, collections).",Low,https://fccpc.gov.ng/registration-of-digital-money-lenders/approvals-of-dmls/,No clean disclosed funding total in free sources used for this build; listed for directory coverage.,2026-09-25
Pitch Capital,Fintech,Pitch Capital: FCCPC-registered digital money lender / consumer credit apps.,,FCCPC,Digital Money Lender,Listed,Nigeria,,Nigeria,,Fintech,,,Undisclosed,2,Directory listing; funding undisclosed in free sources used.,CAC; NDPR; FCCPC-registered Digital Money Lender (DML).,Yes,"Offer automation/ML to fintech ops (recon, KYC, collections).",Low,https://fccpc.gov.ng/registration-of-digital-money-lenders/approvals-of-dmls/,No clean disclosed funding total in free sources used for this build; listed for directory coverage.,2026-09-25
Pivo,Fintech,Pivo Technology: FCCPC-registered digital money lender / consumer credit apps.,,FCCPC,Digital Money Lender,Listed,Lagos,Lagos,Nigeria,,Fintech,,,Undisclosed,2,Directory listing; funding undisclosed in free sources used.,CAC; NDPR; often CBN PSP/MMO/IMTO and/or FCCPC DML; SEC if capital-markets.,Yes,"Offer automation/ML to fintech ops (recon, KYC, collections).",Med,https://www.ycombinator.com/companies; https://fccpc.gov.ng/registration-of-digital-money-lenders/approvals-of-dmls/,No clean disclosed funding total in free sources used for this build; listed for directory coverage.,2026-09-25
Pivotaliz Innovation,Fintech,Pivotaliz Innovation: FCCPC-registered digital money lender / consumer credit apps.,,FCCPC,Digital Money Lender,Listed,Nigeria,,Nigeria,,Fintech,,,Undisclosed,2,Directory listing; funding undisclosed in free sources used.,CAC; NDPR; FCCPC-registered Digital Money Lender (DML).,Yes,"Offer automation/ML to fintech ops (recon, KYC, collections).",Low,https://fccpc.gov.ng/registration-of-digital-money-lenders/approvals-of-dmls/,No clean disclosed funding total in free sources used for this build; listed for directory coverage.,2026-09-25
Pixe Finance,Fintech,Pixe Finance: FCCPC-registered digital money lender / consumer credit apps.,,FCCPC,Digital Money Lender,Listed,Nigeria,,Nigeria,,Fintech,,,Undisclosed,2,Directory listing; funding undisclosed in free sources used.,CAC; NDPR; FCCPC-registered Digital Money Lender (DML).,Yes,"Offer automation/ML to fintech ops (recon, KYC, collections).",Low,https://fccpc.gov.ng/registration-of-digital-money-lenders/approvals-of-dmls/,No clean disclosed funding total in free sources used for this build; listed for directory coverage.,2026-09-25
Pixelplay Systems,Fintech,Pixelplay Systems: CBN-authorised Payment Solutions Service Provider (gateway/merchant collections).,,CBN,PSSP,Listed,Nigeria,,Nigeria,,Fintech,,,Undisclosed,2,Directory listing; funding undisclosed in free sources used.,CAC; NDPR; CBN PSSP.,Yes,"Offer automation/ML to fintech ops (recon, KYC, collections).",Low,https://www.cbn.gov.ng/PaymentsSystem/PSPs.html,No clean disclosed funding total in free sources used for this build; listed for directory coverage.,2026-09-25
Plano Lending,Fintech,Plano Lending: FCCPC-registered digital money lender / consumer credit apps.,,FCCPC,Digital Money Lender,Listed,Nigeria,,Nigeria,,Fintech,,,Undisclosed,2,Directory listing; funding undisclosed in free sources used.,CAC; NDPR; FCCPC-registered Digital Money Lender (DML).,Yes,"Offer automation/ML to fintech ops (recon, KYC, collections).",Low,https://fccpc.gov.ng/registration-of-digital-money-lenders/approvals-of-dmls/,No clean disclosed funding total in free sources used for this build; listed for directory coverage.,2026-09-25
Plumter,Fintech,Financial tools for cross-border trade; YC-backed.,https://plumter.com,YC,YC Startup,Listed,Lagos,Lagos,Nigeria,,Fintech,,,Undisclosed,2,Directory listing; funding undisclosed in free sources used.,CAC; NDPR; often CBN PSP/MMO/IMTO and/or FCCPC DML; SEC if capital-markets.,Yes,"Offer automation/ML to fintech ops (recon, KYC, collections).",Med,https://www.ycombinator.com/companies,No clean disclosed funding total in free sources used for this build; listed for directory coverage.,2026-09-25
Pocket Solutions Africa,Fintech,Pocket Solutions Africa: FCCPC-registered digital money lender / consumer credit apps.,,FCCPC,Digital Money Lender,Listed,Nigeria,,Nigeria,,Fintech,,,Undisclosed,2,Directory listing; funding undisclosed in free sources used.,CAC; NDPR; FCCPC-registered Digital Money Lender (DML).,Yes,"Offer automation/ML to fintech ops (recon, KYC, collections).",Low,https://fccpc.gov.ng/registration-of-digital-money-lenders/approvals-of-dmls/,No clean disclosed funding total in free sources used for this build; listed for directory coverage.,2026-09-25
Pocketfuel Finance,Fintech,Pocketfuel Finance: FCCPC-registered digital money lender / consumer credit apps.,,FCCPC,Digital Money Lender,Listed,Nigeria,,Nigeria,,Fintech,,,Undisclosed,2,Directory listing; funding undisclosed in free sources used.,CAC; NDPR; FCCPC-registered Digital Money Lender (DML).,Yes,"Offer automation/ML to fintech ops (recon, KYC, collections).",Low,https://fccpc.gov.ng/registration-of-digital-money-lenders/approvals-of-dmls/,No clean disclosed funding total in free sources used for this build; listed for directory coverage.,2026-09-25
Podline Technology,Fintech,Podline Technology: FCCPC-registered digital money lender / consumer credit apps.,,FCCPC,Digital Money Lender,Listed,Nigeria,,Nigeria,,Fintech,,,Undisclosed,2,Directory listing; funding undisclosed in free sources used.,CAC; NDPR; FCCPC-registered Digital Money Lender (DML).,Yes,"Offer automation/ML to fintech ops (recon, KYC, collections).",Low,https://fccpc.gov.ng/registration-of-digital-money-lenders/approvals-of-dmls/,No clean disclosed funding total in free sources used for this build; listed for directory coverage.,2026-09-25
Prembly,Fintech,Identity verification API (formerly Identitypass); YC-backed.,,YC,YC Startup,Listed,Lagos,Lagos,Nigeria,,Fintech,,,Undisclosed,2,Directory listing; funding undisclosed in free sources used.,CAC; NDPR; often CBN PSP/MMO/IMTO and/or FCCPC DML; SEC if capital-markets.,Yes,"Offer automation/ML to fintech ops (recon, KYC, collections).",Med,https://www.ycombinator.com/companies,No clean disclosed funding total in free sources used for this build; listed for directory coverage.,2026-09-25
Premium Lending,Fintech,Premium Lending: FCCPC-registered digital money lender / consumer credit apps.,,FCCPC,Digital Money Lender,Listed,Nigeria,,Nigeria,,Fintech,,,Undisclosed,2,Directory listing; funding undisclosed in free sources used.,CAC; NDPR; FCCPC-registered Digital Money Lender (DML).,Yes,"Offer automation/ML to fintech ops (recon, KYC, collections).",Low,https://fccpc.gov.ng/registration-of-digital-money-lenders/approvals-of-dmls/,No clean disclosed funding total in free sources used for this build; listed for directory coverage.,2026-09-25
Prime Avis Investment Services,Fintech,Prime Avis Investment Services: FCCPC-registered digital money lender / consumer credit apps.,,FCCPC,Digital Money Lender,Listed,Nigeria,,Nigeria,,Fintech,,,Undisclosed,2,Directory listing; funding undisclosed in free sources used.,CAC; NDPR; FCCPC-registered Digital Money Lender (DML).,Yes,"Offer automation/ML to fintech ops (recon, KYC, collections).",Low,https://fccpc.gov.ng/registration-of-digital-money-lenders/approvals-of-dmls/,No clean disclosed funding total in free sources used for this build; listed for directory coverage.,2026-09-25
Prime Fiscus,Fintech,Prime Fiscus: FCCPC-registered digital money lender / consumer credit apps.,,FCCPC,Digital Money Lender,Listed,Nigeria,,Nigeria,,Fintech,,,Undisclosed,2,Directory listing; funding undisclosed in free sources used.,CAC; NDPR; FCCPC-registered Digital Money Lender (DML).,Yes,"Offer automation/ML to fintech ops (recon, KYC, collections).",Low,https://fccpc.gov.ng/registration-of-digital-money-lenders/approvals-of-dmls/,No clean disclosed funding total in free sources used for this build; listed for directory coverage.,2026-09-25
Princeps Credit System,Fintech,Princeps Credit System: FCCPC-registered digital money lender / consumer credit apps.,,FCCPC,Digital Money Lender,Listed,Nigeria,,Nigeria,,Fintech,,,Undisclosed,2,Directory listing; funding undisclosed in free sources used.,CAC; NDPR; FCCPC-registered Digital Money Lender (DML).,Yes,"Offer automation/ML to fintech ops (recon, KYC, collections).",Low,https://fccpc.gov.ng/registration-of-digital-money-lenders/approvals-of-dmls/,No clean disclosed funding total in free sources used for this build; listed for directory coverage.,2026-09-25
Prophius,Fintech,Prophius: CBN-authorised Payment Solutions Service Provider (gateway/merchant collections).,,CBN,PSSP,Listed,Nigeria,,Nigeria,,Fintech,,,Undisclosed,2,Directory listing; funding undisclosed in free sources used.,CAC; NDPR; CBN PSSP.,Yes,"Offer automation/ML to fintech ops (recon, KYC, collections).",Low,https://www.cbn.gov.ng/PaymentsSystem/PSPs.html,No clean disclosed funding total in free sources used for this build; listed for directory coverage.,2026-09-25
Prosperity Archipelago,Fintech,Prosperity Archipelago: FCCPC-registered digital money lender / consumer credit apps.,,FCCPC,Digital Money Lender,Listed,Nigeria,,Nigeria,,Fintech,,,Undisclosed,2,Directory listing; funding undisclosed in free sources used.,CAC; NDPR; FCCPC-registered Digital Money Lender (DML).,Yes,"Offer automation/ML to fintech ops (recon, KYC, collections).",Low,https://fccpc.gov.ng/registration-of-digital-money-lenders/approvals-of-dmls/,No clean disclosed funding total in free sources used for this build; listed for directory coverage.,2026-09-25
Prosperity Lending,Fintech,Prosperity Lending: FCCPC-registered digital money lender / consumer credit apps.,,FCCPC,Digital Money Lender,Listed,Nigeria,,Nigeria,,Fintech,,,Undisclosed,2,Directory listing; funding undisclosed in free sources used.,CAC; NDPR; FCCPC-registered Digital Money Lender (DML).,Yes,"Offer automation/ML to fintech ops (recon, KYC, collections).",Low,https://fccpc.gov.ng/registration-of-digital-money-lenders/approvals-of-dmls/,No clean disclosed funding total in free sources used for this build; listed for directory coverage.,2026-09-25
Provest,Fintech,Provest: FCCPC-registered digital money lender / consumer credit apps.,,FCCPC,Digital Money Lender,Listed,Nigeria,,Nigeria,,Fintech,,,Undisclosed,2,Directory listing; funding undisclosed in free sources used.,CAC; NDPR; FCCPC-registered Digital Money Lender (DML).,Yes,"Offer automation/ML to fintech ops (recon, KYC, collections).",Low,https://fccpc.gov.ng/registration-of-digital-money-lenders/approvals-of-dmls/,No clean disclosed funding total in free sources used for this build; listed for directory coverage.,2026-09-25
Proxima Finance,Fintech,Proxima Finance: FCCPC-registered digital money lender / consumer credit apps.,,FCCPC,Digital Money Lender,Listed,Nigeria,,Nigeria,,Fintech,,,Undisclosed,2,Directory listing; funding undisclosed in free sources used.,CAC; NDPR; FCCPC-registered Digital Money Lender (DML).,Yes,"Offer automation/ML to fintech ops (recon, KYC, collections).",Low,https://fccpc.gov.ng/registration-of-digital-money-lenders/approvals-of-dmls/,No clean disclosed funding total in free sources used for this build; listed for directory coverage.,2026-09-25
Pumpchain Technologies Platform,Fintech,Pumpchain Technologies Platform: CBN-licensed International Money Transfer Operator.,,CBN,IMTO,Listed,Nigeria,,Nigeria,,Fintech,,,Undisclosed,2,Directory listing; funding undisclosed in free sources used.,CAC; NDPR; CBN International Money Transfer Operator (IMTO).,Yes,"Offer automation/ML to fintech ops (recon, KYC, collections).",Low,https://www.cbn.gov.ng/PaymentsSystem/InternationalMoneyTransferOperators.html,No clean disclosed funding total in free sources used for this build; listed for directory coverage.,2026-09-25
Purple Pixel,Fintech,Purple Pixel: FCCPC-registered digital money lender / consumer credit apps.,,FCCPC,Digital Money Lender,Listed,Nigeria,,Nigeria,,Fintech,,,Undisclosed,2,Directory listing; funding undisclosed in free sources used.,CAC; NDPR; FCCPC-registered Digital Money Lender (DML).,Yes,"Offer automation/ML to fintech ops (recon, KYC, collections).",Low,https://fccpc.gov.ng/registration-of-digital-money-lenders/approvals-of-dmls/,No clean disclosed funding total in free sources used for this build; listed for directory coverage.,2026-09-25
Purple-Pearl Global,Fintech,Purple-Pearl Global: FCCPC-registered digital money lender / consumer credit apps.,,FCCPC,Digital Money Lender,Listed,Nigeria,,Nigeria,,Fintech,,,Undisclosed,2,Directory listing; funding undisclosed in free sources used.,CAC; NDPR; FCCPC-registered Digital Money Lender (DML).,Yes,"Offer automation/ML to fintech ops (recon, KYC, collections).",Low,https://fccpc.gov.ng/registration-of-digital-money-lenders/approvals-of-dmls/,No clean disclosed funding total in free sources used for this build; listed for directory coverage.,2026-09-25
Qihu Fintech,Fintech,Qihu Fintech: FCCPC-registered digital money lender / consumer credit apps.,,FCCPC,Digital Money Lender,Listed,Nigeria,,Nigeria,,Fintech,,,Undisclosed,2,Directory listing; funding undisclosed in free sources used.,CAC; NDPR; FCCPC-registered Digital Money Lender (DML).,Yes,"Offer automation/ML to fintech ops (recon, KYC, collections).",Low,https://fccpc.gov.ng/registration-of-digital-money-lenders/approvals-of-dmls/,No clean disclosed funding total in free sources used for this build; listed for directory coverage.,2026-09-25
Qrios Networks,Fintech,Qrios Networks: CBN-authorised Payment Solutions Service Provider (gateway/merchant collections).,,CBN,PSSP,Listed,Nigeria,,Nigeria,,Fintech,,,Undisclosed,2,Directory listing; funding undisclosed in free sources used.,CAC; NDPR; CBN PSSP.,Yes,"Offer automation/ML to fintech ops (recon, KYC, collections).",Low,https://www.cbn.gov.ng/PaymentsSystem/PSPs.html,No clean disclosed funding total in free sources used for this build; listed for directory coverage.,2026-09-25
Quantimo Solution,Fintech,Quantimo Solution: FCCPC-registered digital money lender / consumer credit apps.,,FCCPC,Digital Money Lender,Listed,Nigeria,,Nigeria,,Fintech,,,Undisclosed,2,Directory listing; funding undisclosed in free sources used.,CAC; NDPR; FCCPC-registered Digital Money Lender (DML).,Yes,"Offer automation/ML to fintech ops (recon, KYC, collections).",Low,https://fccpc.gov.ng/registration-of-digital-money-lenders/approvals-of-dmls/,No clean disclosed funding total in free sources used for this build; listed for directory coverage.,2026-09-25
Quark Financials,Fintech,Quark Financials: FCCPC-registered digital money lender / consumer credit apps.,,FCCPC,Digital Money Lender,Listed,Nigeria,,Nigeria,,Fintech,,,Undisclosed,2,Directory listing; funding undisclosed in free sources used.,CAC; NDPR; FCCPC-registered Digital Money Lender (DML).,Yes,"Offer automation/ML to fintech ops (recon, KYC, collections).",Low,https://fccpc.gov.ng/registration-of-digital-money-lenders/approvals-of-dmls/,No clean disclosed funding total in free sources used for this build; listed for directory coverage.,2026-09-25
Quickcred,Fintech,Quickcred: FCCPC-registered digital money lender / consumer credit apps.,,FCCPC,Digital Money Lender,Listed,Nigeria,,Nigeria,,Fintech,,,Undisclosed,2,Directory listing; funding undisclosed in free sources used.,CAC; NDPR; FCCPC-registered Digital Money Lender (DML).,Yes,"Offer automation/ML to fintech ops (recon, KYC, collections).",Low,https://fccpc.gov.ng/registration-of-digital-money-lenders/approvals-of-dmls/,No clean disclosed funding total in free sources used for this build; listed for directory coverage.,2026-09-25
Quickremit,Fintech,Quickremit: CBN-licensed International Money Transfer Operator.,,CBN,IMTO,Listed,Nigeria,,Nigeria,,Fintech,,,Undisclosed,2,Directory listing; funding undisclosed in free sources used.,CAC; NDPR; CBN International Money Transfer Operator (IMTO).,Yes,"Offer automation/ML to fintech ops (recon, KYC, collections).",Low,https://www.cbn.gov.ng/PaymentsSystem/InternationalMoneyTransferOperators.html,No clean disclosed funding total in free sources used for this build; listed for directory coverage.,2026-09-25
R-Lab,Fintech,R-Lab: CBN-authorised Payment Solutions Service Provider (gateway/merchant collections).,,CBN,PSSP,Listed,Nigeria,,Nigeria,,Fintech,,,Undisclosed,2,Directory listing; funding undisclosed in free sources used.,CAC; NDPR; CBN PSSP.,Yes,"Offer automation/ML to fintech ops (recon, KYC, collections).",Low,https://www.cbn.gov.ng/PaymentsSystem/PSPs.html,No clean disclosed funding total in free sources used for this build; listed for directory coverage.,2026-09-25
Raceova,Fintech,Raceova: FCCPC-registered digital money lender / consumer credit apps.,,FCCPC,Digital Money Lender,Listed,Nigeria,,Nigeria,,Fintech,,,Undisclosed,2,Directory listing; funding undisclosed in free sources used.,CAC; NDPR; FCCPC-registered Digital Money Lender (DML).,Yes,"Offer automation/ML to fintech ops (recon, KYC, collections).",Low,https://fccpc.gov.ng/registration-of-digital-money-lenders/approvals-of-dmls/,No clean disclosed funding total in free sources used for this build; listed for directory coverage.,2026-09-25
Radiantlife Financial Services,Fintech,Radiantlife Financial Services: CBN-licensed International Money Transfer Operator.,,CBN,IMTO,Listed,Nigeria,,Nigeria,,Fintech,,,Undisclosed,2,Directory listing; funding undisclosed in free sources used.,CAC; NDPR; CBN International Money Transfer Operator (IMTO).,Yes,"Offer automation/ML to fintech ops (recon, KYC, collections).",Low,https://www.cbn.gov.ng/PaymentsSystem/InternationalMoneyTransferOperators.html,No clean disclosed funding total in free sources used for this build; listed for directory coverage.,2026-09-25
Ragekay Global Investment,Fintech,Ragekay Global Investment: FCCPC-registered digital money lender / consumer credit apps.,,FCCPC,Digital Money Lender,Listed,Nigeria,,Nigeria,,Fintech,,,Undisclosed,2,Directory listing; funding undisclosed in free sources used.,CAC; NDPR; FCCPC-registered Digital Money Lender (DML).,Yes,"Offer automation/ML to fintech ops (recon, KYC, collections).",Low,https://fccpc.gov.ng/registration-of-digital-money-lenders/approvals-of-dmls/,No clean disclosed funding total in free sources used for this build; listed for directory coverage.,2026-09-25
Raiz Digital Services,Fintech,Raiz Digital Services: FCCPC-registered digital money lender / consumer credit apps.,,FCCPC,Digital Money Lender,Listed,Nigeria,,Nigeria,,Fintech,,,Undisclosed,2,Directory listing; funding undisclosed in free sources used.,CAC; NDPR; FCCPC-registered Digital Money Lender (DML).,Yes,"Offer automation/ML to fintech ops (recon, KYC, collections).",Low,https://fccpc.gov.ng/registration-of-digital-money-lenders/approvals-of-dmls/,No clean disclosed funding total in free sources used for this build; listed for directory coverage.,2026-09-25
Rank (Moni),Fintech,Group financing/thrift for SMEs (formerly Moni); YC-backed.,,YC,YC Startup,Listed,Lagos,Lagos,Nigeria,,Fintech,,,Undisclosed,2,Directory listing; funding undisclosed in free sources used.,CAC; NDPR; often CBN PSP/MMO/IMTO and/or FCCPC DML; SEC if capital-markets.,Yes,"Offer automation/ML to fintech ops (recon, KYC, collections).",Med,https://www.ycombinator.com/companies,No clean disclosed funding total in free sources used for this build; listed for directory coverage.,2026-09-25
Rank Capital,Fintech,Rank Capital: FCCPC-registered digital money lender / consumer credit apps.,,FCCPC,Digital Money Lender,Listed,Nigeria,,Nigeria,,Fintech,,,Undisclosed,2,Directory listing; funding undisclosed in free sources used.,CAC; NDPR; FCCPC-registered Digital Money Lender (DML).,Yes,"Offer automation/ML to fintech ops (recon, KYC, collections).",Low,https://fccpc.gov.ng/registration-of-digital-money-lenders/approvals-of-dmls/,No clean disclosed funding total in free sources used for this build; listed for directory coverage.,2026-09-25
Red Harbour Fintech,Fintech,Red Harbour Fintech: FCCPC-registered digital money lender / consumer credit apps.,,FCCPC,Digital Money Lender,Listed,Nigeria,,Nigeria,,Fintech,,,Undisclosed,2,Directory listing; funding undisclosed in free sources used.,CAC; NDPR; FCCPC-registered Digital Money Lender (DML).,Yes,"Offer automation/ML to fintech ops (recon, KYC, collections).",Low,https://fccpc.gov.ng/registration-of-digital-money-lenders/approvals-of-dmls/,No clean disclosed funding total in free sources used for this build; listed for directory coverage.,2026-09-25
Red Planet,Fintech,Red Planet: FCCPC-registered digital money lender / consumer credit apps.,,FCCPC,Digital Money Lender,Listed,Nigeria,,Nigeria,,Fintech,,,Undisclosed,2,Directory listing; funding undisclosed in free sources used.,CAC; NDPR; FCCPC-registered Digital Money Lender (DML).,Yes,"Offer automation/ML to fintech ops (recon, KYC, collections).",Low,https://fccpc.gov.ng/registration-of-digital-money-lenders/approvals-of-dmls/,No clean disclosed funding total in free sources used for this build; listed for directory coverage.,2026-09-25
Redfield Lending,Fintech,Redfield Lending: FCCPC-registered digital money lender / consumer credit apps.,,FCCPC,Digital Money Lender,Listed,Nigeria,,Nigeria,,Fintech,,,Undisclosed,2,Directory listing; funding undisclosed in free sources used.,CAC; NDPR; FCCPC-registered Digital Money Lender (DML).,Yes,"Offer automation/ML to fintech ops (recon, KYC, collections).",Low,https://fccpc.gov.ng/registration-of-digital-money-lenders/approvals-of-dmls/,No clean disclosed funding total in free sources used for this build; listed for directory coverage.,2026-09-25
Redtech,Fintech,Redtech: CBN-authorised Payment Solutions Service Provider (gateway/merchant collections).,,CBN,PSSP,Listed,Lagos,Lagos,Nigeria,,Fintech,,,Undisclosed,2,Directory listing; funding undisclosed in free sources used.,CAC; NDPR; often CBN PSP/MMO/IMTO and/or FCCPC DML; SEC if capital-markets.,Yes,"Offer automation/ML to fintech ops (recon, KYC, collections).",Low,https://www.cbn.gov.ng/PaymentsSystem/PSPs.html; https://startupmapafrica.com/startups/nigeria,No clean disclosed funding total in free sources used for this build; listed for directory coverage.,2026-09-25
Reedpriceman Technologies,Fintech,Reedpriceman Technologies: CBN-authorised Payment Terminal Service Provider (POS/terminals).,,CBN,PTSP,Listed,Nigeria,,Nigeria,,Fintech,,,Undisclosed,2,Directory listing; funding undisclosed in free sources used.,CAC; NDPR; CBN PTSP.,Yes,"Offer automation/ML to fintech ops (recon, KYC, collections).",Low,https://www.cbn.gov.ng/PaymentsSystem/PSPs.html,No clean disclosed funding total in free sources used for this build; listed for directory coverage.,2026-09-25
Refitok International,Fintech,Refitok International: CBN-licensed International Money Transfer Operator.,,CBN,IMTO,Listed,Nigeria,,Nigeria,,Fintech,,,Undisclosed,2,Directory listing; funding undisclosed in free sources used.,CAC; NDPR; CBN International Money Transfer Operator (IMTO).,Yes,"Offer automation/ML to fintech ops (recon, KYC, collections).",Low,https://www.cbn.gov.ng/PaymentsSystem/InternationalMoneyTransferOperators.html,No clean disclosed funding total in free sources used for this build; listed for directory coverage.,2026-09-25
Regal Stallion,Fintech,Regal Stallion: FCCPC-registered digital money lender / consumer credit apps.,,FCCPC,Digital Money Lender,Listed,Nigeria,,Nigeria,,Fintech,,,Undisclosed,2,Directory listing; funding undisclosed in free sources used.,CAC; NDPR; FCCPC-registered Digital Money Lender (DML).,Yes,"Offer automation/ML to fintech ops (recon, KYC, collections).",Low,https://fccpc.gov.ng/registration-of-digital-money-lenders/approvals-of-dmls/,No clean disclosed funding total in free sources used for this build; listed for directory coverage.,2026-09-25
Regxta Global Services,Fintech,Regxta Global Services: FCCPC-registered digital money lender / consumer credit apps.,,FCCPC,Digital Money Lender,Listed,Nigeria,,Nigeria,,Fintech,,,Undisclosed,2,Directory listing; funding undisclosed in free sources used.,CAC; NDPR; FCCPC-registered Digital Money Lender (DML).,Yes,"Offer automation/ML to fintech ops (recon, KYC, collections).",Low,https://fccpc.gov.ng/registration-of-digital-money-lenders/approvals-of-dmls/,No clean disclosed funding total in free sources used for this build; listed for directory coverage.,2026-09-25
Reliance Economic Advancement,Fintech,Reliance Economic Advancement: FCCPC-registered digital money lender / consumer credit apps.,,FCCPC,Digital Money Lender,Listed,Nigeria,,Nigeria,,Fintech,,,Undisclosed,2,Directory listing; funding undisclosed in free sources used.,CAC; NDPR; FCCPC-registered Digital Money Lender (DML).,Yes,"Offer automation/ML to fintech ops (recon, KYC, collections).",Low,https://fccpc.gov.ng/registration-of-digital-money-lenders/approvals-of-dmls/,No clean disclosed funding total in free sources used for this build; listed for directory coverage.,2026-09-25
Remita,Fintech,Remita Payment Service: CBN Switching and Processing licensee.,,CBN,Switching,Listed,Lagos,Lagos,Nigeria,,Fintech,,,Undisclosed,2,Directory listing; funding undisclosed in free sources used.,CAC; NDPR; often CBN PSP/MMO/IMTO and/or FCCPC DML; SEC if capital-markets.,Yes,"Offer automation/ML to fintech ops (recon, KYC, collections).",Low,https://www.cbn.gov.ng/PaymentsSystem/PSPs.html,No clean disclosed funding total in free sources used for this build; listed for directory coverage.,2026-09-25
Remitix,Fintech,Remitix: CBN-licensed International Money Transfer Operator.,,CBN,IMTO,Listed,Nigeria,,Nigeria,,Fintech,,,Undisclosed,2,Directory listing; funding undisclosed in free sources used.,CAC; NDPR; CBN International Money Transfer Operator (IMTO).,Yes,"Offer automation/ML to fintech ops (recon, KYC, collections).",Low,https://www.cbn.gov.ng/PaymentsSystem/InternationalMoneyTransferOperators.html,No clean disclosed funding total in free sources used for this build; listed for directory coverage.,2026-09-25
Renmoney,Fintech,Digital consumer/SME lending (microfinance heritage).,,FCCPC,Digital Money Lender,Listed,Lagos,Lagos,Nigeria,,Fintech,,,Undisclosed,2,Directory listing; funding undisclosed in free sources used.,CAC; NDPR; often CBN PSP/MMO/IMTO and/or FCCPC DML; SEC if capital-markets.,Yes,"Offer automation/ML to fintech ops (recon, KYC, collections).",Low,https://fccpc.gov.ng/registration-of-digital-money-lenders/approvals-of-dmls/,No clean disclosed funding total in free sources used for this build; listed for directory coverage.,2026-09-25
Renmoney Lending Company,Fintech,Renmoney Lending Company: FCCPC-registered digital money lender / consumer credit apps.,,FCCPC,Digital Money Lender,Listed,Nigeria,,Nigeria,,Fintech,,,Undisclosed,2,Directory listing; funding undisclosed in free sources used.,CAC; NDPR; FCCPC-registered Digital Money Lender (DML).,Yes,"Offer automation/ML to fintech ops (recon, KYC, collections).",Low,https://fccpc.gov.ng/registration-of-digital-money-lenders/approvals-of-dmls/,No clean disclosed funding total in free sources used for this build; listed for directory coverage.,2026-09-25
Renners Investment,Fintech,Renners Investment: FCCPC-registered digital money lender / consumer credit apps.,,FCCPC,Digital Money Lender,Listed,Nigeria,,Nigeria,,Fintech,,,Undisclosed,2,Directory listing; funding undisclosed in free sources used.,CAC; NDPR; FCCPC-registered Digital Money Lender (DML).,Yes,"Offer automation/ML to fintech ops (recon, KYC, collections).",Low,https://fccpc.gov.ng/registration-of-digital-money-lenders/approvals-of-dmls/,No clean disclosed funding total in free sources used for this build; listed for directory coverage.,2026-09-25
Resident Fintech,Fintech,Resident Fintech: CBN-authorised Payment Solutions Service Provider (gateway/merchant collections).,,CBN,PSSP,Listed,Nigeria,,Nigeria,,Fintech,,,Undisclosed,2,Directory listing; funding undisclosed in free sources used.,CAC; NDPR; CBN PSSP.,Yes,"Offer automation/ML to fintech ops (recon, KYC, collections).",Low,https://www.cbn.gov.ng/PaymentsSystem/PSPs.html,No clean disclosed funding total in free sources used for this build; listed for directory coverage.,2026-09-25
Retail Booster,Fintech,Retail Booster: FCCPC-registered digital money lender / consumer credit apps.,,FCCPC,Digital Money Lender,Listed,Nigeria,,Nigeria,,Fintech,,,Undisclosed,2,Directory listing; funding undisclosed in free sources used.,CAC; NDPR; FCCPC-registered Digital Money Lender (DML).,Yes,"Offer automation/ML to fintech ops (recon, KYC, collections).",Low,https://fccpc.gov.ng/registration-of-digital-money-lenders/approvals-of-dmls/,No clean disclosed funding total in free sources used for this build; listed for directory coverage.,2026-09-25
Retail Boosters,Fintech,Retail Boosters: FCCPC-registered digital money lender / consumer credit apps.,,FCCPC,Digital Money Lender,Listed,Nigeria,,Nigeria,,Fintech,,,Undisclosed,2,Directory listing; funding undisclosed in free sources used.,CAC; NDPR; FCCPC-registered Digital Money Lender (DML).,Yes,"Offer automation/ML to fintech ops (recon, KYC, collections).",Low,https://fccpc.gov.ng/registration-of-digital-money-lenders/approvals-of-dmls/,No clean disclosed funding total in free sources used for this build; listed for directory coverage.,2026-09-25
Revent Global Finance,Fintech,Revent Global Finance: FCCPC-registered digital money lender / consumer credit apps.,,FCCPC,Digital Money Lender,Listed,Nigeria,,Nigeria,,Fintech,,,Undisclosed,2,Directory listing; funding undisclosed in free sources used.,CAC; NDPR; FCCPC-registered Digital Money Lender (DML).,Yes,"Offer automation/ML to fintech ops (recon, KYC, collections).",Low,https://fccpc.gov.ng/registration-of-digital-money-lenders/approvals-of-dmls/,No clean disclosed funding total in free sources used for this build; listed for directory coverage.,2026-09-25
Rexcredit,Fintech,Rexcredit: FCCPC-registered digital money lender / consumer credit apps.,,FCCPC,Digital Money Lender,Listed,Nigeria,,Nigeria,,Fintech,,,Undisclosed,2,Directory listing; funding undisclosed in free sources used.,CAC; NDPR; FCCPC-registered Digital Money Lender (DML).,Yes,"Offer automation/ML to fintech ops (recon, KYC, collections).",Low,https://fccpc.gov.ng/registration-of-digital-money-lenders/approvals-of-dmls/,No clean disclosed funding total in free sources used for this build; listed for directory coverage.,2026-09-25
Rexel,Fintech,Rexel: CBN-authorised Payment Solutions Service Provider (gateway/merchant collections).,,CBN,PSSP,Listed,Nigeria,,Nigeria,,Fintech,,,Undisclosed,2,Directory listing; funding undisclosed in free sources used.,CAC; NDPR; CBN PSSP.,Yes,"Offer automation/ML to fintech ops (recon, KYC, collections).",Low,https://www.cbn.gov.ng/PaymentsSystem/PSPs.html,No clean disclosed funding total in free sources used for this build; listed for directory coverage.,2026-09-25
Rexen Fintech,Fintech,Rexen Fintech: FCCPC-registered digital money lender / consumer credit apps.,,FCCPC,Digital Money Lender,Listed,Nigeria,,Nigeria,,Fintech,,,Undisclosed,2,Directory listing; funding undisclosed in free sources used.,CAC; NDPR; FCCPC-registered Digital Money Lender (DML).,Yes,"Offer automation/ML to fintech ops (recon, KYC, collections).",Low,https://fccpc.gov.ng/registration-of-digital-money-lenders/approvals-of-dmls/,No clean disclosed funding total in free sources used for this build; listed for directory coverage.,2026-09-25
Rhythmtech Financials,Fintech,Rhythmtech Financials: FCCPC-registered digital money lender / consumer credit apps.,,FCCPC,Digital Money Lender,Listed,Nigeria,,Nigeria,,Fintech,,,Undisclosed,2,Directory listing; funding undisclosed in free sources used.,CAC; NDPR; FCCPC-registered Digital Money Lender (DML).,Yes,"Offer automation/ML to fintech ops (recon, KYC, collections).",Low,https://fccpc.gov.ng/registration-of-digital-money-lenders/approvals-of-dmls/,No clean disclosed funding total in free sources used for this build; listed for directory coverage.,2026-09-25
Rightcard Payment Services,Fintech,Rightcard Payment Services: CBN-licensed International Money Transfer Operator.,,CBN,IMTO,Listed,Nigeria,,Nigeria,,Fintech,,,Undisclosed,2,Directory listing; funding undisclosed in free sources used.,CAC; NDPR; CBN International Money Transfer Operator (IMTO).,Yes,"Offer automation/ML to fintech ops (recon, KYC, collections).",Low,https://www.cbn.gov.ng/PaymentsSystem/InternationalMoneyTransferOperators.html,No clean disclosed funding total in free sources used for this build; listed for directory coverage.,2026-09-25
Rimworld Capital,Fintech,Rimworld Capital: FCCPC-registered digital money lender / consumer credit apps.,,FCCPC,Digital Money Lender,Listed,Nigeria,,Nigeria,,Fintech,,,Undisclosed,2,Directory listing; funding undisclosed in free sources used.,CAC; NDPR; FCCPC-registered Digital Money Lender (DML).,Yes,"Offer automation/ML to fintech ops (recon, KYC, collections).",Low,https://fccpc.gov.ng/registration-of-digital-money-lenders/approvals-of-dmls/,No clean disclosed funding total in free sources used for this build; listed for directory coverage.,2026-09-25
Ripley,Fintech,Ripley: FCCPC-registered digital money lender / consumer credit apps.,,FCCPC,Digital Money Lender,Listed,Nigeria,,Nigeria,,Fintech,,,Undisclosed,2,Directory listing; funding undisclosed in free sources used.,CAC; NDPR; FCCPC-registered Digital Money Lender (DML).,Yes,"Offer automation/ML to fintech ops (recon, KYC, collections).",Low,https://fccpc.gov.ng/registration-of-digital-money-lenders/approvals-of-dmls/,No clean disclosed funding total in free sources used for this build; listed for directory coverage.,2026-09-25
Ripples J&Mlj Investment,Fintech,Ripples J&Mlj Investment: FCCPC-registered digital money lender / consumer credit apps.,,FCCPC,Digital Money Lender,Listed,Nigeria,,Nigeria,,Fintech,,,Undisclosed,2,Directory listing; funding undisclosed in free sources used.,CAC; NDPR; FCCPC-registered Digital Money Lender (DML).,Yes,"Offer automation/ML to fintech ops (recon, KYC, collections).",Low,https://fccpc.gov.ng/registration-of-digital-money-lenders/approvals-of-dmls/,No clean disclosed funding total in free sources used for this build; listed for directory coverage.,2026-09-25
Riverbank Partners,Fintech,Riverbank Partners: FCCPC-registered digital money lender / consumer credit apps.,,FCCPC,Digital Money Lender,Listed,Nigeria,,Nigeria,,Fintech,,,Undisclosed,2,Directory listing; funding undisclosed in free sources used.,CAC; NDPR; FCCPC-registered Digital Money Lender (DML).,Yes,"Offer automation/ML to fintech ops (recon, KYC, collections).",Low,https://fccpc.gov.ng/registration-of-digital-money-lenders/approvals-of-dmls/,No clean disclosed funding total in free sources used for this build; listed for directory coverage.,2026-09-25
Riverbrand Technology,Fintech,Riverbrand Technology: FCCPC-registered digital money lender / consumer credit apps.,,FCCPC,Digital Money Lender,Listed,Nigeria,,Nigeria,,Fintech,,,Undisclosed,2,Directory listing; funding undisclosed in free sources used.,CAC; NDPR; FCCPC-registered Digital Money Lender (DML).,Yes,"Offer automation/ML to fintech ops (recon, KYC, collections).",Low,https://fccpc.gov.ng/registration-of-digital-money-lenders/approvals-of-dmls/,No clean disclosed funding total in free sources used for this build; listed for directory coverage.,2026-09-25
Rockit Lenders,Fintech,Rockit Lenders: FCCPC-registered digital money lender / consumer credit apps.,,FCCPC,Digital Money Lender,Listed,Nigeria,,Nigeria,,Fintech,,,Undisclosed,2,Directory listing; funding undisclosed in free sources used.,CAC; NDPR; FCCPC-registered Digital Money Lender (DML).,Yes,"Offer automation/ML to fintech ops (recon, KYC, collections).",Low,https://fccpc.gov.ng/registration-of-digital-money-lenders/approvals-of-dmls/,No clean disclosed funding total in free sources used for this build; listed for directory coverage.,2026-09-25
Roja Technologies,Fintech,Roja Technologies: FCCPC-registered digital money lender / consumer credit apps.,,FCCPC,Digital Money Lender,Listed,Nigeria,,Nigeria,,Fintech,,,Undisclosed,2,Directory listing; funding undisclosed in free sources used.,CAC; NDPR; FCCPC-registered Digital Money Lender (DML).,Yes,"Offer automation/ML to fintech ops (recon, KYC, collections).",Low,https://fccpc.gov.ng/registration-of-digital-money-lenders/approvals-of-dmls/,No clean disclosed funding total in free sources used for this build; listed for directory coverage.,2026-09-25
Rosaquilla Multi-Tech,Fintech,Rosaquilla Multi-Tech: FCCPC-registered digital money lender / consumer credit apps.,,FCCPC,Digital Money Lender,Listed,Nigeria,,Nigeria,,Fintech,,,Undisclosed,2,Directory listing; funding undisclosed in free sources used.,CAC; NDPR; FCCPC-registered Digital Money Lender (DML).,Yes,"Offer automation/ML to fintech ops (recon, KYC, collections).",Low,https://fccpc.gov.ng/registration-of-digital-money-lenders/approvals-of-dmls/,No clean disclosed funding total in free sources used for this build; listed for directory coverage.,2026-09-25
Routepay Fintech,Fintech,Routepay Fintech: CBN-authorised Payment Solutions Service Provider (gateway/merchant collections).,,CBN,PSSP,Listed,Nigeria,,Nigeria,,Fintech,,,Undisclosed,2,Directory listing; funding undisclosed in free sources used.,CAC; NDPR; CBN PSSP.,Yes,"Offer automation/ML to fintech ops (recon, KYC, collections).",Low,https://www.cbn.gov.ng/PaymentsSystem/PSPs.html,No clean disclosed funding total in free sources used for this build; listed for directory coverage.,2026-09-25
Rubystar Global,Fintech,Rubystar Global: FCCPC-registered digital money lender / consumer credit apps.,,FCCPC,Digital Money Lender,Listed,Nigeria,,Nigeria,,Fintech,,,Undisclosed,2,Directory listing; funding undisclosed in free sources used.,CAC; NDPR; FCCPC-registered Digital Money Lender (DML).,Yes,"Offer automation/ML to fintech ops (recon, KYC, collections).",Low,https://fccpc.gov.ng/registration-of-digital-money-lenders/approvals-of-dmls/,No clean disclosed funding total in free sources used for this build; listed for directory coverage.,2026-09-25
S & Co.Tech Partners,Fintech,S & Co.Tech Partners: FCCPC-registered digital money lender / consumer credit apps.,,FCCPC,Digital Money Lender,Listed,Nigeria,,Nigeria,,Fintech,,,Undisclosed,2,Directory listing; funding undisclosed in free sources used.,CAC; NDPR; FCCPC-registered Digital Money Lender (DML).,Yes,"Offer automation/ML to fintech ops (recon, KYC, collections).",Low,https://fccpc.gov.ng/registration-of-digital-money-lenders/approvals-of-dmls/,No clean disclosed funding total in free sources used for this build; listed for directory coverage.,2026-09-25
Saana Capital,Fintech,Saana Capital: CBN-licensed International Money Transfer Operator.,,CBN,IMTO,Listed,Nigeria,,Nigeria,,Fintech,,,Undisclosed,2,Directory listing; funding undisclosed in free sources used.,CAC; NDPR; CBN International Money Transfer Operator (IMTO).,Yes,"Offer automation/ML to fintech ops (recon, KYC, collections).",Low,https://www.cbn.gov.ng/PaymentsSystem/InternationalMoneyTransferOperators.html,No clean disclosed funding total in free sources used for this build; listed for directory coverage.,2026-09-25
Saanapay Corporate Investments Management,Fintech,Saanapay Corporate Investments Management: CBN-authorised Payment Solutions Service Provider (gateway/merchant collections).,,CBN,PSSP,Listed,Nigeria,,Nigeria,,Fintech,,,Undisclosed,2,Directory listing; funding undisclosed in free sources used.,CAC; NDPR; CBN PSSP.,Yes,"Offer automation/ML to fintech ops (recon, KYC, collections).",Low,https://www.cbn.gov.ng/PaymentsSystem/PSPs.html,No clean disclosed funding total in free sources used for this build; listed for directory coverage.,2026-09-25
SafeTransact,Fintech,SafeTransact: Nigeria-focused fintech company listed on StartupMapAfrica sector directories. Funding undisclosed in free sources used.,,Press,Fintech,Unknown,Lagos,Lagos,Nigeria,,Fintech,,,Undisclosed,2,Directory listing; funding undisclosed in free sources used.,CAC; NDPR; often CBN PSP/MMO/IMTO and/or FCCPC DML; SEC if capital-markets.,Yes,"Offer automation/ML to fintech ops (recon, KYC, collections).",Low,https://startupmapafrica.com/startups/fintech/nigeria; https://startupmapafrica.com/startups/nigeria,No clean disclosed funding total in free sources used for this build; listed for directory coverage.,2026-09-25
Salad Technologies,Fintech,Salad Technologies: FCCPC-registered digital money lender / consumer credit apps.,,FCCPC,Digital Money Lender,Listed,Nigeria,,Nigeria,,Fintech,,,Undisclosed,2,Directory listing; funding undisclosed in free sources used.,CAC; NDPR; FCCPC-registered Digital Money Lender (DML).,Yes,"Offer automation/ML to fintech ops (recon, KYC, collections).",Low,https://fccpc.gov.ng/registration-of-digital-money-lenders/approvals-of-dmls/,No clean disclosed funding total in free sources used for this build; listed for directory coverage.,2026-09-25
Samued Tech,Fintech,Samued Tech: FCCPC-registered digital money lender / consumer credit apps.,,FCCPC,Digital Money Lender,Listed,Nigeria,,Nigeria,,Fintech,,,Undisclosed,2,Directory listing; funding undisclosed in free sources used.,CAC; NDPR; FCCPC-registered Digital Money Lender (DML).,Yes,"Offer automation/ML to fintech ops (recon, KYC, collections).",Low,https://fccpc.gov.ng/registration-of-digital-money-lenders/approvals-of-dmls/,No clean disclosed funding total in free sources used for this build; listed for directory coverage.,2026-09-25
Santus Hive Trading,Fintech,Santus Hive Trading: FCCPC-registered digital money lender / consumer credit apps.,,FCCPC,Digital Money Lender,Listed,Nigeria,,Nigeria,,Fintech,,,Undisclosed,2,Directory listing; funding undisclosed in free sources used.,CAC; NDPR; FCCPC-registered Digital Money Lender (DML).,Yes,"Offer automation/ML to fintech ops (recon, KYC, collections).",Low,https://fccpc.gov.ng/registration-of-digital-money-lenders/approvals-of-dmls/,No clean disclosed funding total in free sources used for this build; listed for directory coverage.,2026-09-25
Sapphire Virtual Networks,Fintech,Sapphire Virtual Networks: FCCPC-registered digital money lender / consumer credit apps.,,FCCPC,Digital Money Lender,Listed,Nigeria,,Nigeria,,Fintech,,,Undisclosed,2,Directory listing; funding undisclosed in free sources used.,CAC; NDPR; FCCPC-registered Digital Money Lender (DML).,Yes,"Offer automation/ML to fintech ops (recon, KYC, collections).",Low,https://fccpc.gov.ng/registration-of-digital-money-lenders/approvals-of-dmls/,No clean disclosed funding total in free sources used for this build; listed for directory coverage.,2026-09-25
Savings Box Global Impact,Fintech,Savings Box Global Impact: FCCPC-registered digital money lender / consumer credit apps.,,FCCPC,Digital Money Lender,Listed,Nigeria,,Nigeria,,Fintech,,,Undisclosed,2,Directory listing; funding undisclosed in free sources used.,CAC; NDPR; FCCPC-registered Digital Money Lender (DML).,Yes,"Offer automation/ML to fintech ops (recon, KYC, collections).",Low,https://fccpc.gov.ng/registration-of-digital-money-lenders/approvals-of-dmls/,No clean disclosed funding total in free sources used for this build; listed for directory coverage.,2026-09-25
Say Switch,Fintech,Say Switch: CBN Switching and Processing licensee.,,CBN,Switching,Listed,Nigeria,,Nigeria,,Fintech,,,Undisclosed,2,Directory listing; funding undisclosed in free sources used.,CAC; NDPR; CBN Switching & Processing.,Yes,"Offer automation/ML to fintech ops (recon, KYC, collections).",Low,https://www.cbn.gov.ng/PaymentsSystem/PSPs.html,No clean disclosed funding total in free sources used for this build; listed for directory coverage.,2026-09-25
Schoolable,Fintech,Tuition collection service for K-12 private schools in Africa,http://schoolable.co,YC,YC Startup,Listed,Lagos,Lagos,Nigeria,,Fintech,,,Undisclosed,2,Directory listing; funding undisclosed in free sources used.,CAC; NDPR; often CBN PSP/MMO/IMTO and/or FCCPC DML; SEC if capital-markets.,Yes,"Offer automation/ML to fintech ops (recon, KYC, collections).",Med,https://www.ycombinator.com/companies,No clean disclosed funding total in free sources used for this build; listed for directory coverage.,2026-09-25
Seamlesshr.Com,Fintech,Seamlesshr.Com: FCCPC-registered digital money lender / consumer credit apps.,,FCCPC,Digital Money Lender,Listed,Nigeria,,Nigeria,,Fintech,,,Undisclosed,2,Directory listing; funding undisclosed in free sources used.,CAC; NDPR; FCCPC-registered Digital Money Lender (DML).,Yes,"Offer automation/ML to fintech ops (recon, KYC, collections).",Low,https://fccpc.gov.ng/registration-of-digital-money-lenders/approvals-of-dmls/,No clean disclosed funding total in free sources used for this build; listed for directory coverage.,2026-09-25
Seespring,Fintech,Seespring: FCCPC-registered digital money lender / consumer credit apps.,,FCCPC,Digital Money Lender,Listed,Nigeria,,Nigeria,,Fintech,,,Undisclosed,2,Directory listing; funding undisclosed in free sources used.,CAC; NDPR; FCCPC-registered Digital Money Lender (DML).,Yes,"Offer automation/ML to fintech ops (recon, KYC, collections).",Low,https://fccpc.gov.ng/registration-of-digital-money-lenders/approvals-of-dmls/,No clean disclosed funding total in free sources used for this build; listed for directory coverage.,2026-09-25
Sendfirst Enterprises,Fintech,Sendfirst Enterprises: CBN-licensed International Money Transfer Operator.,,CBN,IMTO,Listed,Nigeria,,Nigeria,,Fintech,,,Undisclosed,2,Directory listing; funding undisclosed in free sources used.,CAC; NDPR; CBN International Money Transfer Operator (IMTO).,Yes,"Offer automation/ML to fintech ops (recon, KYC, collections).",Low,https://www.cbn.gov.ng/PaymentsSystem/InternationalMoneyTransferOperators.html,No clean disclosed funding total in free sources used for this build; listed for directory coverage.,2026-09-25
Servicefirst Ng,Fintech,Servicefirst Ng: FCCPC-registered digital money lender / consumer credit apps.,,FCCPC,Digital Money Lender,Listed,Nigeria,,Nigeria,,Fintech,,,Undisclosed,2,Directory listing; funding undisclosed in free sources used.,CAC; NDPR; FCCPC-registered Digital Money Lender (DML).,Yes,"Offer automation/ML to fintech ops (recon, KYC, collections).",Low,https://fccpc.gov.ng/registration-of-digital-money-lenders/approvals-of-dmls/,No clean disclosed funding total in free sources used for this build; listed for directory coverage.,2026-09-25
Shago Payments,Fintech,Shago Payments: CBN-authorised Payment Solutions Service Provider (gateway/merchant collections).,,CBN,PSSP,Listed,Lagos,Lagos,Nigeria,,Fintech,,,Undisclosed,2,Directory listing; funding undisclosed in free sources used.,CAC; NDPR; often CBN PSP/MMO/IMTO and/or FCCPC DML; SEC if capital-markets.,Yes,"Offer automation/ML to fintech ops (recon, KYC, collections).",Low,https://www.cbn.gov.ng/PaymentsSystem/PSPs.html,No clean disclosed funding total in free sources used for this build; listed for directory coverage.,2026-09-25
Shara Technology Management,Fintech,Shara Technology Management: FCCPC-registered digital money lender / consumer credit apps.,,FCCPC,Digital Money Lender,Listed,Nigeria,,Nigeria,,Fintech,,,Undisclosed,2,Directory listing; funding undisclosed in free sources used.,CAC; NDPR; FCCPC-registered Digital Money Lender (DML).,Yes,"Offer automation/ML to fintech ops (recon, KYC, collections).",Low,https://fccpc.gov.ng/registration-of-digital-money-lenders/approvals-of-dmls/,No clean disclosed funding total in free sources used for this build; listed for directory coverage.,2026-09-25
Sharp Credit,Fintech,Sharp Credit: FCCPC-registered digital money lender / consumer credit apps.,,FCCPC,Digital Money Lender,Listed,Nigeria,,Nigeria,,Fintech,,,Undisclosed,2,Directory listing; funding undisclosed in free sources used.,CAC; NDPR; FCCPC-registered Digital Money Lender (DML).,Yes,"Offer automation/ML to fintech ops (recon, KYC, collections).",Low,https://fccpc.gov.ng/registration-of-digital-money-lenders/approvals-of-dmls/,No clean disclosed funding total in free sources used for this build; listed for directory coverage.,2026-09-25
Sharperly,Fintech,Sharperly: CBN-licensed International Money Transfer Operator.,,CBN,IMTO,Listed,Lagos,Lagos,Nigeria,,Fintech,,,Undisclosed,2,Directory listing; funding undisclosed in free sources used.,CAC; NDPR; often CBN PSP/MMO/IMTO and/or FCCPC DML; SEC if capital-markets.,Yes,"Offer automation/ML to fintech ops (recon, KYC, collections).",Low,https://www.cbn.gov.ng/PaymentsSystem/InternationalMoneyTransferOperators.html,No clean disclosed funding total in free sources used for this build; listed for directory coverage.,2026-09-25
SID Digital,Fintech,SID Digital: CBN-authorised Payment Solutions Service Provider (gateway/merchant collections).,,CBN,PSSP,Listed,Nigeria,,Nigeria,,Fintech,,,Undisclosed,2,Directory listing; funding undisclosed in free sources used.,CAC; NDPR; CBN PSSP.,Yes,"Offer automation/ML to fintech ops (recon, KYC, collections).",Low,https://www.cbn.gov.ng/PaymentsSystem/PSPs.html,No clean disclosed funding total in free sources used for this build; listed for directory coverage.,2026-09-25
Sigma Plus Tech,Fintech,Sigma Plus Tech: FCCPC-registered digital money lender / consumer credit apps.,,FCCPC,Digital Money Lender,Listed,Nigeria,,Nigeria,,Fintech,,,Undisclosed,2,Directory listing; funding undisclosed in free sources used.,CAC; NDPR; FCCPC-registered Digital Money Lender (DML).,Yes,"Offer automation/ML to fintech ops (recon, KYC, collections).",Low,https://fccpc.gov.ng/registration-of-digital-money-lenders/approvals-of-dmls/,No clean disclosed funding total in free sources used for this build; listed for directory coverage.,2026-09-25
Silkroad Finance,Fintech,Silkroad Finance: FCCPC-registered digital money lender / consumer credit apps.,,FCCPC,Digital Money Lender,Listed,Nigeria,,Nigeria,,Fintech,,,Undisclosed,2,Directory listing; funding undisclosed in free sources used.,CAC; NDPR; FCCPC-registered Digital Money Lender (DML).,Yes,"Offer automation/ML to fintech ops (recon, KYC, collections).",Low,https://fccpc.gov.ng/registration-of-digital-money-lenders/approvals-of-dmls/,No clean disclosed funding total in free sources used for this build; listed for directory coverage.,2026-09-25
SimbaPay,Fintech,Simbapay: CBN-licensed International Money Transfer Operator.,,CBN,IMTO,Listed,Abuja,Abuja,Nigeria,,Fintech,,,Undisclosed,2,Directory listing; funding undisclosed in free sources used.,CAC; NDPR; often CBN PSP/MMO/IMTO and/or FCCPC DML; SEC if capital-markets.,Yes,"Offer automation/ML to fintech ops (recon, KYC, collections).",Low,https://www.cbn.gov.ng/PaymentsSystem/InternationalMoneyTransferOperators.html,No clean disclosed funding total in free sources used for this build; listed for directory coverage.,2026-09-25
Simplify International Synergy,Fintech,Simplify International Synergy: CBN-authorised Payment Solutions Service Provider (gateway/merchant collections).,,CBN,PSSP,Listed,Nigeria,,Nigeria,,Fintech,,,Undisclosed,2,Directory listing; funding undisclosed in free sources used.,CAC; NDPR; CBN PSSP.,Yes,"Offer automation/ML to fintech ops (recon, KYC, collections).",Low,https://www.cbn.gov.ng/PaymentsSystem/PSPs.html; https://www.cbn.gov.ng/PaymentsSystem/InternationalMoneyTransferOperators.html,No clean disclosed funding total in free sources used for this build; listed for directory coverage.,2026-09-25
Singularity Technology,Fintech,Singularity Technology: FCCPC-registered digital money lender / consumer credit apps.,,FCCPC,Digital Money Lender,Listed,Nigeria,,Nigeria,,Fintech,,,Undisclosed,2,Directory listing; funding undisclosed in free sources used.,CAC; NDPR; FCCPC-registered Digital Money Lender (DML).,Yes,"Offer automation/ML to fintech ops (recon, KYC, collections).",Low,https://fccpc.gov.ng/registration-of-digital-money-lenders/approvals-of-dmls/,No clean disclosed funding total in free sources used for this build; listed for directory coverage.,2026-09-25
Sinofin,Fintech,Sinofin: FCCPC-registered digital money lender / consumer credit apps.,,FCCPC,Digital Money Lender,Listed,Nigeria,,Nigeria,,Fintech,,,Undisclosed,2,Directory listing; funding undisclosed in free sources used.,CAC; NDPR; FCCPC-registered Digital Money Lender (DML).,Yes,"Offer automation/ML to fintech ops (recon, KYC, collections).",Low,https://fccpc.gov.ng/registration-of-digital-money-lenders/approvals-of-dmls/,No clean disclosed funding total in free sources used for this build; listed for directory coverage.,2026-09-25
Sipan Finance,Fintech,Sipan Finance: FCCPC-registered digital money lender / consumer credit apps.,,FCCPC,Digital Money Lender,Listed,Nigeria,,Nigeria,,Fintech,,,Undisclosed,2,Directory listing; funding undisclosed in free sources used.,CAC; NDPR; FCCPC-registered Digital Money Lender (DML).,Yes,"Offer automation/ML to fintech ops (recon, KYC, collections).",Low,https://fccpc.gov.ng/registration-of-digital-money-lenders/approvals-of-dmls/,No clean disclosed funding total in free sources used for this build; listed for directory coverage.,2026-09-25
Sixth Penguin,Fintech,Sixth Penguin: FCCPC-registered digital money lender / consumer credit apps.,,FCCPC,Digital Money Lender,Listed,Nigeria,,Nigeria,,Fintech,,,Undisclosed,2,Directory listing; funding undisclosed in free sources used.,CAC; NDPR; FCCPC-registered Digital Money Lender (DML).,Yes,"Offer automation/ML to fintech ops (recon, KYC, collections).",Low,https://fccpc.gov.ng/registration-of-digital-money-lenders/approvals-of-dmls/,No clean disclosed funding total in free sources used for this build; listed for directory coverage.,2026-09-25
Skitlone,Fintech,Skitlone: FCCPC-registered digital money lender / consumer credit apps.,,FCCPC,Digital Money Lender,Listed,Nigeria,,Nigeria,,Fintech,,,Undisclosed,2,Directory listing; funding undisclosed in free sources used.,CAC; NDPR; FCCPC-registered Digital Money Lender (DML).,Yes,"Offer automation/ML to fintech ops (recon, KYC, collections).",Low,https://fccpc.gov.ng/registration-of-digital-money-lenders/approvals-of-dmls/,No clean disclosed funding total in free sources used for this build; listed for directory coverage.,2026-09-25
Skybyte Innovation,Fintech,Skybyte Innovation: FCCPC-registered digital money lender / consumer credit apps.,,FCCPC,Digital Money Lender,Listed,Nigeria,,Nigeria,,Fintech,,,Undisclosed,2,Directory listing; funding undisclosed in free sources used.,CAC; NDPR; FCCPC-registered Digital Money Lender (DML).,Yes,"Offer automation/ML to fintech ops (recon, KYC, collections).",Low,https://fccpc.gov.ng/registration-of-digital-money-lenders/approvals-of-dmls/,No clean disclosed funding total in free sources used for this build; listed for directory coverage.,2026-09-25
Slash Finances,Fintech,Slash Finances: FCCPC-registered digital money lender / consumer credit apps.,,FCCPC,Digital Money Lender,Listed,Nigeria,,Nigeria,,Fintech,,,Undisclosed,2,Directory listing; funding undisclosed in free sources used.,CAC; NDPR; FCCPC-registered Digital Money Lender (DML).,Yes,"Offer automation/ML to fintech ops (recon, KYC, collections).",Low,https://fccpc.gov.ng/registration-of-digital-money-lenders/approvals-of-dmls/,No clean disclosed funding total in free sources used for this build; listed for directory coverage.,2026-09-25
Smartloans Integrated Services,Fintech,Smartloans Integrated Services: FCCPC-registered digital money lender / consumer credit apps.,,FCCPC,Digital Money Lender,Listed,Nigeria,,Nigeria,,Fintech,,,Undisclosed,2,Directory listing; funding undisclosed in free sources used.,CAC; NDPR; FCCPC-registered Digital Money Lender (DML).,Yes,"Offer automation/ML to fintech ops (recon, KYC, collections).",Low,https://fccpc.gov.ng/registration-of-digital-money-lenders/approvals-of-dmls/,No clean disclosed funding total in free sources used for this build; listed for directory coverage.,2026-09-25
Smile Identity,Fintech,Smile Identity: CBN-authorised Payment Solutions Service Provider (gateway/merchant collections).,,CBN,PSSP,Listed,Lagos,Lagos,Nigeria,,Fintech,,,Undisclosed,2,Directory listing; funding undisclosed in free sources used.,CAC; NDPR; often CBN PSP/MMO/IMTO and/or FCCPC DML; SEC if capital-markets.,Yes,"Offer automation/ML to fintech ops (recon, KYC, collections).",Low,https://www.cbn.gov.ng/PaymentsSystem/PSPs.html,No clean disclosed funding total in free sources used for this build; listed for directory coverage.,2026-09-25
Soar-Global Tech Services,Fintech,Soar-Global Tech Services: FCCPC-registered digital money lender / consumer credit apps.,,FCCPC,Digital Money Lender,Listed,Nigeria,,Nigeria,,Fintech,,,Undisclosed,2,Directory listing; funding undisclosed in free sources used.,CAC; NDPR; FCCPC-registered Digital Money Lender (DML).,Yes,"Offer automation/ML to fintech ops (recon, KYC, collections).",Low,https://fccpc.gov.ng/registration-of-digital-money-lenders/approvals-of-dmls/,No clean disclosed funding total in free sources used for this build; listed for directory coverage.,2026-09-25
Soft Alliance & Resources,Fintech,Soft Alliance & Resources: CBN-authorised Payment Solutions Service Provider (gateway/merchant collections).,,CBN,PSSP,Listed,Nigeria,,Nigeria,,Fintech,,,Undisclosed,2,Directory listing; funding undisclosed in free sources used.,CAC; NDPR; CBN PSSP.,Yes,"Offer automation/ML to fintech ops (recon, KYC, collections).",Low,https://www.cbn.gov.ng/PaymentsSystem/PSPs.html,No clean disclosed funding total in free sources used for this build; listed for directory coverage.,2026-09-25
Solidfin Technology,Fintech,Solidfin Technology: FCCPC-registered digital money lender / consumer credit apps.,,FCCPC,Digital Money Lender,Listed,Nigeria,,Nigeria,,Fintech,,,Undisclosed,2,Directory listing; funding undisclosed in free sources used.,CAC; NDPR; FCCPC-registered Digital Money Lender (DML).,Yes,"Offer automation/ML to fintech ops (recon, KYC, collections).",Low,https://fccpc.gov.ng/registration-of-digital-money-lenders/approvals-of-dmls/,No clean disclosed funding total in free sources used for this build; listed for directory coverage.,2026-09-25
Soti Investments,Fintech,Soti Investments: CBN-authorised Payment Terminal Service Provider (POS/terminals).,,CBN,PTSP,Listed,Nigeria,,Nigeria,,Fintech,,,Undisclosed,2,Directory listing; funding undisclosed in free sources used.,CAC; NDPR; CBN PTSP.,Yes,"Offer automation/ML to fintech ops (recon, KYC, collections).",Low,https://www.cbn.gov.ng/PaymentsSystem/PSPs.html,No clean disclosed funding total in free sources used for this build; listed for directory coverage.,2026-09-25
Soti Payment,Fintech,Soti Payment: CBN-authorised Payment Solutions Service Provider (gateway/merchant collections).,,CBN,PSSP,Listed,Nigeria,,Nigeria,,Fintech,,,Undisclosed,2,Directory listing; funding undisclosed in free sources used.,CAC; NDPR; CBN PSSP.,Yes,"Offer automation/ML to fintech ops (recon, KYC, collections).",Low,https://www.cbn.gov.ng/PaymentsSystem/PSPs.html,No clean disclosed funding total in free sources used for this build; listed for directory coverage.,2026-09-25
Sparkling Wave Investment Company,Fintech,Sparkling Wave Investment Company: FCCPC-registered digital money lender / consumer credit apps.,,FCCPC,Digital Money Lender,Listed,Nigeria,,Nigeria,,Fintech,,,Undisclosed,2,Directory listing; funding undisclosed in free sources used.,CAC; NDPR; FCCPC-registered Digital Money Lender (DML).,Yes,"Offer automation/ML to fintech ops (recon, KYC, collections).",Low,https://fccpc.gov.ng/registration-of-digital-money-lenders/approvals-of-dmls/,No clean disclosed funding total in free sources used for this build; listed for directory coverage.,2026-09-25
Spay Business Solutions,Fintech,Spay Business Solutions: CBN-authorised Payment Solutions Service Provider (gateway/merchant collections).,,CBN,PSSP,Listed,Nigeria,,Nigeria,,Fintech,,,Undisclosed,2,Directory listing; funding undisclosed in free sources used.,CAC; NDPR; CBN PSSP.,Yes,"Offer automation/ML to fintech ops (recon, KYC, collections).",Low,https://www.cbn.gov.ng/PaymentsSystem/PSPs.html,No clean disclosed funding total in free sources used for this build; listed for directory coverage.,2026-09-25
Spout Payment Solutions,Fintech,Spout Payment Solutions: CBN-authorised Payment Solutions Service Provider (gateway/merchant collections).,,CBN,PSSP,Listed,Nigeria,,Nigeria,,Fintech,,,Undisclosed,2,Directory listing; funding undisclosed in free sources used.,CAC; NDPR; CBN PSSP.,Yes,"Offer automation/ML to fintech ops (recon, KYC, collections).",Low,https://www.cbn.gov.ng/PaymentsSystem/PSPs.html,No clean disclosed funding total in free sources used for this build; listed for directory coverage.,2026-09-25
Sprontly Tech,Fintech,Sprontly Tech: FCCPC-registered digital money lender / consumer credit apps.,,FCCPC,Digital Money Lender,Listed,Nigeria,,Nigeria,,Fintech,,,Undisclosed,2,Directory listing; funding undisclosed in free sources used.,CAC; NDPR; FCCPC-registered Digital Money Lender (DML).,Yes,"Offer automation/ML to fintech ops (recon, KYC, collections).",Low,https://fccpc.gov.ng/registration-of-digital-money-lenders/approvals-of-dmls/,No clean disclosed funding total in free sources used for this build; listed for directory coverage.,2026-09-25
Sproutly Tech,Fintech,Sproutly Tech: FCCPC-registered digital money lender / consumer credit apps.,,FCCPC,Digital Money Lender,Listed,Nigeria,,Nigeria,,Fintech,,,Undisclosed,2,Directory listing; funding undisclosed in free sources used.,CAC; NDPR; FCCPC-registered Digital Money Lender (DML).,Yes,"Offer automation/ML to fintech ops (recon, KYC, collections).",Low,https://fccpc.gov.ng/registration-of-digital-money-lenders/approvals-of-dmls/,No clean disclosed funding total in free sources used for this build; listed for directory coverage.,2026-09-25
Starpost Advance,Fintech,Starpost Advance: FCCPC-registered digital money lender / consumer credit apps.,,FCCPC,Digital Money Lender,Listed,Nigeria,,Nigeria,,Fintech,,,Undisclosed,2,Directory listing; funding undisclosed in free sources used.,CAC; NDPR; FCCPC-registered Digital Money Lender (DML).,Yes,"Offer automation/ML to fintech ops (recon, KYC, collections).",Low,https://fccpc.gov.ng/registration-of-digital-money-lenders/approvals-of-dmls/,No clean disclosed funding total in free sources used for this build; listed for directory coverage.,2026-09-25
Stash Fintech,Fintech,Stash Fintech: FCCPC-registered digital money lender / consumer credit apps.,,FCCPC,Digital Money Lender,Listed,Nigeria,,Nigeria,,Fintech,,,Undisclosed,2,Directory listing; funding undisclosed in free sources used.,CAC; NDPR; FCCPC-registered Digital Money Lender (DML).,Yes,"Offer automation/ML to fintech ops (recon, KYC, collections).",Low,https://fccpc.gov.ng/registration-of-digital-money-lenders/approvals-of-dmls/,No clean disclosed funding total in free sources used for this build; listed for directory coverage.,2026-09-25
Stellar Cosmos Technology,Fintech,Stellar Cosmos Technology: FCCPC-registered digital money lender / consumer credit apps.,,FCCPC,Digital Money Lender,Listed,Nigeria,,Nigeria,,Fintech,,,Undisclosed,2,Directory listing; funding undisclosed in free sources used.,CAC; NDPR; FCCPC-registered Digital Money Lender (DML).,Yes,"Offer automation/ML to fintech ops (recon, KYC, collections).",Low,https://fccpc.gov.ng/registration-of-digital-money-lenders/approvals-of-dmls/,No clean disclosed funding total in free sources used for this build; listed for directory coverage.,2026-09-25
Steller Finance Company,Fintech,Steller Finance Company: FCCPC-registered digital money lender / consumer credit apps.,,FCCPC,Digital Money Lender,Listed,Nigeria,,Nigeria,,Fintech,,,Undisclosed,2,Directory listing; funding undisclosed in free sources used.,CAC; NDPR; FCCPC-registered Digital Money Lender (DML).,Yes,"Offer automation/ML to fintech ops (recon, KYC, collections).",Low,https://fccpc.gov.ng/registration-of-digital-money-lenders/approvals-of-dmls/,No clean disclosed funding total in free sources used for this build; listed for directory coverage.,2026-09-25
Stem Credit,Fintech,Stem Credit: FCCPC-registered digital money lender / consumer credit apps.,,FCCPC,Digital Money Lender,Listed,Nigeria,,Nigeria,,Fintech,,,Undisclosed,2,Directory listing; funding undisclosed in free sources used.,CAC; NDPR; FCCPC-registered Digital Money Lender (DML).,Yes,"Offer automation/ML to fintech ops (recon, KYC, collections).",Low,https://fccpc.gov.ng/registration-of-digital-money-lenders/approvals-of-dmls/,No clean disclosed funding total in free sources used for this build; listed for directory coverage.,2026-09-25
Step By Step Microfinance Bank,Fintech,Step By Step Microfinance Bank: FCCPC-registered digital money lender / consumer credit apps.,,FCCPC,Digital Money Lender,Listed,Nigeria,,Nigeria,,Fintech,,,Undisclosed,2,Directory listing; funding undisclosed in free sources used.,CAC; NDPR; FCCPC-registered Digital Money Lender (DML).,Yes,"Offer automation/ML to fintech ops (recon, KYC, collections).",Low,https://fccpc.gov.ng/registration-of-digital-money-lenders/approvals-of-dmls/,No clean disclosed funding total in free sources used for this build; listed for directory coverage.,2026-09-25
Sterling Bank,Fintech,Sterling Bank: FCCPC-registered digital money lender / consumer credit apps.,,FCCPC,Digital Money Lender,Listed,Nigeria,,Nigeria,,Fintech,,,Undisclosed,2,Directory listing; funding undisclosed in free sources used.,CAC; NDPR; FCCPC-registered Digital Money Lender (DML).,Yes,"Offer automation/ML to fintech ops (recon, KYC, collections).",Low,https://fccpc.gov.ng/registration-of-digital-money-lenders/approvals-of-dmls/,No clean disclosed funding total in free sources used for this build; listed for directory coverage.,2026-09-25
Stratovertex,Fintech,Stratovertex: FCCPC-registered digital money lender / consumer credit apps.,,FCCPC,Digital Money Lender,Listed,Nigeria,,Nigeria,,Fintech,,,Undisclosed,2,Directory listing; funding undisclosed in free sources used.,CAC; NDPR; FCCPC-registered Digital Money Lender (DML).,Yes,"Offer automation/ML to fintech ops (recon, KYC, collections).",Low,https://fccpc.gov.ng/registration-of-digital-money-lenders/approvals-of-dmls/,No clean disclosed funding total in free sources used for this build; listed for directory coverage.,2026-09-25
Stremvans Investment,Fintech,Stremvans Investment: FCCPC-registered digital money lender / consumer credit apps.,,FCCPC,Digital Money Lender,Listed,Nigeria,,Nigeria,,Fintech,,,Undisclosed,2,Directory listing; funding undisclosed in free sources used.,CAC; NDPR; FCCPC-registered Digital Money Lender (DML).,Yes,"Offer automation/ML to fintech ops (recon, KYC, collections).",Low,https://fccpc.gov.ng/registration-of-digital-money-lenders/approvals-of-dmls/,No clean disclosed funding total in free sources used for this build; listed for directory coverage.,2026-09-25
Summit Finance,Fintech,Summit Finance: FCCPC-registered digital money lender / consumer credit apps.,,FCCPC,Digital Money Lender,Listed,Nigeria,,Nigeria,,Fintech,,,Undisclosed,2,Directory listing; funding undisclosed in free sources used.,CAC; NDPR; FCCPC-registered Digital Money Lender (DML).,Yes,"Offer automation/ML to fintech ops (recon, KYC, collections).",Low,https://fccpc.gov.ng/registration-of-digital-money-lenders/approvals-of-dmls/,No clean disclosed funding total in free sources used for this build; listed for directory coverage.,2026-09-25
Summit Lending,Fintech,Summit Lending: FCCPC-registered digital money lender / consumer credit apps.,,FCCPC,Digital Money Lender,Listed,Nigeria,,Nigeria,,Fintech,,,Undisclosed,2,Directory listing; funding undisclosed in free sources used.,CAC; NDPR; FCCPC-registered Digital Money Lender (DML).,Yes,"Offer automation/ML to fintech ops (recon, KYC, collections).",Low,https://fccpc.gov.ng/registration-of-digital-money-lenders/approvals-of-dmls/,No clean disclosed funding total in free sources used for this build; listed for directory coverage.,2026-09-25
Sunny Cyber Technology,Fintech,Sunny Cyber Technology: FCCPC-registered digital money lender / consumer credit apps.,,FCCPC,Digital Money Lender,Listed,Nigeria,,Nigeria,,Fintech,,,Undisclosed,2,Directory listing; funding undisclosed in free sources used.,CAC; NDPR; FCCPC-registered Digital Money Lender (DML).,Yes,"Offer automation/ML to fintech ops (recon, KYC, collections).",Low,https://fccpc.gov.ng/registration-of-digital-money-lenders/approvals-of-dmls/,No clean disclosed funding total in free sources used for this build; listed for directory coverage.,2026-09-25
Super Transfer Uk,Fintech,Super Transfer Uk: CBN-licensed International Money Transfer Operator.,,CBN,IMTO,Listed,Nigeria,,Nigeria,,Fintech,,,Undisclosed,2,Directory listing; funding undisclosed in free sources used.,CAC; NDPR; CBN International Money Transfer Operator (IMTO).,Yes,"Offer automation/ML to fintech ops (recon, KYC, collections).",Low,https://www.cbn.gov.ng/PaymentsSystem/InternationalMoneyTransferOperators.html,No clean disclosed funding total in free sources used for this build; listed for directory coverage.,2026-09-25
Suplias,Fintech,Suplias Technologies: FCCPC-registered digital money lender / consumer credit apps.,https://suplias.com,FCCPC,Digital Money Lender,Listed,Lagos,Lagos,Nigeria,,Fintech,,,Undisclosed,2,Directory listing; funding undisclosed in free sources used.,CAC; NDPR; often CBN PSP/MMO/IMTO and/or FCCPC DML; SEC if capital-markets.,Yes,"Offer automation/ML to fintech ops (recon, KYC, collections).",Med,https://www.ycombinator.com/companies; https://fccpc.gov.ng/registration-of-digital-money-lenders/approvals-of-dmls/,No clean disclosed funding total in free sources used for this build; listed for directory coverage.,2026-09-25
Supplysmart,Fintech,Supplysmart: CBN-authorised Super-Agent for agency banking distribution.,,CBN,Super-Agent,Listed,Nigeria,,Nigeria,,B2B2C agency banking,,,Undisclosed,2,Directory listing; funding undisclosed in free sources used.,CBN Super-Agent; agent network compliance; NDPR; CAC.,Yes,Sell agent performance and AML monitoring to Super-Agents.,Med,https://www.cbn.gov.ng/PaymentsSystem/PSPs.html,No clean disclosed funding total in free sources used for this build; listed for directory coverage.,2026-09-25
Supporthob Global,Fintech,Supporthob Global: FCCPC-registered digital money lender / consumer credit apps.,,FCCPC,Digital Money Lender,Listed,Nigeria,,Nigeria,,Fintech,,,Undisclosed,2,Directory listing; funding undisclosed in free sources used.,CAC; NDPR; FCCPC-registered Digital Money Lender (DML).,Yes,"Offer automation/ML to fintech ops (recon, KYC, collections).",Low,https://fccpc.gov.ng/registration-of-digital-money-lenders/approvals-of-dmls/,No clean disclosed funding total in free sources used for this build; listed for directory coverage.,2026-09-25
Supporthub Global,Fintech,Supporthub Global: FCCPC-registered digital money lender / consumer credit apps.,,FCCPC,Digital Money Lender,Listed,Nigeria,,Nigeria,,Fintech,,,Undisclosed,2,Directory listing; funding undisclosed in free sources used.,CAC; NDPR; FCCPC-registered Digital Money Lender (DML).,Yes,"Offer automation/ML to fintech ops (recon, KYC, collections).",Low,https://fccpc.gov.ng/registration-of-digital-money-lenders/approvals-of-dmls/,No clean disclosed funding total in free sources used for this build; listed for directory coverage.,2026-09-25
Supreme Help Co-Operative Society,Fintech,Supreme Help Co-Operative Society: FCCPC-registered digital money lender / consumer credit apps.,,FCCPC,Digital Money Lender,Listed,Nigeria,,Nigeria,,Fintech,,,Undisclosed,2,Directory listing; funding undisclosed in free sources used.,CAC; NDPR; FCCPC-registered Digital Money Lender (DML).,Yes,"Offer automation/ML to fintech ops (recon, KYC, collections).",Low,https://fccpc.gov.ng/registration-of-digital-money-lenders/approvals-of-dmls/,No clean disclosed funding total in free sources used for this build; listed for directory coverage.,2026-09-25
Surepurse,Fintech,Surepurse: FCCPC-registered digital money lender / consumer credit apps.,,FCCPC,Digital Money Lender,Listed,Nigeria,,Nigeria,,Fintech,,,Undisclosed,2,Directory listing; funding undisclosed in free sources used.,CAC; NDPR; FCCPC-registered Digital Money Lender (DML).,Yes,"Offer automation/ML to fintech ops (recon, KYC, collections).",Low,https://fccpc.gov.ng/registration-of-digital-money-lenders/approvals-of-dmls/,No clean disclosed funding total in free sources used for this build; listed for directory coverage.,2026-09-25
Sureword Investment And Credit,Fintech,Sureword Investment And Credit: FCCPC-registered digital money lender / consumer credit apps.,,FCCPC,Digital Money Lender,Listed,Nigeria,,Nigeria,,Fintech,,,Undisclosed,2,Directory listing; funding undisclosed in free sources used.,CAC; NDPR; FCCPC-registered Digital Money Lender (DML).,Yes,"Offer automation/ML to fintech ops (recon, KYC, collections).",Low,https://fccpc.gov.ng/registration-of-digital-money-lenders/approvals-of-dmls/,No clean disclosed funding total in free sources used for this build; listed for directory coverage.,2026-09-25
Swift Link-NZ Global Services,Fintech,Swift Link-NZ Global Services: CBN-authorised Payment Solutions Service Provider (gateway/merchant collections).,,CBN,PSSP,Listed,Nigeria,,Nigeria,,Fintech,,,Undisclosed,2,Directory listing; funding undisclosed in free sources used.,CAC; NDPR; CBN PSSP.,Yes,"Offer automation/ML to fintech ops (recon, KYC, collections).",Low,https://www.cbn.gov.ng/PaymentsSystem/PSPs.html,No clean disclosed funding total in free sources used for this build; listed for directory coverage.,2026-09-25
Swift Paygate,Fintech,Swift Paygate: CBN-authorised Payment Solutions Service Provider (gateway/merchant collections).,,CBN,PSSP,Listed,Nigeria,,Nigeria,,Fintech,,,Undisclosed,2,Directory listing; funding undisclosed in free sources used.,CAC; NDPR; CBN PSSP.,Yes,"Offer automation/ML to fintech ops (recon, KYC, collections).",Low,https://www.cbn.gov.ng/PaymentsSystem/PSPs.html,No clean disclosed funding total in free sources used for this build; listed for directory coverage.,2026-09-25
Swift Payment,Fintech,Swift Payment: CBN-licensed International Money Transfer Operator.,,CBN,IMTO,Listed,Nigeria,,Nigeria,,Fintech,,,Undisclosed,2,Directory listing; funding undisclosed in free sources used.,CAC; NDPR; CBN International Money Transfer Operator (IMTO).,Yes,"Offer automation/ML to fintech ops (recon, KYC, collections).",Low,https://www.cbn.gov.ng/PaymentsSystem/InternationalMoneyTransferOperators.html,No clean disclosed funding total in free sources used for this build; listed for directory coverage.,2026-09-25
Swipebill Technologies,Fintech,Swipebill Technologies: FCCPC-registered digital money lender / consumer credit apps.,,FCCPC,Digital Money Lender,Listed,Nigeria,,Nigeria,,Fintech,,,Undisclosed,2,Directory listing; funding undisclosed in free sources used.,CAC; NDPR; FCCPC-registered Digital Money Lender (DML).,Yes,"Offer automation/ML to fintech ops (recon, KYC, collections).",Low,https://fccpc.gov.ng/registration-of-digital-money-lenders/approvals-of-dmls/,No clean disclosed funding total in free sources used for this build; listed for directory coverage.,2026-09-25
SWWIPE Financial Services,Fintech,SWWIPE Financial Services: CBN-authorised Payment Solutions Service Provider (gateway/merchant collections).,,CBN,PSSP,Listed,Nigeria,,Nigeria,,Fintech,,,Undisclosed,2,Directory listing; funding undisclosed in free sources used.,CAC; NDPR; CBN PSSP.,Yes,"Offer automation/ML to fintech ops (recon, KYC, collections).",Low,https://www.cbn.gov.ng/PaymentsSystem/PSPs.html,No clean disclosed funding total in free sources used for this build; listed for directory coverage.,2026-09-25
Sycamore Integrated Solutions,Fintech,Sycamore Integrated Solutions: FCCPC-registered digital money lender / consumer credit apps.,,FCCPC,Digital Money Lender,Listed,Nigeria,,Nigeria,,Fintech,,,Undisclosed,2,Directory listing; funding undisclosed in free sources used.,CAC; NDPR; FCCPC-registered Digital Money Lender (DML).,Yes,"Offer automation/ML to fintech ops (recon, KYC, collections).",Low,https://fccpc.gov.ng/registration-of-digital-money-lenders/approvals-of-dmls/,No clean disclosed funding total in free sources used for this build; listed for directory coverage.,2026-09-25
Ta Prime,Fintech,Ta Prime: FCCPC-registered digital money lender / consumer credit apps.,,FCCPC,Digital Money Lender,Listed,Nigeria,,Nigeria,,Fintech,,,Undisclosed,2,Directory listing; funding undisclosed in free sources used.,CAC; NDPR; FCCPC-registered Digital Money Lender (DML).,Yes,"Offer automation/ML to fintech ops (recon, KYC, collections).",Low,https://fccpc.gov.ng/registration-of-digital-money-lenders/approvals-of-dmls/,No clean disclosed funding total in free sources used for this build; listed for directory coverage.,2026-09-25
Tagora Finance Services,Fintech,Tagora Finance Services: FCCPC-registered digital money lender / consumer credit apps.,,FCCPC,Digital Money Lender,Listed,Nigeria,,Nigeria,,Fintech,,,Undisclosed,2,Directory listing; funding undisclosed in free sources used.,CAC; NDPR; FCCPC-registered Digital Money Lender (DML).,Yes,"Offer automation/ML to fintech ops (recon, KYC, collections).",Low,https://fccpc.gov.ng/registration-of-digital-money-lenders/approvals-of-dmls/,No clean disclosed funding total in free sources used for this build; listed for directory coverage.,2026-09-25
Tajow Investment,Fintech,Tajow Investment: FCCPC-registered digital money lender / consumer credit apps.,,FCCPC,Digital Money Lender,Listed,Nigeria,,Nigeria,,Fintech,,,Undisclosed,2,Directory listing; funding undisclosed in free sources used.,CAC; NDPR; FCCPC-registered Digital Money Lender (DML).,Yes,"Offer automation/ML to fintech ops (recon, KYC, collections).",Low,https://fccpc.gov.ng/registration-of-digital-money-lenders/approvals-of-dmls/,No clean disclosed funding total in free sources used for this build; listed for directory coverage.,2026-09-25
Tarafin Service,Fintech,Tarafin Service: FCCPC-registered digital money lender / consumer credit apps.,,FCCPC,Digital Money Lender,Listed,Nigeria,,Nigeria,,Fintech,,,Undisclosed,2,Directory listing; funding undisclosed in free sources used.,CAC; NDPR; FCCPC-registered Digital Money Lender (DML).,Yes,"Offer automation/ML to fintech ops (recon, KYC, collections).",Low,https://fccpc.gov.ng/registration-of-digital-money-lenders/approvals-of-dmls/,No clean disclosed funding total in free sources used for this build; listed for directory coverage.,2026-09-25
Tcf Services,Fintech,Tcf Services: CBN-licensed International Money Transfer Operator.,,CBN,IMTO,Listed,Nigeria,,Nigeria,,Fintech,,,Undisclosed,2,Directory listing; funding undisclosed in free sources used.,CAC; NDPR; CBN International Money Transfer Operator (IMTO).,Yes,"Offer automation/ML to fintech ops (recon, KYC, collections).",Low,https://www.cbn.gov.ng/PaymentsSystem/InternationalMoneyTransferOperators.html,No clean disclosed funding total in free sources used for this build; listed for directory coverage.,2026-09-25
Teasy,Fintech,Teasy International Company: CBN-licensed Mobile Money Operator (e-money/wallets).,,CBN,MMO,Listed,Lagos,Lagos,Nigeria,,Fintech,,,Undisclosed,2,Directory listing; funding undisclosed in free sources used.,CAC; NDPR; often CBN PSP/MMO/IMTO and/or FCCPC DML; SEC if capital-markets.,Yes,"Offer automation/ML to fintech ops (recon, KYC, collections).",Low,https://www.cbn.gov.ng/PaymentsSystem/PSPs.html,No clean disclosed funding total in free sources used for this build; listed for directory coverage.,2026-09-25
Techecho Innovations,Fintech,Techecho Innovations: FCCPC-registered digital money lender / consumer credit apps.,,FCCPC,Digital Money Lender,Listed,Nigeria,,Nigeria,,Fintech,,,Undisclosed,2,Directory listing; funding undisclosed in free sources used.,CAC; NDPR; FCCPC-registered Digital Money Lender (DML).,Yes,"Offer automation/ML to fintech ops (recon, KYC, collections).",Low,https://fccpc.gov.ng/registration-of-digital-money-lenders/approvals-of-dmls/,No clean disclosed funding total in free sources used for this build; listed for directory coverage.,2026-09-25
Techedge Digital Solutions,Fintech,Techedge Digital Solutions: FCCPC-registered digital money lender / consumer credit apps.,,FCCPC,Digital Money Lender,Listed,Nigeria,,Nigeria,,Fintech,,,Undisclosed,2,Directory listing; funding undisclosed in free sources used.,CAC; NDPR; FCCPC-registered Digital Money Lender (DML).,Yes,"Offer automation/ML to fintech ops (recon, KYC, collections).",Low,https://fccpc.gov.ng/registration-of-digital-money-lenders/approvals-of-dmls/,No clean disclosed funding total in free sources used for this build; listed for directory coverage.,2026-09-25
Techfusion Africa Technologies,Fintech,Techfusion Africa Technologies: FCCPC-registered digital money lender / consumer credit apps.,,FCCPC,Digital Money Lender,Listed,Nigeria,,Nigeria,,Fintech,,,Undisclosed,2,Directory listing; funding undisclosed in free sources used.,CAC; NDPR; FCCPC-registered Digital Money Lender (DML).,Yes,"Offer automation/ML to fintech ops (recon, KYC, collections).",Low,https://fccpc.gov.ng/registration-of-digital-money-lenders/approvals-of-dmls/,No clean disclosed funding total in free sources used for this build; listed for directory coverage.,2026-09-25
Technest,Fintech,Technest: CBN-licensed International Money Transfer Operator.,,CBN,IMTO,Listed,Nigeria,,Nigeria,,Fintech,,,Undisclosed,2,Directory listing; funding undisclosed in free sources used.,CAC; NDPR; CBN International Money Transfer Operator (IMTO).,Yes,"Offer automation/ML to fintech ops (recon, KYC, collections).",Low,https://www.cbn.gov.ng/PaymentsSystem/InternationalMoneyTransferOperators.html,No clean disclosed funding total in free sources used for this build; listed for directory coverage.,2026-09-25
Ted Rocket,Fintech,Ted Rocket: FCCPC-registered digital money lender / consumer credit apps.,,FCCPC,Digital Money Lender,Listed,Nigeria,,Nigeria,,Fintech,,,Undisclosed,2,Directory listing; funding undisclosed in free sources used.,CAC; NDPR; FCCPC-registered Digital Money Lender (DML).,Yes,"Offer automation/ML to fintech ops (recon, KYC, collections).",Low,https://fccpc.gov.ng/registration-of-digital-money-lenders/approvals-of-dmls/,No clean disclosed funding total in free sources used for this build; listed for directory coverage.,2026-09-25
Teinnovate Capital,Fintech,Teinnovate Capital: CBN-authorised Payment Solutions Service Provider (gateway/merchant collections).,,CBN,PSSP,Listed,Nigeria,,Nigeria,,Fintech,,,Undisclosed,2,Directory listing; funding undisclosed in free sources used.,CAC; NDPR; CBN PSSP.,Yes,"Offer automation/ML to fintech ops (recon, KYC, collections).",Low,https://www.cbn.gov.ng/PaymentsSystem/PSPs.html,No clean disclosed funding total in free sources used for this build; listed for directory coverage.,2026-09-25
Tenn Microfinance Bank,Fintech,Tenn Microfinance Bank: FCCPC-registered digital money lender / consumer credit apps.,,FCCPC,Digital Money Lender,Listed,Nigeria,,Nigeria,,Fintech,,,Undisclosed,2,Directory listing; funding undisclosed in free sources used.,CAC; NDPR; FCCPC-registered Digital Money Lender (DML).,Yes,"Offer automation/ML to fintech ops (recon, KYC, collections).",Low,https://fccpc.gov.ng/registration-of-digital-money-lenders/approvals-of-dmls/,No clean disclosed funding total in free sources used for this build; listed for directory coverage.,2026-09-25
Terra Payment Services,Fintech,Terra Payment Services: CBN-licensed International Money Transfer Operator.,,CBN,IMTO,Listed,Nigeria,,Nigeria,,Fintech,,,Undisclosed,2,Directory listing; funding undisclosed in free sources used.,CAC; NDPR; CBN International Money Transfer Operator (IMTO).,Yes,"Offer automation/ML to fintech ops (recon, KYC, collections).",Low,https://www.cbn.gov.ng/PaymentsSystem/InternationalMoneyTransferOperators.html,No clean disclosed funding total in free sources used for this build; listed for directory coverage.,2026-09-25
Terra Switching & Processing Company,Fintech,Terra Switching & Processing Company: CBN Switching and Processing licensee.,,CBN,Switching,Listed,Nigeria,,Nigeria,,B2B switching,,,Undisclosed,2,Directory listing; funding undisclosed in free sources used.,CBN Switching and Processing; PCI-DSS; NDPR.,Yes,Build adjacent merchant UX; national switch replication is unrealistic for small teams.,Med,https://www.cbn.gov.ng/PaymentsSystem/PSPs.html,No clean disclosed funding total in free sources used for this build; listed for directory coverage.,2026-09-25
Tetrad Incorporation,Fintech,Tetrad Incorporation: CBN-licensed International Money Transfer Operator.,,CBN,IMTO,Listed,Nigeria,,Nigeria,,Fintech,,,Undisclosed,2,Directory listing; funding undisclosed in free sources used.,CAC; NDPR; CBN International Money Transfer Operator (IMTO).,Yes,"Offer automation/ML to fintech ops (recon, KYC, collections).",Low,https://www.cbn.gov.ng/PaymentsSystem/InternationalMoneyTransferOperators.html,No clean disclosed funding total in free sources used for this build; listed for directory coverage.,2026-09-25
TGIPay,Fintech,Tgipay: CBN-authorised Payment Solutions Service Provider (gateway/merchant collections).,,CBN,PSSP,Listed,Lagos,Lagos,Nigeria,,Fintech,,,Undisclosed,2,Directory listing; funding undisclosed in free sources used.,CAC; NDPR; often CBN PSP/MMO/IMTO and/or FCCPC DML; SEC if capital-markets.,Yes,"Offer automation/ML to fintech ops (recon, KYC, collections).",Low,https://www.cbn.gov.ng/PaymentsSystem/PSPs.html; https://startupmapafrica.com/startups/nigeria,No clean disclosed funding total in free sources used for this build; listed for directory coverage.,2026-09-25
The Dataseed Company,Fintech,The Dataseed Company: FCCPC-registered digital money lender / consumer credit apps.,,FCCPC,Digital Money Lender,Listed,Nigeria,,Nigeria,,Fintech,,,Undisclosed,2,Directory listing; funding undisclosed in free sources used.,CAC; NDPR; FCCPC-registered Digital Money Lender (DML).,Yes,"Offer automation/ML to fintech ops (recon, KYC, collections).",Low,https://fccpc.gov.ng/registration-of-digital-money-lenders/approvals-of-dmls/,No clean disclosed funding total in free sources used for this build; listed for directory coverage.,2026-09-25
The Lenders,Fintech,The Lenders: FCCPC-registered digital money lender / consumer credit apps.,,FCCPC,Digital Money Lender,Listed,Nigeria,,Nigeria,,Fintech,,,Undisclosed,2,Directory listing; funding undisclosed in free sources used.,CAC; NDPR; FCCPC-registered Digital Money Lender (DML).,Yes,"Offer automation/ML to fintech ops (recon, KYC, collections).",Low,https://fccpc.gov.ng/registration-of-digital-money-lenders/approvals-of-dmls/,No clean disclosed funding total in free sources used for this build; listed for directory coverage.,2026-09-25
The Platform Digital Network,Fintech,The Platform Digital Network: FCCPC-registered digital money lender / consumer credit apps.,,FCCPC,Digital Money Lender,Listed,Nigeria,,Nigeria,,Fintech,,,Undisclosed,2,Directory listing; funding undisclosed in free sources used.,CAC; NDPR; FCCPC-registered Digital Money Lender (DML).,Yes,"Offer automation/ML to fintech ops (recon, KYC, collections).",Low,https://fccpc.gov.ng/registration-of-digital-money-lenders/approvals-of-dmls/,No clean disclosed funding total in free sources used for this build; listed for directory coverage.,2026-09-25
The Swift-Flow Integrated Service,Fintech,The Swift-Flow Integrated Service: FCCPC-registered digital money lender / consumer credit apps.,,FCCPC,Digital Money Lender,Listed,Nigeria,,Nigeria,,Fintech,,,Undisclosed,2,Directory listing; funding undisclosed in free sources used.,CAC; NDPR; FCCPC-registered Digital Money Lender (DML).,Yes,"Offer automation/ML to fintech ops (recon, KYC, collections).",Low,https://fccpc.gov.ng/registration-of-digital-money-lenders/approvals-of-dmls/,No clean disclosed funding total in free sources used for this build; listed for directory coverage.,2026-09-25
Tiva Finance Services,Fintech,Tiva Finance Services: FCCPC-registered digital money lender / consumer credit apps.,,FCCPC,Digital Money Lender,Listed,Nigeria,,Nigeria,,Fintech,,,Undisclosed,2,Directory listing; funding undisclosed in free sources used.,CAC; NDPR; FCCPC-registered Digital Money Lender (DML).,Yes,"Offer automation/ML to fintech ops (recon, KYC, collections).",Low,https://fccpc.gov.ng/registration-of-digital-money-lenders/approvals-of-dmls/,No clean disclosed funding total in free sources used for this build; listed for directory coverage.,2026-09-25
Tomx Credit,Fintech,Tomx Credit: FCCPC-registered digital money lender / consumer credit apps.,,FCCPC,Digital Money Lender,Listed,Nigeria,,Nigeria,,Fintech,,,Undisclosed,2,Directory listing; funding undisclosed in free sources used.,CAC; NDPR; FCCPC-registered Digital Money Lender (DML).,Yes,"Offer automation/ML to fintech ops (recon, KYC, collections).",Low,https://fccpc.gov.ng/registration-of-digital-money-lenders/approvals-of-dmls/,No clean disclosed funding total in free sources used for this build; listed for directory coverage.,2026-09-25
Topeca Lending,Fintech,Topeca Lending: FCCPC-registered digital money lender / consumer credit apps.,,FCCPC,Digital Money Lender,Listed,Nigeria,,Nigeria,,Fintech,,,Undisclosed,2,Directory listing; funding undisclosed in free sources used.,CAC; NDPR; FCCPC-registered Digital Money Lender (DML).,Yes,"Offer automation/ML to fintech ops (recon, KYC, collections).",Low,https://fccpc.gov.ng/registration-of-digital-money-lenders/approvals-of-dmls/,No clean disclosed funding total in free sources used for this build; listed for directory coverage.,2026-09-25
Toplifters,Fintech,Toplifters: FCCPC-registered digital money lender / consumer credit apps.,,FCCPC,Digital Money Lender,Listed,Nigeria,,Nigeria,,Fintech,,,Undisclosed,2,Directory listing; funding undisclosed in free sources used.,CAC; NDPR; FCCPC-registered Digital Money Lender (DML).,Yes,"Offer automation/ML to fintech ops (recon, KYC, collections).",Low,https://fccpc.gov.ng/registration-of-digital-money-lenders/approvals-of-dmls/,No clean disclosed funding total in free sources used for this build; listed for directory coverage.,2026-09-25
Topmost Fintech,Fintech,Topmost Fintech: FCCPC-registered digital money lender / consumer credit apps.,,FCCPC,Digital Money Lender,Listed,Nigeria,,Nigeria,,Fintech,,,Undisclosed,2,Directory listing; funding undisclosed in free sources used.,CAC; NDPR; FCCPC-registered Digital Money Lender (DML).,Yes,"Offer automation/ML to fintech ops (recon, KYC, collections).",Low,https://fccpc.gov.ng/registration-of-digital-money-lenders/approvals-of-dmls/,No clean disclosed funding total in free sources used for this build; listed for directory coverage.,2026-09-25
Touch & Pay,Fintech,Touch & Pay Technologies: CBN-authorised Payment Solutions Service Provider (gateway/merchant collections).,,CBN,PSSP,Listed,Lagos,Lagos,Nigeria,,Fintech,,,Undisclosed,2,Directory listing; funding undisclosed in free sources used.,CAC; NDPR; often CBN PSP/MMO/IMTO and/or FCCPC DML; SEC if capital-markets.,Yes,"Offer automation/ML to fintech ops (recon, KYC, collections).",Med,https://www.ycombinator.com/companies; https://www.cbn.gov.ng/PaymentsSystem/PSPs.html,No clean disclosed funding total in free sources used for this build; listed for directory coverage.,2026-09-25
Traction Payments,Fintech,Traction Payments: CBN-authorised Payment Solutions Service Provider (gateway/merchant collections).,,CBN,PSSP,Listed,Nigeria,,Nigeria,,Fintech,,,Undisclosed,2,Directory listing; funding undisclosed in free sources used.,CAC; NDPR; CBN PSSP.,Yes,"Offer automation/ML to fintech ops (recon, KYC, collections).",Low,https://www.cbn.gov.ng/PaymentsSystem/PSPs.html,No clean disclosed funding total in free sources used for this build; listed for directory coverage.,2026-09-25
Trade Depot,Fintech,Trade Depot: FCCPC-registered digital money lender / consumer credit apps.,,FCCPC,Digital Money Lender,Listed,Nigeria,,Nigeria,,Fintech,,,Undisclosed,2,Directory listing; funding undisclosed in free sources used.,CAC; NDPR; FCCPC-registered Digital Money Lender (DML).,Yes,"Offer automation/ML to fintech ops (recon, KYC, collections).",Low,https://fccpc.gov.ng/registration-of-digital-money-lenders/approvals-of-dmls/,No clean disclosed funding total in free sources used for this build; listed for directory coverage.,2026-09-25
Trade Lenda Com,Fintech,Trade Lenda Com: FCCPC-registered digital money lender / consumer credit apps.,,FCCPC,Digital Money Lender,Listed,Nigeria,,Nigeria,,Fintech,,,Undisclosed,2,Directory listing; funding undisclosed in free sources used.,CAC; NDPR; FCCPC-registered Digital Money Lender (DML).,Yes,"Offer automation/ML to fintech ops (recon, KYC, collections).",Low,https://fccpc.gov.ng/registration-of-digital-money-lenders/approvals-of-dmls/,No clean disclosed funding total in free sources used for this build; listed for directory coverage.,2026-09-25
Trafalgar Association,Fintech,Trafalgar Association: FCCPC-registered digital money lender / consumer credit apps.,,FCCPC,Digital Money Lender,Listed,Nigeria,,Nigeria,,Fintech,,,Undisclosed,2,Directory listing; funding undisclosed in free sources used.,CAC; NDPR; FCCPC-registered Digital Money Lender (DML).,Yes,"Offer automation/ML to fintech ops (recon, KYC, collections).",Low,https://fccpc.gov.ng/registration-of-digital-money-lenders/approvals-of-dmls/,No clean disclosed funding total in free sources used for this build; listed for directory coverage.,2026-09-25
Tranquilux-Tech,Fintech,Tranquilux-Tech: FCCPC-registered digital money lender / consumer credit apps.,,FCCPC,Digital Money Lender,Listed,Nigeria,,Nigeria,,Fintech,,,Undisclosed,2,Directory listing; funding undisclosed in free sources used.,CAC; NDPR; FCCPC-registered Digital Money Lender (DML).,Yes,"Offer automation/ML to fintech ops (recon, KYC, collections).",Low,https://fccpc.gov.ng/registration-of-digital-money-lenders/approvals-of-dmls/,No clean disclosed funding total in free sources used for this build; listed for directory coverage.,2026-09-25
Transactium,Fintech,Transactium: FCCPC-registered digital money lender / consumer credit apps.,,FCCPC,Digital Money Lender,Listed,Nigeria,,Nigeria,,Fintech,,,Undisclosed,2,Directory listing; funding undisclosed in free sources used.,CAC; NDPR; FCCPC-registered Digital Money Lender (DML).,Yes,"Offer automation/ML to fintech ops (recon, KYC, collections).",Low,https://fccpc.gov.ng/registration-of-digital-money-lenders/approvals-of-dmls/,No clean disclosed funding total in free sources used for this build; listed for directory coverage.,2026-09-25
Transactworld Digital Services,Fintech,Transactworld Digital Services: CBN-authorised Payment Solutions Service Provider (gateway/merchant collections).,,CBN,PSSP,Listed,Nigeria,,Nigeria,,Fintech,,,Undisclosed,2,Directory listing; funding undisclosed in free sources used.,CAC; NDPR; CBN PSSP.,Yes,"Offer automation/ML to fintech ops (recon, KYC, collections).",Low,https://www.cbn.gov.ng/PaymentsSystem/PSPs.html,No clean disclosed funding total in free sources used for this build; listed for directory coverage.,2026-09-25
Transbill Solution,Fintech,Transbill Solution: CBN-authorised Super-Agent for agency banking distribution.,,CBN,Super-Agent,Listed,Nigeria,,Nigeria,,B2B2C agency banking,,,Undisclosed,2,Directory listing; funding undisclosed in free sources used.,CBN Super-Agent; agent network compliance; NDPR; CAC.,Yes,Sell agent performance and AML monitoring to Super-Agents.,Med,https://www.cbn.gov.ng/PaymentsSystem/PSPs.html,No clean disclosed funding total in free sources used for this build; listed for directory coverage.,2026-09-25
"Transfer Zero Money Transfer E.P., S.A",Fintech,"Transfer Zero Money Transfer E.P., S.A: CBN-licensed International Money Transfer Operator.",,CBN,IMTO,Listed,Nigeria,,Nigeria,,Fintech,,,Undisclosed,2,Directory listing; funding undisclosed in free sources used.,CAC; NDPR; CBN International Money Transfer Operator (IMTO).,Yes,"Offer automation/ML to fintech ops (recon, KYC, collections).",Low,https://www.cbn.gov.ng/PaymentsSystem/InternationalMoneyTransferOperators.html,No clean disclosed funding total in free sources used for this build; listed for directory coverage.,2026-09-25
Transfercorp /Vfd Group,Fintech,Transfercorp /Vfd Group: CBN-licensed International Money Transfer Operator.,,CBN,IMTO,Listed,Nigeria,,Nigeria,,Fintech,,,Undisclosed,2,Directory listing; funding undisclosed in free sources used.,CAC; NDPR; CBN International Money Transfer Operator (IMTO).,Yes,"Offer automation/ML to fintech ops (recon, KYC, collections).",Low,https://www.cbn.gov.ng/PaymentsSystem/InternationalMoneyTransferOperators.html,No clean disclosed funding total in free sources used for this build; listed for directory coverage.,2026-09-25
Transkredit Finance,Fintech,Transkredit Finance: FCCPC-registered digital money lender / consumer credit apps.,,FCCPC,Digital Money Lender,Listed,Nigeria,,Nigeria,,Fintech,,,Undisclosed,2,Directory listing; funding undisclosed in free sources used.,CAC; NDPR; FCCPC-registered Digital Money Lender (DML).,Yes,"Offer automation/ML to fintech ops (recon, KYC, collections).",Low,https://fccpc.gov.ng/registration-of-digital-money-lenders/approvals-of-dmls/,No clean disclosed funding total in free sources used for this build; listed for directory coverage.,2026-09-25
Tripodbase,Fintech,Tripodbase: FCCPC-registered digital money lender / consumer credit apps.,,FCCPC,Digital Money Lender,Listed,Nigeria,,Nigeria,,Fintech,,,Undisclosed,2,Directory listing; funding undisclosed in free sources used.,CAC; NDPR; FCCPC-registered Digital Money Lender (DML).,Yes,"Offer automation/ML to fintech ops (recon, KYC, collections).",Low,https://fccpc.gov.ng/registration-of-digital-money-lenders/approvals-of-dmls/,No clean disclosed funding total in free sources used for this build; listed for directory coverage.,2026-09-25
Trivista Capital,Fintech,Trivista Capital: FCCPC-registered digital money lender / consumer credit apps.,,FCCPC,Digital Money Lender,Listed,Nigeria,,Nigeria,,Fintech,,,Undisclosed,2,Directory listing; funding undisclosed in free sources used.,CAC; NDPR; FCCPC-registered Digital Money Lender (DML).,Yes,"Offer automation/ML to fintech ops (recon, KYC, collections).",Low,https://fccpc.gov.ng/registration-of-digital-money-lenders/approvals-of-dmls/,No clean disclosed funding total in free sources used for this build; listed for directory coverage.,2026-09-25
Trove,Fintech,Fractional stock investing app for Nigerians.,,Other,Fintech,Unknown,Lagos,Lagos,Nigeria,,Fintech,,,Undisclosed,2,Directory listing; funding undisclosed in free sources used.,CAC; NDPR; often CBN PSP/MMO/IMTO and/or FCCPC DML; SEC if capital-markets.,Yes,"Offer automation/ML to fintech ops (recon, KYC, collections).",Low,https://disruptafrica.com/2022/10/14/nigerian-tech-startups-raised-over-2bn-between-2015-and-2022/,No clean disclosed funding total in free sources used for this build; listed for directory coverage.,2026-09-25
Truepoint Top,Fintech,Truepoint Top: FCCPC-registered digital money lender / consumer credit apps.,,FCCPC,Digital Money Lender,Listed,Nigeria,,Nigeria,,Fintech,,,Undisclosed,2,Directory listing; funding undisclosed in free sources used.,CAC; NDPR; FCCPC-registered Digital Money Lender (DML).,Yes,"Offer automation/ML to fintech ops (recon, KYC, collections).",Low,https://fccpc.gov.ng/registration-of-digital-money-lenders/approvals-of-dmls/,No clean disclosed funding total in free sources used for this build; listed for directory coverage.,2026-09-25
Trust Cen,Fintech,Trust Cen: FCCPC-registered digital money lender / consumer credit apps.,,FCCPC,Digital Money Lender,Listed,Nigeria,,Nigeria,,Fintech,,,Undisclosed,2,Directory listing; funding undisclosed in free sources used.,CAC; NDPR; FCCPC-registered Digital Money Lender (DML).,Yes,"Offer automation/ML to fintech ops (recon, KYC, collections).",Low,https://fccpc.gov.ng/registration-of-digital-money-lenders/approvals-of-dmls/,No clean disclosed funding total in free sources used for this build; listed for directory coverage.,2026-09-25
Trustrock Fintech,Fintech,Trustrock Fintech: FCCPC-registered digital money lender / consumer credit apps.,,FCCPC,Digital Money Lender,Listed,Nigeria,,Nigeria,,Fintech,,,Undisclosed,2,Directory listing; funding undisclosed in free sources used.,CAC; NDPR; FCCPC-registered Digital Money Lender (DML).,Yes,"Offer automation/ML to fintech ops (recon, KYC, collections).",Low,https://fccpc.gov.ng/registration-of-digital-money-lenders/approvals-of-dmls/,No clean disclosed funding total in free sources used for this build; listed for directory coverage.,2026-09-25
Trusty Financial Technologies,Fintech,Trusty Financial Technologies: FCCPC-registered digital money lender / consumer credit apps.,,FCCPC,Digital Money Lender,Listed,Nigeria,,Nigeria,,Fintech,,,Undisclosed,2,Directory listing; funding undisclosed in free sources used.,CAC; NDPR; FCCPC-registered Digital Money Lender (DML).,Yes,"Offer automation/ML to fintech ops (recon, KYC, collections).",Low,https://fccpc.gov.ng/registration-of-digital-money-lenders/approvals-of-dmls/,No clean disclosed funding total in free sources used for this build; listed for directory coverage.,2026-09-25
Turbo Microfinance Bank,Fintech,Turbo Microfinance Bank: FCCPC-registered digital money lender / consumer credit apps.,,FCCPC,Digital Money Lender,Listed,Nigeria,,Nigeria,,Fintech,,,Undisclosed,2,Directory listing; funding undisclosed in free sources used.,CAC; NDPR; FCCPC-registered Digital Money Lender (DML).,Yes,"Offer automation/ML to fintech ops (recon, KYC, collections).",Low,https://fccpc.gov.ng/registration-of-digital-money-lenders/approvals-of-dmls/,No clean disclosed funding total in free sources used for this build; listed for directory coverage.,2026-09-25
Ubuntu,Fintech,Ubuntu: FCCPC-registered digital money lender / consumer credit apps.,,FCCPC,Digital Money Lender,Listed,Nigeria,,Nigeria,,Fintech,,,Undisclosed,2,Directory listing; funding undisclosed in free sources used.,CAC; NDPR; FCCPC-registered Digital Money Lender (DML).,Yes,"Offer automation/ML to fintech ops (recon, KYC, collections).",Low,https://fccpc.gov.ng/registration-of-digital-money-lenders/approvals-of-dmls/,No clean disclosed funding total in free sources used for this build; listed for directory coverage.,2026-09-25
Ucplus Advance,Fintech,Ucplus Advance: FCCPC-registered digital money lender / consumer credit apps.,,FCCPC,Digital Money Lender,Listed,Nigeria,,Nigeria,,Fintech,,,Undisclosed,2,Directory listing; funding undisclosed in free sources used.,CAC; NDPR; FCCPC-registered Digital Money Lender (DML).,Yes,"Offer automation/ML to fintech ops (recon, KYC, collections).",Low,https://fccpc.gov.ng/registration-of-digital-money-lenders/approvals-of-dmls/,No clean disclosed funding total in free sources used for this build; listed for directory coverage.,2026-09-25
Ugt Technologies,Fintech,Ugt Technologies: FCCPC-registered digital money lender / consumer credit apps.,,FCCPC,Digital Money Lender,Listed,Nigeria,,Nigeria,,Fintech,,,Undisclosed,2,Directory listing; funding undisclosed in free sources used.,CAC; NDPR; FCCPC-registered Digital Money Lender (DML).,Yes,"Offer automation/ML to fintech ops (recon, KYC, collections).",Low,https://fccpc.gov.ng/registration-of-digital-money-lenders/approvals-of-dmls/,No clean disclosed funding total in free sources used for this build; listed for directory coverage.,2026-09-25
Uni Technology,Fintech,Uni Technology: FCCPC-registered digital money lender / consumer credit apps.,,FCCPC,Digital Money Lender,Listed,Nigeria,,Nigeria,,Fintech,,,Undisclosed,2,Directory listing; funding undisclosed in free sources used.,CAC; NDPR; FCCPC-registered Digital Money Lender (DML).,Yes,"Offer automation/ML to fintech ops (recon, KYC, collections).",Low,https://fccpc.gov.ng/registration-of-digital-money-lenders/approvals-of-dmls/,No clean disclosed funding total in free sources used for this build; listed for directory coverage.,2026-09-25
Unified Payments,Fintech,Unified Payment Services: CBN Payments Terminal Service Aggregator.,,Other,Fintech,Unknown,Lagos,Lagos,Nigeria,,Fintech,,,Undisclosed,2,Directory listing; funding undisclosed in free sources used.,CAC; NDPR; often CBN PSP/MMO/IMTO and/or FCCPC DML; SEC if capital-markets.,Yes,"Offer automation/ML to fintech ops (recon, KYC, collections).",Low,https://www.cbn.gov.ng/PaymentsSystem/PSPs.html,No clean disclosed funding total in free sources used for this build; listed for directory coverage.,2026-09-25
Unique Jmk,Fintech,Unique Jmk: FCCPC-registered digital money lender / consumer credit apps.,,FCCPC,Digital Money Lender,Listed,Nigeria,,Nigeria,,Fintech,,,Undisclosed,2,Directory listing; funding undisclosed in free sources used.,CAC; NDPR; FCCPC-registered Digital Money Lender (DML).,Yes,"Offer automation/ML to fintech ops (recon, KYC, collections).",Low,https://fccpc.gov.ng/registration-of-digital-money-lenders/approvals-of-dmls/,No clean disclosed funding total in free sources used for this build; listed for directory coverage.,2026-09-25
Uniswitch Technology,Fintech,Uniswitch Technology: CBN Switching and Processing licensee.,,CBN,Switching,Listed,Nigeria,,Nigeria,,Fintech,,,Undisclosed,2,Directory listing; funding undisclosed in free sources used.,CAC; NDPR; CBN Switching & Processing.,Yes,"Offer automation/ML to fintech ops (recon, KYC, collections).",Low,https://www.cbn.gov.ng/PaymentsSystem/PSPs.html,No clean disclosed funding total in free sources used for this build; listed for directory coverage.,2026-09-25
Unlimint,Fintech,Unlimint: CBN-authorised Payment Solutions Service Provider (gateway/merchant collections).,,CBN,PSSP,Listed,Nigeria,,Nigeria,,Fintech,,,Undisclosed,2,Directory listing; funding undisclosed in free sources used.,CAC; NDPR; CBN PSSP.,Yes,"Offer automation/ML to fintech ops (recon, KYC, collections).",Low,https://www.cbn.gov.ng/PaymentsSystem/PSPs.html,No clean disclosed funding total in free sources used for this build; listed for directory coverage.,2026-09-25
Upperlink,Fintech,Upperlink: CBN-authorised Payment Solutions Service Provider (gateway/merchant collections).,,CBN,PSSP,Listed,Nigeria,,Nigeria,,Fintech,,,Undisclosed,2,Directory listing; funding undisclosed in free sources used.,CAC; NDPR; CBN PSSP.,Yes,"Offer automation/ML to fintech ops (recon, KYC, collections).",Low,https://www.cbn.gov.ng/PaymentsSystem/PSPs.html,No clean disclosed funding total in free sources used for this build; listed for directory coverage.,2026-09-25
Uthinking,Fintech,Uthinking: FCCPC-registered digital money lender / consumer credit apps.,,FCCPC,Digital Money Lender,Listed,Nigeria,,Nigeria,,Fintech,,,Undisclosed,2,Directory listing; funding undisclosed in free sources used.,CAC; NDPR; FCCPC-registered Digital Money Lender (DML).,Yes,"Offer automation/ML to fintech ops (recon, KYC, collections).",Low,https://fccpc.gov.ng/registration-of-digital-money-lenders/approvals-of-dmls/,No clean disclosed funding total in free sources used for this build; listed for directory coverage.,2026-09-25
Vale Finance,Fintech,Vale Finance: FCCPC-registered digital money lender / consumer credit apps.,,FCCPC,Digital Money Lender,Listed,Nigeria,,Nigeria,,Fintech,,,Undisclosed,2,Directory listing; funding undisclosed in free sources used.,CAC; NDPR; FCCPC-registered Digital Money Lender (DML).,Yes,"Offer automation/ML to fintech ops (recon, KYC, collections).",Low,https://fccpc.gov.ng/registration-of-digital-money-lenders/approvals-of-dmls/,No clean disclosed funding total in free sources used for this build; listed for directory coverage.,2026-09-25
Value Driver Technology Solution,Fintech,Value Driver Technology Solution: FCCPC-registered digital money lender / consumer credit apps.,,FCCPC,Digital Money Lender,Listed,Nigeria,,Nigeria,,Fintech,,,Undisclosed,2,Directory listing; funding undisclosed in free sources used.,CAC; NDPR; FCCPC-registered Digital Money Lender (DML).,Yes,"Offer automation/ML to fintech ops (recon, KYC, collections).",Low,https://fccpc.gov.ng/registration-of-digital-money-lenders/approvals-of-dmls/,No clean disclosed funding total in free sources used for this build; listed for directory coverage.,2026-09-25
Value Payment Solutions,Fintech,Value Payment Solutions: CBN-authorised Payment Solutions Service Provider (gateway/merchant collections).,,CBN,PSSP,Listed,Nigeria,,Nigeria,,Fintech,,,Undisclosed,2,Directory listing; funding undisclosed in free sources used.,CAC; NDPR; CBN PSSP.,Yes,"Offer automation/ML to fintech ops (recon, KYC, collections).",Low,https://www.cbn.gov.ng/PaymentsSystem/PSPs.html,No clean disclosed funding total in free sources used for this build; listed for directory coverage.,2026-09-25
Vantage Liquidity,Fintech,Vantage Liquidity: FCCPC-registered digital money lender / consumer credit apps.,,FCCPC,Digital Money Lender,Listed,Nigeria,,Nigeria,,Fintech,,,Undisclosed,2,Directory listing; funding undisclosed in free sources used.,CAC; NDPR; FCCPC-registered Digital Money Lender (DML).,Yes,"Offer automation/ML to fintech ops (recon, KYC, collections).",Low,https://fccpc.gov.ng/registration-of-digital-money-lenders/approvals-of-dmls/,No clean disclosed funding total in free sources used for this build; listed for directory coverage.,2026-09-25
Vas2net Technologies,Fintech,Vas2net Technologies: CBN-authorised Payment Solutions Service Provider (gateway/merchant collections).,,CBN,PSSP,Listed,Nigeria,,Nigeria,,Fintech,,,Undisclosed,2,Directory listing; funding undisclosed in free sources used.,CAC; NDPR; CBN PSSP.,Yes,"Offer automation/ML to fintech ops (recon, KYC, collections).",Low,https://www.cbn.gov.ng/PaymentsSystem/PSPs.html,No clean disclosed funding total in free sources used for this build; listed for directory coverage.,2026-09-25
Vatebra Pay,Fintech,Vatebra Pay: CBN-authorised Super-Agent for agency banking distribution.,,CBN,Super-Agent,Listed,Nigeria,,Nigeria,,B2B2C agency banking,,,Undisclosed,2,Directory listing; funding undisclosed in free sources used.,CBN Super-Agent; agent network compliance; NDPR; CAC.,Yes,Sell agent performance and AML monitoring to Super-Agents.,Med,https://www.cbn.gov.ng/PaymentsSystem/PSPs.html,No clean disclosed funding total in free sources used for this build; listed for directory coverage.,2026-09-25
VBank,Fintech,Digital banking brand in VFD Group ecosystem.,,Other,Fintech,Unknown,Lagos,Lagos,Nigeria,,Fintech,,,Undisclosed,2,Directory listing; funding undisclosed in free sources used.,CAC; NDPR; often CBN PSP/MMO/IMTO and/or FCCPC DML; SEC if capital-markets.,Yes,"Offer automation/ML to fintech ops (recon, KYC, collections).",Low,https://www.cbn.gov.ng/PaymentsSystem/InternationalMoneyTransferOperators.html,No clean disclosed funding total in free sources used for this build; listed for directory coverage.,2026-09-25
Veendhq,Fintech,Veendhq: FCCPC-registered digital money lender / consumer credit apps.,,FCCPC,Digital Money Lender,Listed,Nigeria,,Nigeria,,Fintech,,,Undisclosed,2,Directory listing; funding undisclosed in free sources used.,CAC; NDPR; FCCPC-registered Digital Money Lender (DML).,Yes,"Offer automation/ML to fintech ops (recon, KYC, collections).",Low,https://fccpc.gov.ng/registration-of-digital-money-lenders/approvals-of-dmls/,No clean disclosed funding total in free sources used for this build; listed for directory coverage.,2026-09-25
Velasco Lending,Fintech,Velasco Lending: FCCPC-registered digital money lender / consumer credit apps.,,FCCPC,Digital Money Lender,Listed,Nigeria,,Nigeria,,Fintech,,,Undisclosed,2,Directory listing; funding undisclosed in free sources used.,CAC; NDPR; FCCPC-registered Digital Money Lender (DML).,Yes,"Offer automation/ML to fintech ops (recon, KYC, collections).",Low,https://fccpc.gov.ng/registration-of-digital-money-lenders/approvals-of-dmls/,No clean disclosed funding total in free sources used for this build; listed for directory coverage.,2026-09-25
Velocity Transfers,Fintech,Velocity Transfers: CBN-licensed International Money Transfer Operator.,,CBN,IMTO,Listed,Nigeria,,Nigeria,,Fintech,,,Undisclosed,2,Directory listing; funding undisclosed in free sources used.,CAC; NDPR; CBN International Money Transfer Operator (IMTO).,Yes,"Offer automation/ML to fintech ops (recon, KYC, collections).",Low,https://www.cbn.gov.ng/PaymentsSystem/InternationalMoneyTransferOperators.html,No clean disclosed funding total in free sources used for this build; listed for directory coverage.,2026-09-25
Veltrix Comms,Fintech,Veltrix Comms: FCCPC-registered digital money lender / consumer credit apps.,,FCCPC,Digital Money Lender,Listed,Nigeria,,Nigeria,,Fintech,,,Undisclosed,2,Directory listing; funding undisclosed in free sources used.,CAC; NDPR; FCCPC-registered Digital Money Lender (DML).,Yes,"Offer automation/ML to fintech ops (recon, KYC, collections).",Low,https://fccpc.gov.ng/registration-of-digital-money-lenders/approvals-of-dmls/,No clean disclosed funding total in free sources used for this build; listed for directory coverage.,2026-09-25
Venbencare,Fintech,Venbencare: FCCPC-registered digital money lender / consumer credit apps.,,FCCPC,Digital Money Lender,Listed,Nigeria,,Nigeria,,Fintech,,,Undisclosed,2,Directory listing; funding undisclosed in free sources used.,CAC; NDPR; FCCPC-registered Digital Money Lender (DML).,Yes,"Offer automation/ML to fintech ops (recon, KYC, collections).",Low,https://fccpc.gov.ng/registration-of-digital-money-lenders/approvals-of-dmls/,No clean disclosed funding total in free sources used for this build; listed for directory coverage.,2026-09-25
Verizon-Been Technology,Fintech,Verizon-Been Technology: FCCPC-registered digital money lender / consumer credit apps.,,FCCPC,Digital Money Lender,Listed,Nigeria,,Nigeria,,Fintech,,,Undisclosed,2,Directory listing; funding undisclosed in free sources used.,CAC; NDPR; FCCPC-registered Digital Money Lender (DML).,Yes,"Offer automation/ML to fintech ops (recon, KYC, collections).",Low,https://fccpc.gov.ng/registration-of-digital-money-lenders/approvals-of-dmls/,No clean disclosed funding total in free sources used for this build; listed for directory coverage.,2026-09-25
Verve,Fintech,Verve International: CBN-listed card/payment scheme participant.,,CBN,Card Scheme,Listed,Lagos,Lagos,Nigeria,,Fintech,,,Undisclosed,2,Directory listing; funding undisclosed in free sources used.,CAC; NDPR; often CBN PSP/MMO/IMTO and/or FCCPC DML; SEC if capital-markets.,Yes,"Offer automation/ML to fintech ops (recon, KYC, collections).",Low,https://www.cbn.gov.ng/PaymentsSystem/PSPs.html,No clean disclosed funding total in free sources used for this build; listed for directory coverage.,2026-09-25
Vestrapay,Fintech,Vestrapay: CBN-authorised Payment Solutions Service Provider (gateway/merchant collections).,,CBN,PSSP,Listed,Nigeria,,Nigeria,,Fintech,,,Undisclosed,2,Directory listing; funding undisclosed in free sources used.,CAC; NDPR; CBN PSSP.,Yes,"Offer automation/ML to fintech ops (recon, KYC, collections).",Low,https://www.cbn.gov.ng/PaymentsSystem/PSPs.html,No clean disclosed funding total in free sources used for this build; listed for directory coverage.,2026-09-25
VFD Group,Fintech,Diversified financial services/tech group.,,Other,Fintech,Unknown,Lagos,Lagos,Nigeria,,Fintech,,,Undisclosed,2,Directory listing; funding undisclosed in free sources used.,CAC; NDPR; often CBN PSP/MMO/IMTO and/or FCCPC DML; SEC if capital-markets.,Yes,"Offer automation/ML to fintech ops (recon, KYC, collections).",Low,https://www.cbn.gov.ng/PaymentsSystem/InternationalMoneyTransferOperators.html,No clean disclosed funding total in free sources used for this build; listed for directory coverage.,2026-09-25
Viotrim Tech Hub,Fintech,Viotrim Tech Hub: FCCPC-registered digital money lender / consumer credit apps.,,FCCPC,Digital Money Lender,Listed,Nigeria,,Nigeria,,Fintech,,,Undisclosed,2,Directory listing; funding undisclosed in free sources used.,CAC; NDPR; FCCPC-registered Digital Money Lender (DML).,Yes,"Offer automation/ML to fintech ops (recon, KYC, collections).",Low,https://fccpc.gov.ng/registration-of-digital-money-lenders/approvals-of-dmls/,No clean disclosed funding total in free sources used for this build; listed for directory coverage.,2026-09-25
Visual ICT,Fintech,Visual ICT: CBN-licensed Mobile Money Operator (e-money/wallets).,,CBN,MMO,Listed,Nigeria,,Nigeria,,Fintech,,,Undisclosed,2,Directory listing; funding undisclosed in free sources used.,CAC; NDPR; CBN Mobile Money Operator (MMO).,Yes,"Offer automation/ML to fintech ops (recon, KYC, collections).",Low,https://www.cbn.gov.ng/PaymentsSystem/PSPs.html,No clean disclosed funding total in free sources used for this build; listed for directory coverage.,2026-09-25
VoguePay,Fintech,Web payment gateway.,,Other,Fintech,Unknown,Lagos,Lagos,Nigeria,,Fintech,,,Undisclosed,2,Directory listing; funding undisclosed in free sources used.,CAC; NDPR; often CBN PSP/MMO/IMTO and/or FCCPC DML; SEC if capital-markets.,Yes,"Offer automation/ML to fintech ops (recon, KYC, collections).",Low,https://www.cbn.gov.ng/PaymentsSystem/PSPs.html,No clean disclosed funding total in free sources used for this build; listed for directory coverage.,2026-09-25
Voguepay Web Solution,Fintech,Voguepay Web Solution: CBN-authorised Payment Solutions Service Provider (gateway/merchant collections).,,CBN,PSSP,Listed,Nigeria,,Nigeria,,Fintech,,,Undisclosed,2,Directory listing; funding undisclosed in free sources used.,CAC; NDPR; CBN PSSP.,Yes,"Offer automation/ML to fintech ops (recon, KYC, collections).",Low,https://www.cbn.gov.ng/PaymentsSystem/PSPs.html,No clean disclosed funding total in free sources used for this build; listed for directory coverage.,2026-09-25
Voyse Technologies,Fintech,Voyse Technologies: CBN-licensed International Money Transfer Operator.,,CBN,IMTO,Listed,Nigeria,,Nigeria,,Fintech,,,Undisclosed,2,Directory listing; funding undisclosed in free sources used.,CAC; NDPR; CBN International Money Transfer Operator (IMTO).,Yes,"Offer automation/ML to fintech ops (recon, KYC, collections).",Low,https://www.cbn.gov.ng/PaymentsSystem/InternationalMoneyTransferOperators.html,No clean disclosed funding total in free sources used for this build; listed for directory coverage.,2026-09-25
VTNetwork,Fintech,VTNetwork: CBN-licensed Mobile Money Operator (e-money/wallets).,,CBN,MMO,Listed,Nigeria,,Nigeria,,Fintech,,,Undisclosed,2,Directory listing; funding undisclosed in free sources used.,CAC; NDPR; CBN Mobile Money Operator (MMO).,Yes,"Offer automation/ML to fintech ops (recon, KYC, collections).",Low,https://www.cbn.gov.ng/PaymentsSystem/PSPs.html,No clean disclosed funding total in free sources used for this build; listed for directory coverage.,2026-09-25
Wakanda Credit,Fintech,Wakanda Credit: FCCPC-registered digital money lender / consumer credit apps.,,FCCPC,Digital Money Lender,Listed,Nigeria,,Nigeria,,Fintech,,,Undisclosed,2,Directory listing; funding undisclosed in free sources used.,CAC; NDPR; FCCPC-registered Digital Money Lender (DML).,Yes,"Offer automation/ML to fintech ops (recon, KYC, collections).",Low,https://fccpc.gov.ng/registration-of-digital-money-lenders/approvals-of-dmls/,No clean disclosed funding total in free sources used for this build; listed for directory coverage.,2026-09-25
Waxdale Lending,Fintech,Waxdale Lending: FCCPC-registered digital money lender / consumer credit apps.,,FCCPC,Digital Money Lender,Listed,Nigeria,,Nigeria,,Fintech,,,Undisclosed,2,Directory listing; funding undisclosed in free sources used.,CAC; NDPR; FCCPC-registered Digital Money Lender (DML).,Yes,"Offer automation/ML to fintech ops (recon, KYC, collections).",Low,https://fccpc.gov.ng/registration-of-digital-money-lenders/approvals-of-dmls/,No clean disclosed funding total in free sources used for this build; listed for directory coverage.,2026-09-25
Waxed Mobile,Fintech,Waxed Mobile: CBN-authorised Payment Solutions Service Provider (gateway/merchant collections).,,CBN,PSSP,Listed,Nigeria,,Nigeria,,Fintech,,,Undisclosed,2,Directory listing; funding undisclosed in free sources used.,CAC; NDPR; CBN PSSP.,Yes,"Offer automation/ML to fintech ops (recon, KYC, collections).",Low,https://www.cbn.gov.ng/PaymentsSystem/PSPs.html,No clean disclosed funding total in free sources used for this build; listed for directory coverage.,2026-09-25
Waxed Mobile 46,Fintech,Waxed Mobile 46: CBN-authorised Payment Terminal Service Provider (POS/terminals).,,CBN,PTSP,Listed,Nigeria,,Nigeria,,Fintech,,,Undisclosed,2,Directory listing; funding undisclosed in free sources used.,CAC; NDPR; CBN PTSP.,Yes,"Offer automation/ML to fintech ops (recon, KYC, collections).",Low,https://www.cbn.gov.ng/PaymentsSystem/PSPs.html,No clean disclosed funding total in free sources used for this build; listed for directory coverage.,2026-09-25
Waya Multilinks Technologies,Fintech,Waya Multilinks Technologies: CBN-authorised Payment Solutions Service Provider (gateway/merchant collections).,,CBN,PSSP,Listed,Nigeria,,Nigeria,,Fintech,,,Undisclosed,2,Directory listing; funding undisclosed in free sources used.,CAC; NDPR; CBN PSSP.,Yes,"Offer automation/ML to fintech ops (recon, KYC, collections).",Low,https://www.cbn.gov.ng/PaymentsSystem/PSPs.html,No clean disclosed funding total in free sources used for this build; listed for directory coverage.,2026-09-25
Wealthy-Sum Tech & Global,Fintech,Wealthy-Sum Tech & Global: FCCPC-registered digital money lender / consumer credit apps.,,FCCPC,Digital Money Lender,Listed,Nigeria,,Nigeria,,Fintech,,,Undisclosed,2,Directory listing; funding undisclosed in free sources used.,CAC; NDPR; FCCPC-registered Digital Money Lender (DML).,Yes,"Offer automation/ML to fintech ops (recon, KYC, collections).",Low,https://fccpc.gov.ng/registration-of-digital-money-lenders/approvals-of-dmls/,No clean disclosed funding total in free sources used for this build; listed for directory coverage.,2026-09-25
Weblink International,Fintech,Weblink International: CBN-licensed International Money Transfer Operator.,,CBN,IMTO,Listed,Nigeria,,Nigeria,,Fintech,,,Undisclosed,2,Directory listing; funding undisclosed in free sources used.,CAC; NDPR; CBN International Money Transfer Operator (IMTO).,Yes,"Offer automation/ML to fintech ops (recon, KYC, collections).",Low,https://www.cbn.gov.ng/PaymentsSystem/InternationalMoneyTransferOperators.html,No clean disclosed funding total in free sources used for this build; listed for directory coverage.,2026-09-25
Wefinance Solution,Fintech,Wefinance Solution: FCCPC-registered digital money lender / consumer credit apps.,,FCCPC,Digital Money Lender,Listed,Nigeria,,Nigeria,,Fintech,,,Undisclosed,2,Directory listing; funding undisclosed in free sources used.,CAC; NDPR; FCCPC-registered Digital Money Lender (DML).,Yes,"Offer automation/ML to fintech ops (recon, KYC, collections).",Low,https://fccpc.gov.ng/registration-of-digital-money-lenders/approvals-of-dmls/,No clean disclosed funding total in free sources used for this build; listed for directory coverage.,2026-09-25
White Horse Sucesss,Fintech,White Horse Sucesss: FCCPC-registered digital money lender / consumer credit apps.,,FCCPC,Digital Money Lender,Listed,Nigeria,,Nigeria,,Fintech,,,Undisclosed,2,Directory listing; funding undisclosed in free sources used.,CAC; NDPR; FCCPC-registered Digital Money Lender (DML).,Yes,"Offer automation/ML to fintech ops (recon, KYC, collections).",Low,https://fccpc.gov.ng/registration-of-digital-money-lenders/approvals-of-dmls/,No clean disclosed funding total in free sources used for this build; listed for directory coverage.,2026-09-25
Wi-Pay,Fintech,Wi-Pay: CBN-authorised Payment Terminal Service Provider (POS/terminals).,,CBN,PTSP,Listed,Nigeria,,Nigeria,,Fintech,,,Undisclosed,2,Directory listing; funding undisclosed in free sources used.,CAC; NDPR; CBN PTSP.,Yes,"Offer automation/ML to fintech ops (recon, KYC, collections).",Low,https://www.cbn.gov.ng/PaymentsSystem/PSPs.html,No clean disclosed funding total in free sources used for this build; listed for directory coverage.,2026-09-25
Wiam,Fintech,Wiam: FCCPC-registered digital money lender / consumer credit apps.,,FCCPC,Digital Money Lender,Listed,Nigeria,,Nigeria,,Fintech,,,Undisclosed,2,Directory listing; funding undisclosed in free sources used.,CAC; NDPR; FCCPC-registered Digital Money Lender (DML).,Yes,"Offer automation/ML to fintech ops (recon, KYC, collections).",Low,https://fccpc.gov.ng/registration-of-digital-money-lenders/approvals-of-dmls/,No clean disclosed funding total in free sources used for this build; listed for directory coverage.,2026-09-25
Windville Financials,Fintech,Windville Financials: FCCPC-registered digital money lender / consumer credit apps.,,FCCPC,Digital Money Lender,Listed,Nigeria,,Nigeria,,Fintech,,,Undisclosed,2,Directory listing; funding undisclosed in free sources used.,CAC; NDPR; FCCPC-registered Digital Money Lender (DML).,Yes,"Offer automation/ML to fintech ops (recon, KYC, collections).",Low,https://fccpc.gov.ng/registration-of-digital-money-lenders/approvals-of-dmls/,No clean disclosed funding total in free sources used for this build; listed for directory coverage.,2026-09-25
Wingtip Flow,Fintech,Wingtip Flow: CBN-authorised Payment Solutions Service Provider (gateway/merchant collections).,,CBN,PSSP,Listed,Nigeria,,Nigeria,,Fintech,,,Undisclosed,2,Directory listing; funding undisclosed in free sources used.,CAC; NDPR; CBN PSSP.,Yes,"Offer automation/ML to fintech ops (recon, KYC, collections).",Low,https://www.cbn.gov.ng/PaymentsSystem/PSPs.html,No clean disclosed funding total in free sources used for this build; listed for directory coverage.,2026-09-25
Winnorizon Tech Services,Fintech,Winnorizon Tech Services: FCCPC-registered digital money lender / consumer credit apps.,,FCCPC,Digital Money Lender,Listed,Nigeria,,Nigeria,,Fintech,,,Undisclosed,2,Directory listing; funding undisclosed in free sources used.,CAC; NDPR; FCCPC-registered Digital Money Lender (DML).,Yes,"Offer automation/ML to fintech ops (recon, KYC, collections).",Low,https://fccpc.gov.ng/registration-of-digital-money-lenders/approvals-of-dmls/,No clean disclosed funding total in free sources used for this build; listed for directory coverage.,2026-09-25
Worldremit,Fintech,Worldremit: CBN-licensed International Money Transfer Operator.,,CBN,IMTO,Listed,Nigeria,,Nigeria,,Fintech,,,Undisclosed,2,Directory listing; funding undisclosed in free sources used.,CAC; NDPR; CBN International Money Transfer Operator (IMTO).,Yes,"Offer automation/ML to fintech ops (recon, KYC, collections).",Low,https://www.cbn.gov.ng/PaymentsSystem/InternationalMoneyTransferOperators.html,No clean disclosed funding total in free sources used for this build; listed for directory coverage.,2026-09-25
Woven Finance,Fintech,Woven Finance: CBN-authorised Payment Solutions Service Provider (gateway/merchant collections).,,CBN,PSSP,Listed,Lagos,Lagos,Nigeria,,Fintech,,,Undisclosed,2,Directory listing; funding undisclosed in free sources used.,CAC; NDPR; often CBN PSP/MMO/IMTO and/or FCCPC DML; SEC if capital-markets.,Yes,"Offer automation/ML to fintech ops (recon, KYC, collections).",Low,https://www.cbn.gov.ng/PaymentsSystem/PSPs.html,No clean disclosed funding total in free sources used for this build; listed for directory coverage.,2026-09-25
Wstc Financial Services,Fintech,Wstc Financial Services: FCCPC-registered digital money lender / consumer credit apps.,,FCCPC,Digital Money Lender,Listed,Nigeria,,Nigeria,,Fintech,,,Undisclosed,2,Directory listing; funding undisclosed in free sources used.,CAC; NDPR; FCCPC-registered Digital Money Lender (DML).,Yes,"Offer automation/ML to fintech ops (recon, KYC, collections).",Low,https://fccpc.gov.ng/registration-of-digital-money-lenders/approvals-of-dmls/,No clean disclosed funding total in free sources used for this build; listed for directory coverage.,2026-09-25
X3 Leasing,Fintech,X3 Leasing: FCCPC-registered digital money lender / consumer credit apps.,,FCCPC,Digital Money Lender,Listed,Nigeria,,Nigeria,,Fintech,,,Undisclosed,2,Directory listing; funding undisclosed in free sources used.,CAC; NDPR; FCCPC-registered Digital Money Lender (DML).,Yes,"Offer automation/ML to fintech ops (recon, KYC, collections).",Low,https://fccpc.gov.ng/registration-of-digital-money-lenders/approvals-of-dmls/,No clean disclosed funding total in free sources used for this build; listed for directory coverage.,2026-09-25
Xchange Box Solutions,Fintech,Xchange Box Solutions: CBN-authorised Super-Agent for agency banking distribution.,,CBN,Super-Agent,Listed,Nigeria,,Nigeria,,B2B2C agency banking,,,Undisclosed,2,Directory listing; funding undisclosed in free sources used.,CBN Super-Agent; agent network compliance; NDPR; CAC.,Yes,Sell agent performance and AML monitoring to Super-Agents.,Med,https://www.cbn.gov.ng/PaymentsSystem/PSPs.html,No clean disclosed funding total in free sources used for this build; listed for directory coverage.,2026-09-25
Xpress MTS,Fintech,Xpress MTS: CBN-licensed Mobile Money Operator (e-money/wallets).,,CBN,MMO,Listed,Nigeria,,Nigeria,,Fintech,,,Undisclosed,2,Directory listing; funding undisclosed in free sources used.,CAC; NDPR; CBN Mobile Money Operator (MMO).,Yes,"Offer automation/ML to fintech ops (recon, KYC, collections).",Low,https://www.cbn.gov.ng/PaymentsSystem/PSPs.html,No clean disclosed funding total in free sources used for this build; listed for directory coverage.,2026-09-25
Xtra Mfs,Fintech,Xtra Mfs: FCCPC-registered digital money lender / consumer credit apps.,,FCCPC,Digital Money Lender,Listed,Nigeria,,Nigeria,,Fintech,,,Undisclosed,2,Directory listing; funding undisclosed in free sources used.,CAC; NDPR; FCCPC-registered Digital Money Lender (DML).,Yes,"Offer automation/ML to fintech ops (recon, KYC, collections).",Low,https://fccpc.gov.ng/registration-of-digital-money-lenders/approvals-of-dmls/,No clean disclosed funding total in free sources used for this build; listed for directory coverage.,2026-09-25
Y'ello Digital Financial Services,Fintech,Y'ello Digital Financial Services: CBN-authorised Super-Agent for agency banking distribution.,,CBN,Super-Agent,Listed,Nigeria,,Nigeria,,B2B2C agency banking,,,Undisclosed,2,Directory listing; funding undisclosed in free sources used.,CBN Super-Agent; agent network compliance; NDPR; CAC.,Yes,Sell agent performance and AML monitoring to Super-Agents.,Med,https://www.cbn.gov.ng/PaymentsSystem/PSPs.html,No clean disclosed funding total in free sources used for this build; listed for directory coverage.,2026-09-25
Yalo Technologies,Fintech,Yalo Technologies: FCCPC-registered digital money lender / consumer credit apps.,,FCCPC,Digital Money Lender,Listed,Nigeria,,Nigeria,,Fintech,,,Undisclosed,2,Directory listing; funding undisclosed in free sources used.,CAC; NDPR; FCCPC-registered Digital Money Lender (DML).,Yes,"Offer automation/ML to fintech ops (recon, KYC, collections).",Low,https://fccpc.gov.ng/registration-of-digital-money-lenders/approvals-of-dmls/,No clean disclosed funding total in free sources used for this build; listed for directory coverage.,2026-09-25
Yegon Tech,Fintech,Yegon Tech: FCCPC-registered digital money lender / consumer credit apps.,,FCCPC,Digital Money Lender,Listed,Nigeria,,Nigeria,,Fintech,,,Undisclosed,2,Directory listing; funding undisclosed in free sources used.,CAC; NDPR; FCCPC-registered Digital Money Lender (DML).,Yes,"Offer automation/ML to fintech ops (recon, KYC, collections).",Low,https://fccpc.gov.ng/registration-of-digital-money-lenders/approvals-of-dmls/,No clean disclosed funding total in free sources used for this build; listed for directory coverage.,2026-09-25
Yescredit Company,Fintech,Yescredit Company: FCCPC-registered digital money lender / consumer credit apps.,,FCCPC,Digital Money Lender,Listed,Nigeria,,Nigeria,,Fintech,,,Undisclosed,2,Directory listing; funding undisclosed in free sources used.,CAC; NDPR; FCCPC-registered Digital Money Lender (DML).,Yes,"Offer automation/ML to fintech ops (recon, KYC, collections).",Low,https://fccpc.gov.ng/registration-of-digital-money-lenders/approvals-of-dmls/,No clean disclosed funding total in free sources used for this build; listed for directory coverage.,2026-09-25
Youcare Team Services,Fintech,Youcare Team Services: FCCPC-registered digital money lender / consumer credit apps.,,FCCPC,Digital Money Lender,Listed,Nigeria,,Nigeria,,Fintech,,,Undisclosed,2,Directory listing; funding undisclosed in free sources used.,CAC; NDPR; FCCPC-registered Digital Money Lender (DML).,Yes,"Offer automation/ML to fintech ops (recon, KYC, collections).",Low,https://fccpc.gov.ng/registration-of-digital-money-lenders/approvals-of-dmls/,No clean disclosed funding total in free sources used for this build; listed for directory coverage.,2026-09-25
Zaradera Credit,Fintech,Zaradera Credit: FCCPC-registered digital money lender / consumer credit apps.,,FCCPC,Digital Money Lender,Listed,Nigeria,,Nigeria,,Fintech,,,Undisclosed,2,Directory listing; funding undisclosed in free sources used.,CAC; NDPR; FCCPC-registered Digital Money Lender (DML).,Yes,"Offer automation/ML to fintech ops (recon, KYC, collections).",Low,https://fccpc.gov.ng/registration-of-digital-money-lenders/approvals-of-dmls/,No clean disclosed funding total in free sources used for this build; listed for directory coverage.,2026-09-25
Zedvance Finance,Fintech,Zedvance Finance: FCCPC-registered digital money lender / consumer credit apps.,,FCCPC,Digital Money Lender,Listed,Nigeria,,Nigeria,,Fintech,,,Undisclosed,2,Directory listing; funding undisclosed in free sources used.,CAC; NDPR; FCCPC-registered Digital Money Lender (DML).,Yes,"Offer automation/ML to fintech ops (recon, KYC, collections).",Low,https://fccpc.gov.ng/registration-of-digital-money-lenders/approvals-of-dmls/,No clean disclosed funding total in free sources used for this build; listed for directory coverage.,2026-09-25
Zelia Services,Fintech,Zelia Services: FCCPC-registered digital money lender / consumer credit apps.,,FCCPC,Digital Money Lender,Listed,Nigeria,,Nigeria,,Fintech,,,Undisclosed,2,Directory listing; funding undisclosed in free sources used.,CAC; NDPR; FCCPC-registered Digital Money Lender (DML).,Yes,"Offer automation/ML to fintech ops (recon, KYC, collections).",Low,https://fccpc.gov.ng/registration-of-digital-money-lenders/approvals-of-dmls/,No clean disclosed funding total in free sources used for this build; listed for directory coverage.,2026-09-25
Zemekt,Fintech,Zemekt: FCCPC-registered digital money lender / consumer credit apps.,,FCCPC,Digital Money Lender,Listed,Nigeria,,Nigeria,,Fintech,,,Undisclosed,2,Directory listing; funding undisclosed in free sources used.,CAC; NDPR; FCCPC-registered Digital Money Lender (DML).,Yes,"Offer automation/ML to fintech ops (recon, KYC, collections).",Low,https://fccpc.gov.ng/registration-of-digital-money-lenders/approvals-of-dmls/,No clean disclosed funding total in free sources used for this build; listed for directory coverage.,2026-09-25
Zennal International,Fintech,Zennal International: FCCPC-registered digital money lender / consumer credit apps.,,FCCPC,Digital Money Lender,Listed,Nigeria,,Nigeria,,Fintech,,,Undisclosed,2,Directory listing; funding undisclosed in free sources used.,CAC; NDPR; FCCPC-registered Digital Money Lender (DML).,Yes,"Offer automation/ML to fintech ops (recon, KYC, collections).",Low,https://fccpc.gov.ng/registration-of-digital-money-lenders/approvals-of-dmls/,No clean disclosed funding total in free sources used for this build; listed for directory coverage.,2026-09-25
Zephyredge,Fintech,Zephyredge: FCCPC-registered digital money lender / consumer credit apps.,,FCCPC,Digital Money Lender,Listed,Nigeria,,Nigeria,,Fintech,,,Undisclosed,2,Directory listing; funding undisclosed in free sources used.,CAC; NDPR; FCCPC-registered Digital Money Lender (DML).,Yes,"Offer automation/ML to fintech ops (recon, KYC, collections).",Low,https://fccpc.gov.ng/registration-of-digital-money-lenders/approvals-of-dmls/,No clean disclosed funding total in free sources used for this build; listed for directory coverage.,2026-09-25
Zepphyredge,Fintech,Zepphyredge: FCCPC-registered digital money lender / consumer credit apps.,,FCCPC,Digital Money Lender,Listed,Nigeria,,Nigeria,,Fintech,,,Undisclosed,2,Directory listing; funding undisclosed in free sources used.,CAC; NDPR; FCCPC-registered Digital Money Lender (DML).,Yes,"Offer automation/ML to fintech ops (recon, KYC, collections).",Low,https://fccpc.gov.ng/registration-of-digital-money-lenders/approvals-of-dmls/,No clean disclosed funding total in free sources used for this build; listed for directory coverage.,2026-09-25
Zest Payments,Fintech,Zest Payments: CBN-authorised Payment Solutions Service Provider (gateway/merchant collections).,,CBN,PSSP,Listed,Nigeria,,Nigeria,,Fintech,,,Undisclosed,2,Directory listing; funding undisclosed in free sources used.,CAC; NDPR; CBN PSSP.,Yes,"Offer automation/ML to fintech ops (recon, KYC, collections).",Low,https://www.cbn.gov.ng/PaymentsSystem/PSPs.html,No clean disclosed funding total in free sources used for this build; listed for directory coverage.,2026-09-25
Zip Wave,Fintech,Zip Wave: FCCPC-registered digital money lender / consumer credit apps.,,FCCPC,Digital Money Lender,Listed,Nigeria,,Nigeria,,Fintech,,,Undisclosed,2,Directory listing; funding undisclosed in free sources used.,CAC; NDPR; FCCPC-registered Digital Money Lender (DML).,Yes,"Offer automation/ML to fintech ops (recon, KYC, collections).",Low,https://fccpc.gov.ng/registration-of-digital-money-lenders/approvals-of-dmls/,No clean disclosed funding total in free sources used for this build; listed for directory coverage.,2026-09-25
Zippy Capital,Fintech,Zippy Capital: FCCPC-registered digital money lender / consumer credit apps.,,FCCPC,Digital Money Lender,Listed,Nigeria,,Nigeria,,Fintech,,,Undisclosed,2,Directory listing; funding undisclosed in free sources used.,CAC; NDPR; FCCPC-registered Digital Money Lender (DML).,Yes,"Offer automation/ML to fintech ops (recon, KYC, collections).",Low,https://fccpc.gov.ng/registration-of-digital-money-lenders/approvals-of-dmls/,No clean disclosed funding total in free sources used for this build; listed for directory coverage.,2026-09-25
Zojapa,Fintech,Zojapa: FCCPC-registered digital money lender / consumer credit apps.,,FCCPC,Digital Money Lender,Listed,Nigeria,,Nigeria,,Fintech,,,Undisclosed,2,Directory listing; funding undisclosed in free sources used.,CAC; NDPR; FCCPC-registered Digital Money Lender (DML).,Yes,"Offer automation/ML to fintech ops (recon, KYC, collections).",Low,https://fccpc.gov.ng/registration-of-digital-money-lenders/approvals-of-dmls/,No clean disclosed funding total in free sources used for this build; listed for directory coverage.,2026-09-25
Zone Payment Network,Fintech,Zone Payment Network: CBN Switching and Processing licensee.,,CBN,Switching,Listed,Nigeria,,Nigeria,,Fintech,,,Undisclosed,2,Directory listing; funding undisclosed in free sources used.,CAC; NDPR; CBN Switching & Processing.,Yes,"Offer automation/ML to fintech ops (recon, KYC, collections).",Low,https://www.cbn.gov.ng/PaymentsSystem/PSPs.html,No clean disclosed funding total in free sources used for this build; listed for directory coverage.,2026-09-25
Zuvy Technologies,Fintech,Zuvy Technologies: FCCPC-registered digital money lender / consumer credit apps.,,FCCPC,Digital Money Lender,Listed,Nigeria,,Nigeria,,Fintech,,,Undisclosed,2,Directory listing; funding undisclosed in free sources used.,CAC; NDPR; FCCPC-registered Digital Money Lender (DML).,Yes,"Offer automation/ML to fintech ops (recon, KYC, collections).",Low,https://fccpc.gov.ng/registration-of-digital-money-lenders/approvals-of-dmls/,No clean disclosed funding total in free sources used for this build; listed for directory coverage.,2026-09-25
Zytrex Payments,Fintech,Zytrex Payments: CBN-licensed International Money Transfer Operator.,,CBN,IMTO,Listed,Nigeria,,Nigeria,,Fintech,,,Undisclosed,2,Directory listing; funding undisclosed in free sources used.,CAC; NDPR; CBN International Money Transfer Operator (IMTO).,Yes,"Offer automation/ML to fintech ops (recon, KYC, collections).",Low,https://www.cbn.gov.ng/PaymentsSystem/InternationalMoneyTransferOperators.html,No clean disclosed funding total in free sources used for this build; listed for directory coverage.,2026-09-25
10mg Health,Healthtech,10mg Health: Nigeria-focused healthtech company listed on StartupMapAfrica sector directories. Funding undisclosed in free sources used.,,Press,Healthtech,Unknown,Lagos,Lagos,Nigeria,,Healthtech,,,Undisclosed,2,Directory listing; funding undisclosed in free sources used.,CAC; NDPR; MoH/state health rules; NAFDAC if drugs; payments via PSPs.,Yes,"Sell clinical NLP, claims, or interoperability connectors.",Low,https://startupmapafrica.com/startups/healthtech/nigeria; https://startupmapafrica.com/startups/nigeria,No clean disclosed funding total in free sources used for this build; listed for directory coverage.,2026-09-25
BetaCare Pharmacy,Healthtech,BetaCare Pharmacy: Nigeria-focused healthtech company listed on StartupMapAfrica sector directories. Funding undisclosed in free sources used.,,Press,Healthtech,Unknown,Lagos,Lagos,Nigeria,,Healthtech,,,Undisclosed,2,Directory listing; funding undisclosed in free sources used.,CAC; NDPR; MoH/state health rules; NAFDAC if drugs; payments via PSPs.,Yes,"Sell clinical NLP, claims, or interoperability connectors.",Low,https://startupmapafrica.com/startups/healthtech/nigeria; https://startupmapafrica.com/startups/nigeria,No clean disclosed funding total in free sources used for this build; listed for directory coverage.,2026-09-25
Healthlane,Healthtech,Preventative health system/diagnostics; YC-backed.,http://healthlane.co,YC,YC Startup,Listed,Lagos,Lagos,Nigeria,,Healthtech,,,Undisclosed,2,Directory listing; funding undisclosed in free sources used.,CAC; NDPR; MoH/state health rules; NAFDAC if drugs; payments via PSPs.,Yes,"Sell clinical NLP, claims, or interoperability connectors.",Med,https://www.ycombinator.com/companies,No clean disclosed funding total in free sources used for this build; listed for directory coverage.,2026-09-25
Imisi,Healthtech,Healthtech SaaS / Imisi HealthCARE.,,Other,Healthtech,Unknown,Lagos,Lagos,Nigeria,,Healthtech,,,Undisclosed,2,Directory listing; funding undisclosed in free sources used.,CAC; NDPR; MoH/state health rules; NAFDAC if drugs; payments via PSPs.,Yes,"Sell clinical NLP, claims, or interoperability connectors.",Low,https://techtally.ng/made-in-nigeria-saas-tools/,No clean disclosed funding total in free sources used for this build; listed for directory coverage.,2026-09-25
Infiuss Health,Healthtech,Marketplace accelerating medical research; YC-backed.,https://infiuss.com,YC,YC Startup,Listed,Lagos,Lagos,Nigeria,,Healthtech,,,Undisclosed,2,Directory listing; funding undisclosed in free sources used.,CAC; NDPR; MoH/state health rules; NAFDAC if drugs; payments via PSPs.,Yes,"Sell clinical NLP, claims, or interoperability connectors.",Med,https://www.ycombinator.com/companies,No clean disclosed funding total in free sources used for this build; listed for directory coverage.,2026-09-25
MediPal,Healthtech,Healthtech SaaS.,,Other,Healthtech,Unknown,Lagos,Lagos,Nigeria,,Healthtech,,,Undisclosed,2,Directory listing; funding undisclosed in free sources used.,CAC; NDPR; MoH/state health rules; NAFDAC if drugs; payments via PSPs.,Yes,"Sell clinical NLP, claims, or interoperability connectors.",Low,https://tracxn.com/d/explore/healthtech-saas-startups-in-nigeria/__xC1CafNfPgol_bN4jyQ8CUVhK1Yx1SMkKuq-UTpqHoY,No clean disclosed funding total in free sources used for this build; listed for directory coverage.,2026-09-25
OGApharmacy,Healthtech,Pharmacy marketplace/healthtech.,,Other,Healthtech,Unknown,Lagos,Lagos,Nigeria,,Healthtech,,,Undisclosed,2,Directory listing; funding undisclosed in free sources used.,CAC; NDPR; MoH/state health rules; NAFDAC if drugs; payments via PSPs.,Yes,"Sell clinical NLP, claims, or interoperability connectors.",Low,https://tracxn.com/d/explore/healthtech-saas-startups-in-nigeria/__xC1CafNfPgol_bN4jyQ8CUVhK1Yx1SMkKuq-UTpqHoY,No clean disclosed funding total in free sources used for this build; listed for directory coverage.,2026-09-25
Remedial Health,Healthtech,B2B E-commerce & Fintech platform for Pharmacies & Hospitals in Africa,https://remedial.health,YC,YC Startup,Listed,Lagos,Lagos,Nigeria,,Healthtech,,,Undisclosed,2,Directory listing; funding undisclosed in free sources used.,CAC; NDPR; MoH/state health rules; NAFDAC if drugs; payments via PSPs.,Yes,"Sell clinical NLP, claims, or interoperability connectors.",Med,https://www.ycombinator.com/companies,No clean disclosed funding total in free sources used for this build; listed for directory coverage.,2026-09-25
Xolani Health,Healthtech,Healthtech brand in Nigeria indexes.,,Other,Healthtech,Unknown,Lagos,Lagos,Nigeria,,Healthtech,,,Undisclosed,2,Directory listing; funding undisclosed in free sources used.,CAC; NDPR; MoH/state health rules; NAFDAC if drugs; payments via PSPs.,Yes,"Sell clinical NLP, claims, or interoperability connectors.",Low,https://tracxn.com/d/explore/healthtech-saas-startups-in-nigeria/__xC1CafNfPgol_bN4jyQ8CUVhK1Yx1SMkKuq-UTpqHoY,No clean disclosed funding total in free sources used for this build; listed for directory coverage.,2026-09-25
ZAK Health,Healthtech,ZAK Health: Nigeria-focused healthtech company listed on StartupMapAfrica sector directories. Funding undisclosed in free sources used.,,Press,Healthtech,Unknown,Lagos,Lagos,Nigeria,,Healthtech,,,Undisclosed,2,Directory listing; funding undisclosed in free sources used.,CAC; NDPR; MoH/state health rules; NAFDAC if drugs; payments via PSPs.,Yes,"Sell clinical NLP, claims, or interoperability connectors.",Low,https://startupmapafrica.com/startups/healthtech/nigeria; https://startupmapafrica.com/startups/nigeria,No clean disclosed funding total in free sources used for this build; listed for directory coverage.,2026-09-25
Curacel,Insurtech,Claims/insurance infrastructure SaaS.,,Other,Insurtech,Unknown,Lagos,Lagos,Nigeria,,Insurtech,,,Undisclosed,2,Directory listing; funding undisclosed in free sources used.,CAC; NDPR; often CBN PSP/MMO/IMTO and/or FCCPC DML; SEC if capital-markets.,Yes,Sell claims NLP and fraud detection to HMOs/insurers.,Low,https://techtally.ng/made-in-nigeria-saas-tools/,No clean disclosed funding total in free sources used for this build; listed for directory coverage.,2026-09-25
Gigmile,Logistics,Gigmile: Nigeria-focused logistics company listed on StartupMapAfrica sector directories. Funding undisclosed in free sources used.,,Press,Logistics,Unknown,Lagos,Lagos,Nigeria,,Logistics,,,Undisclosed,2,Directory listing; funding undisclosed in free sources used.,CAC; NDPR.,Yes,"Sell routing, dispatch, or telematics analytics.",Low,https://startupmapafrica.com/startups/logistics/nigeria; https://startupmapafrica.com/startups/nigeria,No clean disclosed funding total in free sources used for this build; listed for directory coverage.,2026-09-25
Kwik,Logistics,On-demand delivery/logistics brand in Lagos.,,Other,Logistics,Unknown,Lagos,Lagos,Nigeria,,Logistics,,,Undisclosed,2,Directory listing; funding undisclosed in free sources used.,CAC; NDPR.,Yes,"Sell routing, dispatch, or telematics analytics.",Low,https://disruptafrica.com/2022/10/14/nigerian-tech-startups-raised-over-2bn-between-2015-and-2022/,No clean disclosed funding total in free sources used for this build; listed for directory coverage.,2026-09-25
LagRide,Logistics,LagRide: Nigeria-focused logistics company listed on StartupMapAfrica sector directories. Funding undisclosed in free sources used.,,Press,Logistics,Unknown,Lagos,Lagos,Nigeria,,Logistics,,,Undisclosed,2,Directory listing; funding undisclosed in free sources used.,CAC; NDPR.,Yes,"Sell routing, dispatch, or telematics analytics.",Low,https://startupmapafrica.com/startups/mobility/nigeria; https://startupmapafrica.com/startups/nigeria,No clean disclosed funding total in free sources used for this build; listed for directory coverage.,2026-09-25
Sarta Logistics,Logistics,Logistics tech brand.,,Press,Logistics,Unknown,Lagos,Lagos,Nigeria,,Logistics,,,Undisclosed,2,Directory listing; funding undisclosed in free sources used.,CAC; NDPR.,Yes,"Sell routing, dispatch, or telematics analytics.",Low,https://startupmapafrica.com/startups/logistics/nigeria,No clean disclosed funding total in free sources used for this build; listed for directory coverage.,2026-09-25
SEND,Logistics,Flexport for Africa - Digital Freight forwarder and Customs Broker.,https://www.send.ng,YC,YC Startup,Listed,Lagos,Lagos,Nigeria,,Logistics,,,Undisclosed,2,Directory listing; funding undisclosed in free sources used.,CAC; NDPR.,Yes,"Sell routing, dispatch, or telematics analytics.",Med,https://www.ycombinator.com/companies,No clean disclosed funding total in free sources used for this build; listed for directory coverage.,2026-09-25
Sendbox,Logistics,Fulfillment and shipping for African merchants; YC-backed.,https://sendbox.co,YC,YC Startup,Listed,Lagos,Lagos,Nigeria,,Logistics,,,Undisclosed,2,Directory listing; funding undisclosed in free sources used.,CAC; NDPR.,Yes,"Sell routing, dispatch, or telematics analytics.",Med,https://www.ycombinator.com/companies,No clean disclosed funding total in free sources used for this build; listed for directory coverage.,2026-09-25
Topship,Logistics,Flexport for African Merchants - Building the OS for Global Logistics,https://topship.africa/,YC,YC Startup,Listed,Lagos,Lagos,Nigeria,,Logistics,,,Undisclosed,2,Directory listing; funding undisclosed in free sources used.,CAC; NDPR.,Yes,"Sell routing, dispatch, or telematics analytics.",Med,https://www.ycombinator.com/companies,No clean disclosed funding total in free sources used for this build; listed for directory coverage.,2026-09-25
Autochek,Marketplace,Auto financing and vehicle marketplace with NG focus.,,Other,Marketplace,Unknown,Lagos,Lagos,Nigeria,,Marketplace,,,Undisclosed,2,Directory listing; funding undisclosed in free sources used.,CAC; NDPR.,Yes,"Sell trust/fraud, catalog, or logistics tooling to marketplaces.",Low,https://disruptafrica.com/2022/10/14/nigerian-tech-startups-raised-over-2bn-between-2015-and-2022/,No clean disclosed funding total in free sources used for this build; listed for directory coverage.,2026-09-25
Cars45,Marketplace,Used-car marketplace/auction platform.,,Press,Marketplace,Unknown,Lagos,Lagos,Nigeria,,Marketplace,,,Undisclosed,2,Directory listing; funding undisclosed in free sources used.,CAC; NDPR.,Yes,"Sell trust/fraud, catalog, or logistics tooling to marketplaces.",Low,https://technext24.com/explainer/10-nigerian-startups-to-watch-in-2025/,No clean disclosed funding total in free sources used for this build; listed for directory coverage.,2026-09-25
Chow Central,Marketplace,Asset-light virtual kitchen concept; YC-backed.,,YC,YC Startup,Listed,Lagos,Lagos,Nigeria,,Marketplace,,,Undisclosed,2,Directory listing; funding undisclosed in free sources used.,CAC; NDPR.,Yes,"Sell trust/fraud, catalog, or logistics tooling to marketplaces.",Med,https://www.ycombinator.com/companies,No clean disclosed funding total in free sources used for this build; listed for directory coverage.,2026-09-25
FoodCourt,Marketplace,Virtual restaurants and cloud kitchens; YC-backed.,https://www.getfoodcourt.com,YC,YC Startup,Listed,Lagos,Lagos,Nigeria,,Marketplace,,,Undisclosed,2,Directory listing; funding undisclosed in free sources used.,CAC; NDPR.,Yes,"Sell trust/fraud, catalog, or logistics tooling to marketplaces.",Med,https://www.ycombinator.com/companies,No clean disclosed funding total in free sources used for this build; listed for directory coverage.,2026-09-25
Golemon,Marketplace,Golemon: Nigeria-focused marketplace company listed on StartupMapAfrica sector directories. Funding undisclosed in free sources used.,,Press,Marketplace,Unknown,Lagos,Lagos,Nigeria,,Marketplace,,,Undisclosed,2,Directory listing; funding undisclosed in free sources used.,CAC; NDPR.,Yes,"Sell trust/fraud, catalog, or logistics tooling to marketplaces.",Low,https://technext24.com/explainer/10-nigerian-startups-to-watch-in-2025/; https://startupmapafrica.com/startups/nigeria,No clean disclosed funding total in free sources used for this build; listed for directory coverage.,2026-09-25
Heyfood,Marketplace,On-demand food delivery (Ibadan-rooted); YC-backed.,https://heyfood.africa/,YC,YC Startup,Listed,Ibadan,Ibadan,Nigeria,,Marketplace,,,Undisclosed,2,Directory listing; funding undisclosed in free sources used.,CAC; NDPR.,Yes,"Sell trust/fraud, catalog, or logistics tooling to marketplaces.",Med,https://www.ycombinator.com/companies,No clean disclosed funding total in free sources used for this build; listed for directory coverage.,2026-09-25
Hotels.ng,Marketplace,Nigerian hotel booking platform.,,Other,Marketplace,Unknown,Lagos,Lagos,Nigeria,,Marketplace,,,Undisclosed,2,Directory listing; funding undisclosed in free sources used.,CAC; NDPR.,Yes,"Sell trust/fraud, catalog, or logistics tooling to marketplaces.",Low,https://github.com/TEHILLA-O/nigeria-tech-landscape,No clean disclosed funding total in free sources used for this build; listed for directory coverage.,2026-09-25
Jobberman,Marketplace,Jobs board and recruitment platform.,,Other,Marketplace,Unknown,Lagos,Lagos,Nigeria,,Marketplace,,,Undisclosed,2,Directory listing; funding undisclosed in free sources used.,CAC; NDPR.,Yes,"Sell trust/fraud, catalog, or logistics tooling to marketplaces.",Low,https://github.com/TEHILLA-O/nigeria-tech-landscape,No clean disclosed funding total in free sources used for this build; listed for directory coverage.,2026-09-25
Mano,Marketplace,Grocery delivery competitor in Lagos.,,Press,Marketplace,Unknown,Lagos,Lagos,Nigeria,,Marketplace,,,Undisclosed,2,Directory listing; funding undisclosed in free sources used.,CAC; NDPR.,Yes,"Sell trust/fraud, catalog, or logistics tooling to marketplaces.",Low,https://technext24.com/explainer/10-nigerian-startups-to-watch-in-2025/,No clean disclosed funding total in free sources used for this build; listed for directory coverage.,2026-09-25
OmniRetail,Marketplace,B2B commerce/retail distribution tech.,,Press,Marketplace,Unknown,Lagos,Lagos,Nigeria,,Marketplace,,,Undisclosed,2,Directory listing; funding undisclosed in free sources used.,CAC; NDPR.,Yes,"Sell trust/fraud, catalog, or logistics tooling to marketplaces.",Low,https://www.startuplist.africa/lists/top-funded-nigeria-startups-2025,No clean disclosed funding total in free sources used for this build; listed for directory coverage.,2026-09-25
Sabi,Marketplace,Commercial infrastructure for goods distribution.,,Other,Marketplace,Unknown,Lagos,Lagos,Nigeria,,Marketplace,,,Undisclosed,2,Directory listing; funding undisclosed in free sources used.,CAC; NDPR.,Yes,"Sell trust/fraud, catalog, or logistics tooling to marketplaces.",Low,https://sun-connect.org/wp-content/uploads/The-Nigerian-Startup-Ecosystem-Report-2022.pdf,No clean disclosed funding total in free sources used for this build; listed for directory coverage.,2026-09-25
Sendme,Marketplace,On-demand meat supply to households and food businesses; YC-backed.,,YC,YC Startup,Listed,Ibadan,Ibadan,Nigeria,,Marketplace,,,Undisclosed,2,Directory listing; funding undisclosed in free sources used.,CAC; NDPR.,Yes,"Sell trust/fraud, catalog, or logistics tooling to marketplaces.",Med,https://www.ycombinator.com/companies,No clean disclosed funding total in free sources used for this build; listed for directory coverage.,2026-09-25
Shekel Mobility,Marketplace,Shekel Mobility: FCCPC-registered digital money lender / consumer credit apps.,https://www.shekelmobility.com/,FCCPC,Digital Money Lender,Listed,Lagos,Lagos,Nigeria,,Marketplace,,,Undisclosed,2,Directory listing; funding undisclosed in free sources used.,CAC; NDPR.,Yes,"Sell trust/fraud, catalog, or logistics tooling to marketplaces.",Med,https://www.ycombinator.com/companies; https://fccpc.gov.ng/registration-of-digital-money-lenders/approvals-of-dmls/,No clean disclosed funding total in free sources used for this build; listed for directory coverage.,2026-09-25
The Price Marketplace,Marketplace,The Price Marketplace: Nigeria-focused marketplace company listed on StartupMapAfrica sector directories. Funding undisclosed in free sources used.,,Press,Marketplace,Unknown,Nigeria,,Nigeria,,Marketplace,,,Undisclosed,2,Directory listing; funding undisclosed in free sources used.,CAC; NDPR.,Yes,"Sell trust/fraud, catalog, or logistics tooling to marketplaces.",Low,https://startupmapafrica.com/startups/agritech/nigeria; https://startupmapafrica.com/startups/nigeria,No clean disclosed funding total in free sources used for this build; listed for directory coverage.,2026-09-25
Acecore Incorporations,Other Tech,Acecore Incorporations: Nigeria-focused other tech company listed on StartupMapAfrica sector directories. Funding undisclosed in free sources used.,,Press,Other Tech,Unknown,Nigeria,,Nigeria,,Other tech,,,Undisclosed,3,Directory listing; funding undisclosed in free sources used.,CAC; NDPR.,Yes,Evaluate product vs services; sell automation where software-native.,Low,https://startupmapafrica.com/startups/nigeria,No clean disclosed funding total in free sources used for this build; listed for directory coverage.,2026-09-25
Afomo,Other Tech,Afomo: Nigeria-focused other tech company listed on StartupMapAfrica sector directories. Funding undisclosed in free sources used.,,Press,Other Tech,Unknown,Nigeria,,Nigeria,,Other tech,,,Undisclosed,3,Directory listing; funding undisclosed in free sources used.,CAC; NDPR.,Yes,Evaluate product vs services; sell automation where software-native.,Low,https://startupmapafrica.com/startups/nigeria,No clean disclosed funding total in free sources used for this build; listed for directory coverage.,2026-09-25
BringitKonk,Other Tech,BringitKonk: Nigeria-focused other tech company listed on StartupMapAfrica sector directories. Funding undisclosed in free sources used.,,Press,Other Tech,Unknown,Nigeria,,Nigeria,,Other tech,,,Undisclosed,3,Directory listing; funding undisclosed in free sources used.,CAC; NDPR.,Yes,Evaluate product vs services; sell automation where software-native.,Low,https://startupmapafrica.com/startups/nigeria,No clean disclosed funding total in free sources used for this build; listed for directory coverage.,2026-09-25
Clad9,Other Tech,Clad9: Nigeria-focused other tech company listed on StartupMapAfrica sector directories. Funding undisclosed in free sources used.,,Press,Other Tech,Unknown,Nigeria,,Nigeria,,Other tech,,,Undisclosed,3,Directory listing; funding undisclosed in free sources used.,CAC; NDPR.,Yes,Evaluate product vs services; sell automation where software-native.,Low,https://startupmapafrica.com/startups/nigeria,No clean disclosed funding total in free sources used for this build; listed for directory coverage.,2026-09-25
Convoy,Other Tech,Webhooks Gateway for outgoing and incoming webhooks.,https://getconvoy.io,YC,YC Startup,Listed,"London, England, United Kingdom; LA, Nigeria; Remote","London, England, United Kingdom; LA, Nigeria; Remote",Nigeria,,Other tech,,,Undisclosed,3,Directory listing; funding undisclosed in free sources used.,CAC; NDPR.,Yes,Evaluate product vs services; sell automation where software-native.,Med,https://www.ycombinator.com/companies,No clean disclosed funding total in free sources used for this build; listed for directory coverage.,2026-09-25
Daya,Other Tech,Daya: Nigeria-focused other tech company listed on StartupMapAfrica sector directories. Funding undisclosed in free sources used.,,Press,Other Tech,Unknown,Nigeria,,Nigeria,,Other tech,,,Undisclosed,3,Directory listing; funding undisclosed in free sources used.,CAC; NDPR.,Yes,Evaluate product vs services; sell automation where software-native.,Low,https://startupmapafrica.com/startups/nigeria,No clean disclosed funding total in free sources used for this build; listed for directory coverage.,2026-09-25
Everything Data,Other Tech,Everything Data: Nigeria-focused other tech company listed on StartupMapAfrica sector directories. Funding undisclosed in free sources used.,,Press,Other Tech,Unknown,Nigeria,,Nigeria,,Other tech,,,Undisclosed,3,Directory listing; funding undisclosed in free sources used.,CAC; NDPR.,Yes,Evaluate product vs services; sell automation where software-native.,Low,https://startupmapafrica.com/startups/nigeria,No clean disclosed funding total in free sources used for this build; listed for directory coverage.,2026-09-25
Facefam Platform,Other Tech,Facefam Platform: Nigeria-focused other tech company listed on StartupMapAfrica sector directories. Funding undisclosed in free sources used.,,Press,Other Tech,Unknown,Nigeria,,Nigeria,,Other tech,,,Undisclosed,3,Directory listing; funding undisclosed in free sources used.,CAC; NDPR.,Yes,Evaluate product vs services; sell automation where software-native.,Low,https://startupmapafrica.com/startups/nigeria,No clean disclosed funding total in free sources used for this build; listed for directory coverage.,2026-09-25
Fewticket,Other Tech,Fewticket: Nigeria-focused other tech company listed on StartupMapAfrica sector directories. Funding undisclosed in free sources used.,,Press,Other Tech,Unknown,Nigeria,,Nigeria,,Other tech,,,Undisclosed,3,Directory listing; funding undisclosed in free sources used.,CAC; NDPR.,Yes,Evaluate product vs services; sell automation where software-native.,Low,https://startupmapafrica.com/startups/nigeria,No clean disclosed funding total in free sources used for this build; listed for directory coverage.,2026-09-25
Helicarrier (prev Buycoins),Other Tech,Cryptocurrency infrastructure for Africa.,https://helicarrier.studio,YC,YC Startup,Listed,"London, England, United Kingdom; LA, Nigeria","London, England, United Kingdom; LA, Nigeria",Nigeria,,Other tech,,,Undisclosed,3,Directory listing; funding undisclosed in free sources used.,CAC; NDPR.,Yes,Evaluate product vs services; sell automation where software-native.,Med,https://www.ycombinator.com/companies,No clean disclosed funding total in free sources used for this build; listed for directory coverage.,2026-09-25
Host Sasa,Other Tech,Host Sasa: Nigeria-focused other tech company listed on StartupMapAfrica sector directories. Funding undisclosed in free sources used.,,Press,Other Tech,Unknown,Nigeria,,Nigeria,,Other tech,,,Undisclosed,3,Directory listing; funding undisclosed in free sources used.,CAC; NDPR.,Yes,Evaluate product vs services; sell automation where software-native.,Low,https://startupmapafrica.com/startups/nigeria,No clean disclosed funding total in free sources used for this build; listed for directory coverage.,2026-09-25
Housmata,Other Tech,Housmata: Nigeria-focused other tech company listed on StartupMapAfrica sector directories. Funding undisclosed in free sources used.,,Press,Other Tech,Unknown,Nigeria,,Nigeria,,Other tech,,,Undisclosed,3,Directory listing; funding undisclosed in free sources used.,CAC; NDPR.,Yes,Evaluate product vs services; sell automation where software-native.,Low,https://startupmapafrica.com/startups/proptech/nigeria; https://startupmapafrica.com/startups/nigeria,No clean disclosed funding total in free sources used for this build; listed for directory coverage.,2026-09-25
Humynize,Other Tech,Humynize: Nigeria-focused other tech company listed on StartupMapAfrica sector directories. Funding undisclosed in free sources used.,,Press,Other Tech,Unknown,Nigeria,,Nigeria,,Other tech,,,Undisclosed,3,Directory listing; funding undisclosed in free sources used.,CAC; NDPR.,Yes,Evaluate product vs services; sell automation where software-native.,Low,https://startupmapafrica.com/startups/nigeria,No clean disclosed funding total in free sources used for this build; listed for directory coverage.,2026-09-25
IHS Towers,Other Tech,Telecom tower infrastructure (Nigeria-major ops).,,Press,Other Tech,Unknown,Lagos,Lagos,Nigeria,,Other tech,,,Undisclosed,3,Directory listing; funding undisclosed in free sources used.,CAC; NDPR.,Yes,Evaluate product vs services; sell automation where software-native.,Low,https://www.startuplist.africa/countries/nigeria,No clean disclosed funding total in free sources used for this build; listed for directory coverage.,2026-09-25
Khatma Cathi,Other Tech,Khatma Cathi: Nigeria-focused other tech company listed on StartupMapAfrica sector directories. Funding undisclosed in free sources used.,,Press,Other Tech,Unknown,Nigeria,,Nigeria,,Other tech,,,Undisclosed,3,Directory listing; funding undisclosed in free sources used.,CAC; NDPR.,Yes,Evaluate product vs services; sell automation where software-native.,Low,https://startupmapafrica.com/startups/nigeria,No clean disclosed funding total in free sources used for this build; listed for directory coverage.,2026-09-25
Microbiz,Other Tech,Microbiz: Nigeria-focused other tech company listed on StartupMapAfrica sector directories. Funding undisclosed in free sources used.,,Press,Other Tech,Unknown,Nigeria,,Nigeria,,Other tech,,,Undisclosed,3,Directory listing; funding undisclosed in free sources used.,CAC; NDPR.,Yes,Evaluate product vs services; sell automation where software-native.,Low,https://startupmapafrica.com/startups/nigeria,No clean disclosed funding total in free sources used for this build; listed for directory coverage.,2026-09-25
Nexlynk Engineers,Other Tech,Nexlynk Engineers: Nigeria-focused other tech company listed on StartupMapAfrica sector directories. Funding undisclosed in free sources used.,,Press,Other Tech,Unknown,Nigeria,,Nigeria,,Other tech,,,Undisclosed,3,Directory listing; funding undisclosed in free sources used.,CAC; NDPR.,Yes,Evaluate product vs services; sell automation where software-native.,Low,https://startupmapafrica.com/startups/nigeria,No clean disclosed funding total in free sources used for this build; listed for directory coverage.,2026-09-25
Nova Fleet,Other Tech,Nova Fleet: Nigeria-focused other tech company listed on StartupMapAfrica sector directories. Funding undisclosed in free sources used.,,Press,Other Tech,Unknown,Nigeria,,Nigeria,,Other tech,,,Undisclosed,3,Directory listing; funding undisclosed in free sources used.,CAC; NDPR.,Yes,Evaluate product vs services; sell automation where software-native.,Low,https://startupmapafrica.com/startups/nigeria,No clean disclosed funding total in free sources used for this build; listed for directory coverage.,2026-09-25
Onedev,Other Tech,Onedev: Nigeria-focused other tech company listed on StartupMapAfrica sector directories. Funding undisclosed in free sources used.,,Press,Other Tech,Unknown,Nigeria,,Nigeria,,Other tech,,,Undisclosed,3,Directory listing; funding undisclosed in free sources used.,CAC; NDPR.,Yes,Evaluate product vs services; sell automation where software-native.,Low,https://startupmapafrica.com/startups/nigeria,No clean disclosed funding total in free sources used for this build; listed for directory coverage.,2026-09-25
Predictlix,Other Tech,Predictlix: Nigeria-focused other tech company listed on StartupMapAfrica sector directories. Funding undisclosed in free sources used.,,Press,Other Tech,Unknown,Nigeria,,Nigeria,,Other tech,,,Undisclosed,3,Directory listing; funding undisclosed in free sources used.,CAC; NDPR.,Yes,Evaluate product vs services; sell automation where software-native.,Low,https://startupmapafrica.com/startups/nigeria,No clean disclosed funding total in free sources used for this build; listed for directory coverage.,2026-09-25
Printivo,Other Tech,Online custom printing and branding.,,Other,Other Tech,Unknown,Lagos,Lagos,Nigeria,,Other tech,,,Undisclosed,3,Directory listing; funding undisclosed in free sources used.,CAC; NDPR.,Yes,Evaluate product vs services; sell automation where software-native.,Low,https://github.com/TEHILLA-O/nigeria-tech-landscape,No clean disclosed funding total in free sources used for this build; listed for directory coverage.,2026-09-25
RentWaka,Other Tech,RentWaka: Nigeria-focused other tech company listed on StartupMapAfrica sector directories. Funding undisclosed in free sources used.,,Press,Other Tech,Unknown,Nigeria,,Nigeria,,Other tech,,,Undisclosed,3,Directory listing; funding undisclosed in free sources used.,CAC; NDPR.,Yes,Evaluate product vs services; sell automation where software-native.,Low,https://startupmapafrica.com/startups/proptech/nigeria; https://startupmapafrica.com/startups/nigeria,No clean disclosed funding total in free sources used for this build; listed for directory coverage.,2026-09-25
Revolve,Other Tech,Revolve: Nigeria-focused other tech company listed on StartupMapAfrica sector directories. Funding undisclosed in free sources used.,,Press,Other Tech,Unknown,Nigeria,,Nigeria,,Other tech,,,Undisclosed,3,Directory listing; funding undisclosed in free sources used.,CAC; NDPR.,Yes,Evaluate product vs services; sell automation where software-native.,Low,https://startupmapafrica.com/startups/nigeria,No clean disclosed funding total in free sources used for this build; listed for directory coverage.,2026-09-25
RUN,Other Tech,RUN: Nigeria-focused other tech company listed on StartupMapAfrica sector directories. Funding undisclosed in free sources used.,,Press,Other Tech,Unknown,Nigeria,,Nigeria,,Other tech,,,Undisclosed,3,Directory listing; funding undisclosed in free sources used.,CAC; NDPR.,Yes,Evaluate product vs services; sell automation where software-native.,Low,https://startupmapafrica.com/startups/nigeria,No clean disclosed funding total in free sources used for this build; listed for directory coverage.,2026-09-25
Sarfix Logistics,Other Tech,Sarfix Logistics: Nigeria-focused other tech company listed on StartupMapAfrica sector directories. Funding undisclosed in free sources used.,,Press,Other Tech,Unknown,Nigeria,,Nigeria,,Other tech,,,Undisclosed,3,Directory listing; funding undisclosed in free sources used.,CAC; NDPR.,Yes,Evaluate product vs services; sell automation where software-native.,Low,https://startupmapafrica.com/startups/nigeria,No clean disclosed funding total in free sources used for this build; listed for directory coverage.,2026-09-25
Sigma Tcm,Other Tech,Sigma Tcm: Nigeria-focused other tech company listed on StartupMapAfrica sector directories. Funding undisclosed in free sources used.,,Press,Other Tech,Unknown,Nigeria,,Nigeria,,Other tech,,,Undisclosed,3,Directory listing; funding undisclosed in free sources used.,CAC; NDPR.,Yes,Evaluate product vs services; sell automation where software-native.,Low,https://startupmapafrica.com/startups/nigeria,No clean disclosed funding total in free sources used for this build; listed for directory coverage.,2026-09-25
Spring in Africa,Other Tech,Investing in innovation ,https://springinafrica.com,YC,YC Startup,Listed,"San Francisco, CA, USA; LA, Nigeria; Remote","San Francisco, CA, USA; LA, Nigeria; Remote",Nigeria,,Other tech,,,Undisclosed,3,Directory listing; funding undisclosed in free sources used.,CAC; NDPR.,Yes,Evaluate product vs services; sell automation where software-native.,Med,https://www.ycombinator.com/companies,No clean disclosed funding total in free sources used for this build; listed for directory coverage.,2026-09-25
Squodly,Other Tech,Squodly: Nigeria-focused other tech company listed on StartupMapAfrica sector directories. Funding undisclosed in free sources used.,,Press,Other Tech,Unknown,Nigeria,,Nigeria,,Other tech,,,Undisclosed,3,Directory listing; funding undisclosed in free sources used.,CAC; NDPR.,Yes,Evaluate product vs services; sell automation where software-native.,Low,https://startupmapafrica.com/startups/nigeria,No clean disclosed funding total in free sources used for this build; listed for directory coverage.,2026-09-25
Stabyl,Other Tech,Stabyl: Nigeria-focused other tech company listed on StartupMapAfrica sector directories. Funding undisclosed in free sources used.,,Press,Other Tech,Unknown,Nigeria,,Nigeria,,Other tech,,,Undisclosed,3,Directory listing; funding undisclosed in free sources used.,CAC; NDPR.,Yes,Evaluate product vs services; sell automation where software-native.,Low,https://startupmapafrica.com/startups/nigeria,No clean disclosed funding total in free sources used for this build; listed for directory coverage.,2026-09-25
Taurex,Other Tech,Taurex: Nigeria-focused other tech company listed on StartupMapAfrica sector directories. Funding undisclosed in free sources used.,,Press,Other Tech,Unknown,Nigeria,,Nigeria,,Other tech,,,Undisclosed,3,Directory listing; funding undisclosed in free sources used.,CAC; NDPR.,Yes,Evaluate product vs services; sell automation where software-native.,Low,https://startupmapafrica.com/startups/nigeria,No clean disclosed funding total in free sources used for this build; listed for directory coverage.,2026-09-25
Teria,Other Tech,Teria: Nigeria-focused other tech company listed on StartupMapAfrica sector directories. Funding undisclosed in free sources used.,,Press,Other Tech,Unknown,Nigeria,,Nigeria,,Other tech,,,Undisclosed,3,Directory listing; funding undisclosed in free sources used.,CAC; NDPR.,Yes,Evaluate product vs services; sell automation where software-native.,Low,https://startupmapafrica.com/startups/nigeria,No clean disclosed funding total in free sources used for this build; listed for directory coverage.,2026-09-25
Thrive Agric,Other Tech,"ThriveAgric help Farmers in Africa access finance, insight and Markets",https://www.thriveagric.com/,YC,YC Startup,Listed,"Abuja, Federal Capital Territory, Nigeria",Abuja,Nigeria,,Other tech,,,Undisclosed,3,Directory listing; funding undisclosed in free sources used.,CAC; NDPR.,Yes,Evaluate product vs services; sell automation where software-native.,Med,https://www.ycombinator.com/companies,No clean disclosed funding total in free sources used for this build; listed for directory coverage.,2026-09-25
Tizeti,Other Tech,Wireless ISP for African cities; YC-backed.,http://www.tizeti.com,YC,YC Startup,Listed,Lagos,Lagos,Nigeria,,Other tech,,,Undisclosed,3,Directory listing; funding undisclosed in free sources used.,CAC; NDPR.,Yes,Evaluate product vs services; sell automation where software-native.,Med,https://www.ycombinator.com/companies,No clean disclosed funding total in free sources used for this build; listed for directory coverage.,2026-09-25
Touch and Pay Technologies Limited,Other Tech,Digitizing and processing Microtransactions in Africa,https://touchandpay.me/,YC,YC Startup,Listed,"Lagos, LA, Nigeria",Lagos,Nigeria,,Other tech,,,Undisclosed,3,Directory listing; funding undisclosed in free sources used.,CAC; NDPR.,Yes,Evaluate product vs services; sell automation where software-native.,Med,https://www.ycombinator.com/companies,No clean disclosed funding total in free sources used for this build; listed for directory coverage.,2026-09-25
UPNEPA NG,Other Tech,UPNEPA NG: Nigeria-focused other tech company listed on StartupMapAfrica sector directories. Funding undisclosed in free sources used.,,Press,Other Tech,Unknown,Nigeria,,Nigeria,,Other tech,,,Undisclosed,3,Directory listing; funding undisclosed in free sources used.,CAC; NDPR.,Yes,Evaluate product vs services; sell automation where software-native.,Low,https://startupmapafrica.com/startups/nigeria,No clean disclosed funding total in free sources used for this build; listed for directory coverage.,2026-09-25
Zemi,Other Tech,Zemi: Nigeria-focused other tech company listed on StartupMapAfrica sector directories. Funding undisclosed in free sources used.,,Press,Other Tech,Unknown,Nigeria,,Nigeria,,Other tech,,,Undisclosed,3,Directory listing; funding undisclosed in free sources used.,CAC; NDPR.,Yes,Evaluate product vs services; sell automation where software-native.,Low,https://startupmapafrica.com/startups/nigeria,No clean disclosed funding total in free sources used for this build; listed for directory coverage.,2026-09-25
Zyvoltis EV,Other Tech,Zyvoltis EV: Nigeria-focused other tech company listed on StartupMapAfrica sector directories. Funding undisclosed in free sources used.,,Press,Other Tech,Unknown,Nigeria,,Nigeria,,Other tech,,,Undisclosed,3,Directory listing; funding undisclosed in free sources used.,CAC; NDPR.,Yes,Evaluate product vs services; sell automation where software-native.,Low,https://startupmapafrica.com/startups/nigeria,No clean disclosed funding total in free sources used for this build; listed for directory coverage.,2026-09-25
Computer Warehouse Group,SaaS,Computer Warehouse Group: CBN-authorised Payment Terminal Service Provider (POS/terminals).,,CBN,PTSP,Listed,Lagos,Lagos,Nigeria,,B2B SaaS,,,Undisclosed,3,Directory listing; funding undisclosed in free sources used.,CAC; NDPR.,Yes,High fit for productized consultancy builds and integrations.,Low,https://www.cbn.gov.ng/PaymentsSystem/PSPs.html,No clean disclosed funding total in free sources used for this build; listed for directory coverage.,2026-09-25
Flowmono,SaaS,Workflow/document automation SaaS.,,Other,SaaS,Unknown,Lagos,Lagos,Nigeria,,B2B SaaS,,,Undisclosed,3,Directory listing; funding undisclosed in free sources used.,CAC; NDPR.,Yes,High fit for productized consultancy builds and integrations.,Low,https://techtally.ng/made-in-nigeria-saas-tools/,No clean disclosed funding total in free sources used for this build; listed for directory coverage.,2026-09-25
Pade HCM,SaaS,HR and payroll tech.,,Press,SaaS,Unknown,Lagos,Lagos,Nigeria,,B2B SaaS,,,Undisclosed,3,Directory listing; funding undisclosed in free sources used.,CAC; NDPR.,Yes,High fit for productized consultancy builds and integrations.,Low,https://www.startuplist.africa/lists/top-funded-nigeria-startups-2025,No clean disclosed funding total in free sources used for this build; listed for directory coverage.,2026-09-25
Rwazi,SaaS,Consumer insights/market research tech with NG presence.,,Press,SaaS,Unknown,Lagos,Lagos,Nigeria,,B2B SaaS,,,Undisclosed,3,Directory listing; funding undisclosed in free sources used.,CAC; NDPR.,Yes,High fit for productized consultancy builds and integrations.,Low,https://www.startuplist.africa/lists/top-funded-nigeria-startups-2025,No clean disclosed funding total in free sources used for this build; listed for directory coverage.,2026-09-25
SideBrief,SaaS,Legal/compliance ops tooling for African startups.,,Press,SaaS,Unknown,Lagos,Lagos,Nigeria,,B2B SaaS,,,Undisclosed,3,Directory listing; funding undisclosed in free sources used.,CAC; NDPR.,Yes,High fit for productized consultancy builds and integrations.,Low,https://technext24.com/explainer/10-nigerian-startups-to-watch-in-2025/,No clean disclosed funding total in free sources used for this build; listed for directory coverage.,2026-09-25
Simplifyd,SaaS,Toll-free internet apps delivery; YC-backed with NG ops.,,YC,YC Startup,Listed,Lagos,Lagos,Nigeria,,B2B SaaS,,,Undisclosed,3,Directory listing; funding undisclosed in free sources used.,CAC; NDPR.,Yes,High fit for productized consultancy builds and integrations.,Med,https://www.ycombinator.com/companies,No clean disclosed funding total in free sources used for this build; listed for directory coverage.,2026-09-25
Softcom,SaaS,Enterprise digital solutions and platforms.,,Other,SaaS,Unknown,Lagos,Lagos,Nigeria,,B2B SaaS,,,Undisclosed,3,Directory listing; funding undisclosed in free sources used.,CAC; NDPR.,Yes,High fit for productized consultancy builds and integrations.,Low,https://github.com/TEHILLA-O/nigeria-tech-landscape,No clean disclosed funding total in free sources used for this build; listed for directory coverage.,2026-09-25
SystemSpecs,SaaS,Enterprise software house behind Remita.,,Other,SaaS,Unknown,Lagos,Lagos,Nigeria,,B2B SaaS,,,Undisclosed,3,Directory listing; funding undisclosed in free sources used.,CAC; NDPR.,Yes,High fit for productized consultancy builds and integrations.,Low,https://www.cbn.gov.ng/PaymentsSystem/PSPs.html,No clean disclosed funding total in free sources used for this build; listed for directory coverage.,2026-09-25
Termii,SaaS,Messaging/communications reliability infrastructure; YC-backed.,https://termii.com,YC,YC Startup,Listed,Lagos,Lagos,Nigeria,,B2B SaaS,,,Undisclosed,3,Directory listing; funding undisclosed in free sources used.,CAC; NDPR.,Yes,High fit for productized consultancy builds and integrations.,Med,https://www.ycombinator.com/companies,No clean disclosed funding total in free sources used for this build; listed for directory coverage.,2026-09-25
Tyms Africa,SaaS,Bookkeeping and accounting suite for African SMEs.,,Press,SaaS,Unknown,Lagos,Lagos,Nigeria,,B2B SaaS,,,Undisclosed,3,Directory listing; funding undisclosed in free sources used.,CAC; NDPR.,Yes,High fit for productized consultancy builds and integrations.,Low,https://technext24.com/explainer/10-nigerian-startups-to-watch-in-2025/,No clean disclosed funding total in free sources used for this build; listed for directory coverage.,2026-09-25
Venture Garden Group,SaaS,Venture Garden: CBN-authorised Payment Solutions Service Provider (gateway/merchant collections).,,CBN,PSSP,Listed,Lagos,Lagos,Nigeria,,B2B SaaS,,,Undisclosed,3,Directory listing; funding undisclosed in free sources used.,CAC; NDPR.,Yes,High fit for productized consultancy builds and integrations.,Low,https://www.cbn.gov.ng/PaymentsSystem/PSPs.html; https://www.cbn.gov.ng/PaymentsSystem/InternationalMoneyTransferOperators.html,No clean disclosed funding total in free sources used for this build; listed for directory coverage.,2026-09-25
