Rank,Company,Sector,Product_Summary,Website,LinkedIn_URL,Twitter_X_URL,Founders,CEO_or_Lead,HQ_or_Primary_Market,HQ_City,HQ_Country,Operating_Countries,Legal_Entity_Name,Founded_Year,Company_Status,Exit_Type,Acquirer,Exit_Year,Exit_Source_URL,Business_Model,Target_Customers,Core_Products,Tech_Stack_Hints,Employee_Range,Total_Disclosed_Funding_USD,Latest_Round_Type,Latest_Round_Amount_USD,Latest_Round_Date,Notable_Investors,Valuation_USD,Valuation_Status,Licence_Types_Held,Licences_Regs_Needed,Key_Competitors,Moat_Notes,Ease_to_Replicate,Replicate_Notes,Replication_Capital_Intensity,Replication_Time_Estimate,Risk_Flags,Builder_Notes,Data_Confidence,Source_URLs,Last_Verified_Date,JTBD,ICP,Ticket_Size_Band,Licence_IDs_or_Categories,Licence_Status,Register_Last_Checked,Peers,Last_Signal_Date,Last_Signal_Type,Last_Signal_URL,Founder_LinkedIn_URLs,Sector_Primary,Sector_Secondary,Operating_Cities_NG,Careers_URL,Hiring_Signal,Logo_URL,Possibly_stale,Topics
1,Jumia,Marketplace,Pan-African e-commerce marketplace and logistics with major Nigeria operations (NYSE: JMIA).,https://group.jumia.com,https://www.linkedin.com/company/jumia-group,https://x.com/JumiaNg,Jeremy Hodara; Sacha Poignonnec; Tunde Kehinde; Raphael Kofi Afaedor,Francis Dufay,Lagos / Pan-Africa,Lagos (ops) / Berlin-listed group history,Multi (NYSE: JMIA),Nigeria; multiple African markets,,2012,Active,IPO,,2019,https://en.wikipedia.org/wiki/Jumia,Marketplace; B2C,Consumers and sellers across Africa,Marketplace; JumiaPay (where live); logistics,,1001-5000,885400000,IPO / public markets,,2019-04,Rocket Internet (historical); public shareholders,Undisclosed,Undisclosed,Marketplace / e-commerce; not a CBN payments licensee as primary model,CAC; consumer protection; logistics permits; payments via licensed PSPs; NDPR.,Konga; Jiji; Amazon-like global players where present,"Brand recognition, seller liquidity, and logistics density in core markets. Loss-funded GMV history makes economics hard to copy cheaply.",1,"Marketplace density, logistics, and loss-funded GMV make this unreplicable for a small builder. Capital and network effects dominate.",High,Estimate: 12-18 mo thin MVP marketplace; 5+ years regulated multi-city logistics at scale,Unit economics; FX; logistics cost inflation; public-market scrutiny,"Sell catalog enrichment, fraud/returns ML, seller tooling, or last-mile ops automation to Jumia sellers and 3PLs rather than cloning the marketplace.",High,https://technext24.com/reviews/nigeria-tops-funded-african-startups/; https://en.wikipedia.org/wiki/Jumia; https://group.jumia.com,2026-09-25,Discover and transact goods/services with trust and logistics support.,Buyers and sellers in a category with thin offline alternatives.,Unknown,Marketplace / e-commerce; not a CBN payments licensee as primary model,Unknown,2026-09-25,TradeDepot; Konga; Vendease,2019-04,Funding,https://technext24.com/reviews/nigeria-tops-funded-african-startups/,,Marketplace,Marketplace|Logistics,Lagos,,Unknown,,Yes,marketplace; logistics; cross-border
2,OPay,Fintech,"Super-app payments, agent banking, transfers, and merchant acquiring.",https://www.opayweb.com,https://www.linkedin.com/company/opay,https://x.com/OPayNG,Yahui Zhou (Opera Pay lineage),Olu Akanmu (Co-CEO OPay Nigeria),"Lagos, Nigeria",Lagos,Nigeria,Nigeria; Egypt; Pakistan (reported),,2018,Active,None,,,,B2C; B2B; Super-app payments,"Consumers, agents, merchants",Mobile wallet; agent banking; transfers; merchant acquiring; cards,,1000-2000,570000000,Series C,400000000,2021-08,SoftBank Vision Fund 2; SoftBank Latin America Fund; Sequoia China; Redpoint; IDG (press),2000000000,Reported,CBN payments / MMO-class licences (verify current CBN PSP list),CBN MMO and/or PSSP/PTSP/Super-Agent; NDPR; CAC.,PalmPay; Moniepoint; Paga; FairMoney; Kuda,"Dense agent network, float, and handset/ecosystem distribution. UI is copyable; capital and licences are not.",1,"Agent network, float, and CBN licences are the moat. UI is copyable; distribution and capital are not.",High,Estimate: 6-9 mo wallet MVP on partner rails; 3-5 years licensed agent network at national scale,Regulation; FX; agent fraud; float risk; competition,"Offer agent network analytics, AML transaction monitoring, or merchant settlement automation as a vendor to OPay-scale operators or their ISVs.",High,https://ln247.news/top-10-most-funded-nigerian-startups-as-of-august-2023/; https://www.linkedin.com/company/opay; https://www.linkedin.com/in/olu-akanmu-88280a; https://urbangeekz.com/2026/08/from-flutterwave-to-moove-meet-the-founders-behind-10-african-unicorns/,2026-09-25,"Move, store, or lend money with less friction and more compliance confidence.","Consumers, SMEs, merchants, or developers needing payment/credit rails.",Unknown,CBN payments / MMO-class licences (verify current CBN PSP list),Listed,2026-09-25,PalmPay; Moniepoint (TeamApt); Paga,2021-08,Funding,https://ln247.news/top-10-most-funded-nigerian-startups-as-of-august-2023/,,Fintech,Payments|Agent banking,Lagos,,Unknown,,Yes,agent-network; payments; super-app
3,Flutterwave,Fintech,Payment gateway and cross-border payment infrastructure for African businesses.,https://flutterwave.com,https://www.linkedin.com/company/flutterwave,https://x.com/flutterwave,Olugbenga Agboola; Iyinoluwa Aboyeji; Adeleke Adekoya,Olugbenga Agboola,San Francisco / Lagos,San Francisco / Lagos,USA / Nigeria,Nigeria; multiple African and global corridors,Flutterwave Technology Solutions Limited (NG filings vary; verify),2016,Active,None,,,,B2B; B2B2C payments infrastructure,"Merchants, platforms, enterprises, developers",Checkout; payment links; transfers/payouts; store; invoices; APIs; virtual cards,Public developer APIs; multi-currency checkout (company site),501-1000,474960000,Series D,250000000,2022-01,Tiger Global; Avenir; Salesforce Ventures; Visa; Google (historical press),3200000000,Reported,CBN PSSP / payments licences as applicable; PCI-DSS,CBN PSSP/Switching as applicable; PCI-DSS; NDPR.,Paystack; Interswitch; Zone; Nomba; global gateways,"Bank integrations, multi-market licences, brand trust, and developer distribution. Gateway UX alone is not the moat.",1,"Gateway tech is buildable; bank integrations, multi-market licences, and trust take years.",High,Estimate: 4-8 mo thin PSP MVP with partner bank; 3-7 years multi-country licensed rails,Regulation; FX; compliance incidents; bank partnership concentration,"Build reconciliation, dispute automation, or industry checkout plugins on Flutterwave APIs; sell ops/ML tooling to merchants already on Flutterwave rather than competing on acquiring.",High,https://www.cbinsights.com/company/flutterwave/financials; https://flutterwave.com; https://www.linkedin.com/in/gbagboola; https://mono.co/blog/flutterwave-mono-acquisition,2026-09-25,"Move, store, or lend money with less friction and more compliance confidence.","Consumers, SMEs, merchants, or developers needing payment/credit rails.",Unknown,CBN PSSP / payments licences as applicable; PCI-DSS,Listed,2026-09-25,Paystack; Interswitch; Fincra,2022-01,Funding,https://www.cbinsights.com/company/flutterwave/financials,https://www.linkedin.com/in/gbagboola; https://www.linkedin.com/in/eaboyeji,Fintech,Payments|Cross-border,Lagos,,Unknown,,Yes,payments; cross-border; API
4,Moove,Fintech,Revenue-based vehicle financing for ride-hailing and mobility drivers.,https://www.moove.io,https://www.linkedin.com/company/mooveio,,Ladi Delano; Jide Odunsi,Ladi Delano,UAE HQ / Nigeria-founded,Dubai / Lagos-founded,UAE / Nigeria roots,Nigeria; multiple mobility markets (press),,2020,Active,None,,,,B2B2C; asset finance,Ride-hailing and mobility drivers; fleet partners,Revenue-based vehicle financing; driver mobility finance,,,445000000,Series / growth (press cumulative; verify overlap),100000000,2024-03,Undisclosed in this compile for full list; see press roundups,Undisclosed,Undisclosed,Vehicle finance / mobility licences market-by-market (verify); not a CBN MMO,CBN lending/finance or partner bank; hire-purchase; NAICOM; multi-market lending.,Local hire-purchase lenders; OEM captive finance; other mobility financiers,"Vehicle capital, OEM/Uber-style partnerships, and multi-country lending licences. Not a pure software clone.",1,"Needs vehicle capital, OEM/Uber partnerships, and multi-country finance licences. Note: total combines LN247 Aug 2023 cumulative ($335M) plus 2024 disclosed ~$110M; verify overlap before relying.",High,Estimate: 9-12 mo underwriting MVP with partner capital; years for balance-sheet vehicle finance at scale,Credit risk; FX; vehicle residual value; partnership concentration; multi-market regs,"Sell driver scoring, telematics analytics, or collections automation to mobility financiers; do not try to fund vehicles yourself.",Med,https://ln247.news/top-10-most-funded-nigerian-startups-as-of-august-2023/; https://nairametrics.com/2025/02/25/top-10-nigerian-startups-by-funds-raised-in-2024/; https://urbangeekz.com/2026/08/from-flutterwave-to-moove-meet-the-founders-behind-10-african-unicorns/,2026-09-25,"Move, store, or lend money with less friction and more compliance confidence.","Consumers, SMEs, merchants, or developers needing payment/credit rails.",Unknown,Vehicle finance / mobility licences market-by-market (verify); not a CBN MMO,Unknown,2026-09-25,OPay; Flutterwave; Moniepoint (TeamApt),2024-03,Funding,https://ln247.news/top-10-most-funded-nigerian-startups-as-of-august-2023/,https://www.linkedin.com/in/ladidelano,Fintech,Mobility|Asset finance,Lagos,,Unknown,,Yes,mobility; asset-finance; debt-heavy
5,Andela,Other Tech,Remote engineering talent marketplace connecting African engineers to global companies.,https://andela.com,https://www.linkedin.com/company/andela,https://x.com/Andela,Jeremy Johnson; Iyinoluwa Aboyeji; Nadayar Enegesi; Brice Nkengsa; Ian Carnevale; Christina Sass,Jeremy Johnson (co-founder; leadership changes over time - verify current),NYC / Lagos-rooted,New York / Lagos-rooted,USA / Nigeria roots,Nigeria; Kenya; Uganda; Rwanda; global remote talent markets,,2014,Active,None,,,,B2B marketplace; talent services,Global enterprises hiring remote engineers,Engineering talent marketplace; staffing / embedding,,,381000000,Growth (historical unicorn path),,,SoftBank Vision Fund; Generation Investment; Spark Capital (historical press),1500000000,Reported,Talent marketplace; employer/immigration compliance not CBN payments,CAC; labour/immigration; NDPR.,Turing; Toptal; local outsourcing firms; other Africa talent platforms,"Brand, training pipeline, and enterprise sales relationships. Matching UI is buildable.",2,"Matching platform buildable; brand, training pipeline, and enterprise sales are hard.",Med,Estimate: 3-6 mo niche talent MVP; 2-4 years enterprise brand at Andela scale,Talent supply competition; enterprise sales cycles; FX for payroll,"Offer skills assessment ML, interview automation, or Nigeria-market recruiting ops tooling to talent platforms and their enterprise clients.",High,https://ln247.news/top-10-most-funded-nigerian-startups-as-of-august-2023/; https://andela.com; https://urbangeekz.com/2026/08/from-flutterwave-to-moove-meet-the-founders-behind-10-african-unicorns/,2026-09-25,Buy a tech-enabled service that replaces a manual process.,Enterprises outsourcing a complex service.,Unknown,Talent marketplace; employer/immigration compliance not CBN payments,Unknown,2026-09-25,Lumos Global; iSON Xperiences; Wakanow,,,,https://www.linkedin.com/in/eaboyeji; https://www.linkedin.com/in/jeremiahjohnson; https://www.linkedin.com/in/nadayar,Other Tech,Talent|Workforce,Lagos,,Unknown,,Unknown,talent; remote-work; HR
6,Moniepoint (TeamApt),Fintech,"SME banking, POS acquiring, payments, credit, and business tools.",https://moniepoint.com,https://www.linkedin.com/company/moniepoint-inc,https://x.com/moniepoint,Tosin Eniolorunda; Felix Ike,Tosin Eniolorunda,London / Lagos,London / Lagos,UK / Nigeria,Nigeria (core); expanding Africa / diaspora remittance (MonieWorld UK),Moniepoint Inc. (formerly TeamApt Inc.),2015,Active,None,,,,B2B; B2C; business banking + payments,"MSMEs, merchants, personal banking customers",POS acquiring; business banking; personal banking; credit; FX; bookkeeping; remittance (MonieWorld),,,328158694,Series C,200000000,2025-10,Development Partners International (ADP III); LeapFrog; Lightrock; Google Africa Investment Fund; Visa; IFC; Proparco; Swedfund; Verod; QED; Novastar; BII; FMO; Endeavor Catalyst,Undisclosed,Undisclosed,CBN Microfinance Bank; payments / Super-Agent / PSSP-class (verify live CBN lists),CBN Microfinance Bank; PSSP/PTSP/Super-Agent; NDPR.,OPay; PalmPay; Nomba; Paga; traditional banks' SME suites,"Agent/POS density, MFB licence, profitable scale at unicorn status (company/press claims). Software layer replicable; distribution and licence are not.",1,Agent/POS network and MFB licence are the moat. Software layer is replicable.,High,Estimate: 6-12 mo merchant tools MVP on partner rails; 4-8 years licensed national POS+banking franchise,Regulation; FX; agent fraud; credit risk; concentration in Nigeria,"Sell bookkeeping/tax automation, credit decisioning features, or agent performance analytics as ISV integrations around Moniepoint merchants; pitch ML dispute/fraud ops tooling to similar MFB/POS players.",High,https://linkedin.com/company/moniepoint-inc; https://moniepoint.com; https://moniepoint.com/blog/moniepoint-announces-successful-completion-of-usdollar200-million-series-c-round-to-power-financial-inclusion; https://techcrunch.com/2024/10/29/google-dpi-backs-moniepoint-in-110m-round/; https://www.linkedin.com/company/moniepoint-inc,2026-09-25,"Move, store, or lend money with less friction and more compliance confidence.","Consumers, SMEs, merchants, or developers needing payment/credit rails.",Unknown,CBN Microfinance Bank; payments / Super-Agent / PSSP-class (verify live CBN lists),Listed,2026-09-25,OPay; Flutterwave; Moove,2025-10,Funding,https://linkedin.com/company/moniepoint-inc,https://www.linkedin.com/in/tosin-eniolorunda-46833618; https://www.linkedin.com/in/felix-ike-b9747158,Fintech,Payments|SME banking,Lagos,,Unknown,,No,agent-network; SME-banking; POS
7,Interswitch,Fintech,"Integrated digital payments, switching, cards, and commerce (Verve, Quickteller).",https://www.interswitchgroup.com,https://www.linkedin.com/company/interswitch-limited,,Mitchell Elegbe,Mitchell Elegbe,"Lagos, Nigeria",Lagos,Nigeria,Nigeria; other African markets,,2002,Active,None,,,,B2B; payments infrastructure,"Banks, merchants, governments, consumers (Quickteller)",Switching; Verve cards; Quickteller; merchant acquiring; commerce rails,,,310000000,PE / growth (historical),,,Visa; Helios (historical press),1000000000,Reported,CBN Switching and Processing,CBN Switching and Processing; PCI-DSS; NDPR.,Flutterwave; Paystack; NIBSS; Zone,Incumbent switch relationships with banks and card scheme position (Verve). Extremely hard to displace.,1,Incumbent switch with bank relationships. Extremely hard to displace.,High,Estimate: not realistic for a small builder to replicate switching; adjacent products 6-18 mo,Regulation; bank partnership politics; tech modernization pressure,"Build merchant analytics, bill-pay UX layers, or reconciliation bots on Quickteller/Interswitch merchant APIs rather than attempting a competing national switch.",High,https://technext24.com/reviews/nigeria-tops-funded-african-startups/; https://www.interswitchgroup.com; https://www.linkedin.com/in/mitchell-elegbe-502aba128; https://www.startuplist.africa/people/mitchell-elegbe,2026-09-25,"Move, store, or lend money with less friction and more compliance confidence.","Consumers, SMEs, merchants, or developers needing payment/credit rails.",Unknown,CBN Switching and Processing,Listed,2026-09-25,OPay; Flutterwave; Moove,,,,https://www.linkedin.com/in/mitchell-elegbe-502aba128,Fintech,Payments|Switching,Lagos,,Unknown,,Unknown,switching; cards; payments-infra
8,PalmPay,Fintech,"Mobile wallet, agent network, merchant payments (Transsion-backed).",https://www.palmpay.com,https://www.linkedin.com/company/palmpay,https://x.com/PalmPayNG,,Chika Nwosu,"Lagos, Nigeria",Lagos,Nigeria,Nigeria; other African markets (press),,2019,Active,None,,,,B2C; B2B; mobile wallet,"Consumers, agents, merchants",Mobile wallet; agent network; merchant payments,,,140000000,Growth / raise talks (2025 press; treat closed totals carefully),40000000,2019-11,Transsion-backed (corporate lineage),Undisclosed,Undisclosed,CBN MMO/PSSP/PTSP/Super-Agent class (verify lists),CBN MMO/PSSP/PTSP/Super-Agent; NDPR.,OPay; Moniepoint; Paga; Kuda,Handset OEM (Transsion) distribution is a distinctive moat versus pure software wallets.,1,Handset OEM distribution is a unique moat. Press reported further raise talks in 2025; $140M is the firmly disclosed earlier total used here.,High,Estimate: 6-9 mo wallet MVP; years for agent density without OEM channel,Regulation; FX; competition; further raise uncertainty,"Provide merchant loyalty, agent compliance training platforms, or settlement analytics to wallet operators and their large merchant cohorts.",High,https://linkedin.com/company/palmpay; https://techcrunch.com/2025/06/05/profitable-african-fintech-palmpay-is-in-talks-to-raise-as-much-as-100m/; https://www.linkedin.com/company/palmpay; https://techcrunch.com/2019/11/12/palmpay-launches-in-nigeria-on-40m-round-led-by-chinas-transsion/; https://en.wikipedia.org/wiki/PalmPay; https://technext24.com/interview/palmpays-revolutionary-banking-drive/,2026-09-25,"Move, store, or lend money with less friction and more compliance confidence.","Consumers, SMEs, merchants, or developers needing payment/credit rails.",Unknown,CBN MMO/PSSP/PTSP/Super-Agent class (verify lists),Listed,2026-09-25,OPay; Moniepoint (TeamApt); FairMoney,2019-11,Funding,https://linkedin.com/company/palmpay,,Fintech,Payments|Agent banking,Lagos,,Unknown,,Yes,agent-network; wallet; payments
9,Lumos Global,Other Tech,Pay-as-you-go off-grid solar home systems.,https://www.lumos-global.com,https://www.linkedin.com/company/lumos-global,,Nir Marom; Davidi Vortman,"Alistair Gordon (Group CEO, press 2020); Renée Comoë Seka listed as CEO on LinkedIn (verify current)",Netherlands / Nigeria ops,Amstelveen (group) / Lagos ops,Netherlands / Nigeria ops,,,2012,Active,None,,,,B2C; PAYG energy,Off-grid households,Pay-as-you-go solar home systems,,,125000000,Debt / DFI facility,35000000,2020-09,DFC; FMO; OPIC (historical); Pembani Remgro; All On; MTN (partner),Undisclosed,Undisclosed,,NERC/electricity; consumer credit partners; NDPR.,d.light-class PAYG; local solar distributors,Hardware plus consumer credit plus field ops. Capital intensive.,1,Hardware plus consumer credit plus field ops. Capital intensive.,High,Estimate: 12+ mo field pilot; years for national PAYG book,Credit risk; hardware supply; FX; field ops,"Sell PAYG scoring, remote monitoring dashboards, or collections workflows to solar distributors.",High,https://ln247.news/top-10-most-funded-nigerian-startups-as-of-august-2023/; https://www.lumos-global.com/; https://www.pv-magazine.com/2020/09/29/lumos-receives-35-million-from-dfc-to-expand-renewable-energy-access-to-over-1-million-nigerians/; https://www.howwemadeitinafrica.com/p/the-journey-so-far-nir-marom-co-founder-and-president-lumos-global; https://ashden.org/awards/winners/lumos-global/,2026-09-25,Buy a tech-enabled service that replaces a manual process.,Enterprises outsourcing a complex service.,Unknown,,Unknown,,Andela; iSON Xperiences; Wakanow,2020-09,Funding,https://ln247.news/top-10-most-funded-nigerian-startups-as-of-august-2023/,,Other Tech,Services / other,Lagos,,Unknown,,Yes,energy-PAYG; off-grid
10,TradeDepot,Marketplace,B2B commerce connecting brands to informal retail with credit and logistics.,https://tradedepot.co,https://www.linkedin.com/company/tradedepot,,Onyekachi Izukanne,Onyekachi Izukanne,"Lagos, Nigeria",Lagos,Nigeria,Nigeria,,2016,Active,None,,,,B2B marketplace; embedded credit,FMCG brands and informal retail,B2B commerce; credit; logistics for informal retail,,,123000000,,,,,Undisclosed,Undisclosed,,CAC; CBN finance partner if lending; NDPR.,Omnibiz; Sabi; traditional distributors,Working capital and city-level distribution density. Software is doable; float is not.,2,Needs working capital and distribution density. Software is doable; float is not.,High,Estimate: 6-9 mo marketplace MVP; 3-5 years float-backed city density,Working capital; FX; credit losses; logistics,"Offer demand forecasting, route optimization, or retailer KYC/credit models to B2B commerce players.",High,https://ln247.news/top-10-most-funded-nigerian-startups-as-of-august-2023/; https://www.linkedin.com/company/tradedepot,2026-09-25,Discover and transact goods/services with trust and logistics support.,Buyers and sellers in a category with thin offline alternatives.,Unknown,,Unknown,,Omnibiz; Vendease,,,,https://www.linkedin.com/in/kachizukanne,Marketplace,B2B commerce|FMCG,Lagos,,Unknown,,Unknown,B2B-commerce; FMCG; credit
11,Kuda,Fintech,"Digital retail bank with app-based accounts, cards, and savings.",https://kuda.com,https://www.linkedin.com/company/joinkuda,https://x.com/kudaBI,Babs Ogundeyi; Musty Mustapha,Babs Ogundeyi,Lagos / London,Lagos / London,Nigeria / UK,Nigeria; UK-linked,,2019,Active,None,,,,B2C digital bank,Retail consumers,Accounts; cards; savings; loans; budgeting,,501-1000,91617000,Series B,55000000,2021-08,Target Global; Valar Ventures (press),Undisclosed,Undisclosed,CBN Microfinance Bank (company claims),CBN banking or MFB; NDIC; NDPR; card schemes.,FairMoney; Carbon; traditional banks' digital apps; OPay,"Banking licence path, deposit franchise, and brand. App UX alone is not the product.",1,Full banking licence path is years of capital and compliance. App UX alone is not the product.,High,Estimate: 6 mo neoapp on partner bank; 4-8 years full licensed digital bank,Regulation; funding cost; credit risk; FX,"Sell personal finance insights, collections ML, or card dispute automation to digital banks and MFBs.",High,https://ln247.news/top-10-most-funded-nigerian-startups-as-of-august-2023/; https://kuda.com; https://www.linkedin.com/in/babsogundeyi,2026-09-25,"Move, store, or lend money with less friction and more compliance confidence.","Consumers, SMEs, merchants, or developers needing payment/credit rails.",Unknown,CBN Microfinance Bank (company claims),Listed,2026-09-25,Carbon; FairMoney; Umba,2021-08,Funding,https://ln247.news/top-10-most-funded-nigerian-startups-as-of-august-2023/,https://www.linkedin.com/in/babsogundeyi; https://www.linkedin.com/in/mustaphamo,Fintech,Digital bank|Retail,Lagos,,Unknown,,Yes,neobank; retail-banking
12,Yellow Card,Fintech,Crypto on/off-ramp and exchange for African markets; shifting to B2B treasury/stablecoins.,https://yellowcard.io,https://www.linkedin.com/company/yellowcard,,Chris Maurice,Chris Maurice,Atlanta / Lagos-launched,Atlanta / Lagos-launched,USA / Nigeria roots,Multiple African markets,,2018,Active,None,,,,B2B; B2C crypto on/off-ramp,Retail (historical); B2B treasury/stablecoin clients (pivot),Crypto on/off-ramp; stablecoin rails; B2B treasury,,,88000000,Series C,33000000,2024-10,Blockchain Capital; Polychain; Third Prime; Castle Island; Block; Galaxy; Winklevoss Capital; Hutt Capital,Undisclosed,Undisclosed,VASP / local licences market-by-market (company claims licensed stablecoin ramp; verify jurisdictions),SEC Nigeria digital assets where applicable; CBN crypto circulars; VASP/MSB abroad; NDPR.,Local VASPs; global crypto ramps; bank FX desks,Multi-country licensing and banking partners. Exchange UI is buildable.,2,Exchange product buildable; multi-country VASP licensing and banking partners are hard.,High,Estimate: 6-12 mo single-market MVP; years for multi-country VASP stack,Crypto regulation; banking off-ramps; FX; compliance,"Provide compliance monitoring, B2B treasury dashboards, or reconciliation for firms using stablecoin settlement into Nigeria.",High,https://nairametrics.com/2025/02/25/top-10-nigerian-startups-by-funds-raised-in-2024/; https://yellowcard.io/blog/yellow-card-closes-us-33m-series-c-funding-round-to-drive-global-expansion-and-strategic-initiatives; https://techcrunch.com/2024/10/16/african-crypto-startup-yellow-card-raises-33m-led-by-blockchain-capital-to-scale-its-b2b-pivot/,2026-09-25,"Move, store, or lend money with less friction and more compliance confidence.","Consumers, SMEs, merchants, or developers needing payment/credit rails.",Unknown,VASP / local licences market-by-market (company claims licensed stablecoin ramp; verify jurisdictions),Listed,2026-09-25,OPay; Flutterwave; Moove,2024-10,Funding,https://nairametrics.com/2025/02/25/top-10-nigerian-startups-by-funds-raised-in-2024/,https://www.linkedin.com/in/chrismaurice18,Fintech,Crypto|On-ramp,Lagos,,Unknown,,Yes,crypto; on-ramp; cross-border
13,LemFi,Fintech,Cross-border remittance and multi-currency accounts for diaspora.,https://lemfi.com,https://www.linkedin.com/company/lemfi,,Ridwan Olalere; Rian Cochran,Ridwan Olalere,UK / Nigeria-linked,London,UK / Nigeria-linked,UK; North America corridors; emerging-market payouts incl. Nigeria,,2021,Active,None,,,,B2C remittance; multi-currency accounts,Diaspora / immigrant communities,Remittance; multi-currency accounts,,201-500,85000000,Series B,53000000,2025-01,Highland Europe; Left Lane Capital; Palm Drive Capital; Y Combinator; Endeavor Catalyst,Undisclosed,Undisclosed,FCA / money transmission in operating markets (verify); CBN remittance rules for NG payouts,FCA and money transmission licences; CBN remittance rules; AML; NDPR.,Sendwave-class; Wise; Grey; Afriex; traditional IMTOs,Corridor licences and banking partners matter more than app UI.,2,Corridor licences and banking partners matter more than app UI. Formerly Lemonade Finance (rebranded May 2023; same legal/product entity). Canonical ranked row after 2026-09-25 dedupe — Lemonade Finance removed from Ranked and filed in Directory as alias. Do not double-count funding: LemFi Total_Disclosed_Funding_USD=85000000 is the cumulative disclosed figure; legacy Lemonade ranked total (32700000) overlapped and is retired. Pre-seed YC round kept under LemFi in funding_rounds.,High,Estimate: 6-9 mo single-corridor MVP with partners; 3-5 years multi-licence diaspora bank,AML; FX; licensing; corridor competition,"Build payout partner orchestration, FX insight tooling, or compliance case management for remittance firms serving Nigeria corridors.",High,https://nairametrics.com/2025/05/31/nigerias-startups-raised-over-100-million-in-q1-2025-here-are-the-top-10-deals/; https://techcrunch.com/2025/01/13/lemfi-moves-remittances-further-into-asia-and-europe-with-53m-in-new-funding/; https://www.highlandeurope.com/lemfi-has-secured-53m-in-series-b-funding-led-by-highland-europe/; https://disruptafrica.com/2023/05/31/nigerias-lemonade-finance-rebrands-to-lemfi-as-it-expands-vision/; https://techcabal.com/2023/05/29/from-lemonade-finance-to-lemfi-international-payments-for-everyone/; https://www.ycombinator.com/companies/lemfi; https://www.prnewswire.com/news-releases/lemfi-raises-33-million-to-transform-financial-services-for-immigrants-everywhere-301908843.html,2026-09-25,"Move, store, or lend money with less friction and more compliance confidence.","Consumers, SMEs, merchants, or developers needing payment/credit rails.",Unknown,FCA / money transmission in operating markets (verify); CBN remittance rules for NG payouts,Listed,2026-09-25,Afriex; Grey; Raenest,2025-01,Funding,https://nairametrics.com/2025/05/31/nigerias-startups-raised-over-100-million-in-q1-2025-here-are-the-top-10-deals/,https://www.linkedin.com/in/darilldrems,Fintech,Payments|Cross-border|Remittance,Lagos,,Unknown,,Yes,remittance; cross-border; multi-currency
14,Helium Health,Healthtech,"EMR, hospital OS, financing, and health infrastructure software.",https://heliumhealth.com,https://www.linkedin.com/company/heliumhealth,,Adegoke Olubusi; Dimeji Sofowora; Ralph Oluwole,Adegoke Olubusi,"Lagos, Nigeria",Lagos,Nigeria,Nigeria; other African markets,,2016,Active,None,,,,B2B SaaS; health infrastructure,"Hospitals, clinics, health systems",EMR; hospital OS; financing; health infrastructure software,,,82670000,Series B-class (press $30M 2023),30000000,2023-06,AXA IM; Anne Wojcicki (press); Y Combinator; Tencent; Gates Foundation (company about page historical),Undisclosed,Undisclosed,Health data / facility partners; not a NAICOM risk carrier by default,CAC; health data rules; NDPR.,Local HIS vendors; paper workflows; global EMR light tools,Hospital sales cycles and clinical trust. EMR features are buildable.,2,EMR features buildable; hospital sales cycles and clinical trust are slow.,Med,Estimate: 6-12 mo EMR MVP; 3-5 years multi-country hospital footprint,Long sales cycles; health data regulation; collections,"Sell clinical NLP (African accents), claims automation, or interoperability connectors to hospital groups already on Helium-class stacks.",High,https://linkedin.com/company/heliumhealth; https://techcrunch.com/2023/06/05/helium-health-gets-30m-backed-by-axa-im-and-23andmes-anne-wojcicki/; https://heliumhealth.com/about-us/; https://www.goke.fyi/,2026-09-25,"Deliver or finance care with better records, supply, or access.","Providers, patients, employers, or pharma supply actors.",Unknown,Health data / facility partners; not a NAICOM risk carrier by default,Unknown,2026-09-25,Reliance Health; 54gene; Field,2023-06,Funding,https://linkedin.com/company/heliumhealth,https://www.linkedin.com/in/adegokeolubusi,Healthtech,Healthtech|EMR,Lagos,,Unknown,,Yes,EMR; healthtech; hospital-OS
15,Konga,Marketplace,Nigerian e-commerce marketplace with payments and logistics verticals.,https://www.konga.com,,,Sim Shagaya,Nnamdi Ekeh,"Lagos, Nigeria",Lagos,Nigeria,Nigeria,,2012,Active,None,,,,Marketplace; B2C,Nigerian consumers and sellers,E-commerce marketplace; payments/logistics verticals,,,79500000,,,,,Undisclosed,Undisclosed,,CAC; consumer protection; PSP partners; NDPR.,Jumia; Jiji; social commerce,Logistics and seller trust. Pure software clone is insufficient.,2,Logistics and seller trust dominate. Pure software clone is insufficient.,High,Estimate: 6-12 mo niche storefront; years for national marketplace liquidity,Logistics cost; unit economics; competition from social commerce,"Provide seller tooling, returns fraud detection, or category pricing intelligence to Konga sellers and Nigerian marketplaces.",Med,https://ln247.news/top-10-most-funded-nigerian-startups-as-of-august-2023/; https://en.wikipedia.org/wiki/Konga.com; https://en.wikipedia.org/wiki/Sim_Shagaya,2026-09-25,Discover and transact goods/services with trust and logistics support.,Buyers and sellers in a category with thin offline alternatives.,Unknown,,Unknown,,Jumia; TradeDepot; Vendease,,,,https://www.linkedin.com/in/simdul,Marketplace,E-commerce,Lagos,,Unknown,,Unknown,marketplace; logistics
16,ThriveAgric,Agritech,"Tech-enabled farmer financing, inputs, and offtake.",https://thriveagric.com,https://www.linkedin.com/company/thriveagric,,Uka Eje,Uka Eje,Abuja / Nigeria,Abuja,Nigeria,,,2016,Active,None,,,,B2B; ag financing + offtake,Smallholder farmers; offtakers,Farmer financing; inputs; offtake,,,65400000,,,,,Undisclosed,Undisclosed,,CBN finance/lending or partner banks; NDPR.,Other agfintechs; banks' agric desks,Credit book plus field ops plus commodity risk. Debt-heavy.,2,Credit book plus field ops plus commodity risk. Debt-heavy.,High,Estimate: 9-12 mo pilot with partner capital; years for national farmer book,Commodity price; credit; climate; FX,"Sell satellite/field verification, credit scoring, or offtake matching tools to ag lenders.",Med,https://ln247.news/top-10-most-funded-nigerian-startups-as-of-august-2023/; https://www.thriveagric.com/; https://thriveagric.com/management; https://restofworld.org/2023/3-minutes-with-uka-eje/; https://thriveagric.com/resources/hectare/thrive-agric-records-successful-oversubscribed-debut-with-5-3-billion-commercial-paper-issuance,2026-09-25,"Finance, input, offtake, or logistics for smallholder productivity.","Smallholders, aggregators, or agri-lenders.",Unknown,,Unknown,,Tomato Jos; Winich Farms; Farmcrowdy,,,,https://www.linkedin.com/in/ukaeje,Agritech,Farmer financing,Abuja,,Unknown,,Unknown,agritech; farmer-finance
17,FairMoney,Fintech,Digital lending and microfinance bank services.,https://fairmoney.io,https://www.linkedin.com/company/fairmoney,,Laurin Nabuko Hainy,Laurin Nabuko Hainy,Lagos / Netherlands roots,Lagos,Nigeria / Netherlands roots,Nigeria,,2017,Active,None,,,,B2C digital lending / MFB,Retail and SME borrowers,Instant loans; microfinance bank accounts,,701-800,57400000,,,,,Undisclosed,Undisclosed,CBN Microfinance Bank,CBN Microfinance Bank; credit bureaus; NDPR.,Carbon; Kuda; Branch-class lenders; FCCPC DMLs,"MFB licence, collections, and cost of capital decide winners. Credit apps are common.",2,"Credit apps are common; MFB licence, collections, and cost of capital decide winners.",High,Estimate: 3-6 mo lending MVP via FCCPC DML partner path; years for MFB at scale,Credit risk; regulation; collections conduct; FX funding,"Offer underwriting feature stores, affordable collections SaaS, or model monitoring to digital lenders (see also BFREE-class buyers).",High,https://technext24.com/reviews/nigeria-tops-funded-african-startups/; https://www.linkedin.com/in/laurin-nabuko-hainy-03a5b862,2026-09-25,"Move, store, or lend money with less friction and more compliance confidence.","Consumers, SMEs, merchants, or developers needing payment/credit rails.",Unknown,CBN Microfinance Bank,Listed,2026-09-25,OPay; Flutterwave; Moove,,,,https://www.linkedin.com/in/laurin-nabuko-hainy-03a5b862,Fintech,Payments,Lagos,,Unknown,,Unknown,credit; MFB; lending
18,iSON Xperiences,Other Tech,Customer experience and BPO/tech services for enterprises.,https://isonxperiences.com/,https://www.linkedin.com/company/isonxperiences,,Pravin Kumar,"Vitul Kwatra (Global CEO from 2024); Pravin Kumar (founder, Vice-Chairman)",Nigeria / multi-country,"Dubai (HQ) / Nigeria ops (Ibadan, Abeokuta, Ilorin)",UAE / Nigeria,,,Unknown,Active,None,,,,B2B services; BPO/tech,Enterprises needing CX/BPO,Customer experience and BPO/tech services,,10001+,51000000,,,,,Undisclosed,Undisclosed,,CAC; labour; NDPR.,Other African CXM/BPO providers,Services business with tech overlay; not a pure product play.,3,Services business with tech overlay; not a pure product play.,Med,Estimate: services businesses scale with hiring; product overlay 6-12 mo,Labour; client concentration,"Sell QA automation, speech analytics, or workforce tooling into BPO operators.",Med,https://technext24.com/reviews/nigeria-tops-funded-african-startups/; https://isonxperiences.com/about-us/; https://www.startuplist.africa/people/pravin-kumar; https://www.outsourceaccelerator.com/company/ison-xperiences/,2026-09-25,Buy a tech-enabled service that replaces a manual process.,Enterprises outsourcing a complex service.,Unknown,,Unknown,,Andela; Lumos Global; Wakanow,,,,,Other Tech,Services / other,Ibadan,,Unknown,,Unknown,other
19,Reliance Health,Healthtech,Digital HMO / health insurance and care access platform.,https://www.getreliancehealth.com,https://www.linkedin.com/company/reliancehealth,,Femi Kuti; Opeyemi Olumekun,Femi Kuti,"Lagos, Nigeria",Lagos,Nigeria,Nigeria; emerging markets expansion (press),,2018,Active,None,,,,B2B2C; digital HMO / insurance,Employers and members seeking health cover,Digital HMO; care access platform,,,48000000,Series B,40000000,2022-02,"General Atlantic (lead, press)",Undisclosed,Undisclosed,NAICOM HMO/insurance class (verify),NAICOM HMO/insurance; NDPR; CAC.,Traditional HMOs; other digital health insurers,Insurance underwriting plus provider networks. High regulatory barriers.,1,Insurance underwriting plus provider networks. High regulatory barriers.,High,Estimate: 12+ mo care-access MVP without risk; years for licensed HMO book,Medical loss ratio; regulation; provider fraud; FX,"Build claims NLP, provider network analytics, or employer benefits portals for HMOs.",High,https://www.businesswire.com/news/home/20220207005155/en/Reliance-Health-Raises-%2440M-in-Series-B-Led-by-General-Atlantic; https://www.getreliancehealth.com; https://www.linkedin.com/in/femikuti,2026-09-25,"Deliver or finance care with better records, supply, or access.","Providers, patients, employers, or pharma supply actors.",Unknown,NAICOM HMO/insurance class (verify),Listed,2026-09-25,Helium Health; 54gene; Field,2022-02,Funding,https://www.businesswire.com/news/home/20220207005155/en/Reliance-Health-Raises-%2440M-in-Series-B-Led-by-General-Atlantic,https://www.linkedin.com/in/femikuti,Healthtech,Insurtech|HMO,Lagos,,Unknown,,Yes,HMO; insurtech; healthtech
20,54gene,Healthtech,African genomics research and biobank platform (historical; operations wound down).,https://www.54gene.com,https://www.linkedin.com/company/54gene,,Abasi Ene-Obong; Ogochukwu Francis Osifo; Gatumi Aliyu; Damilola Oni,Abasi Ene-Obong (founder/CEO until Oct 2022); company later wound down,Lagos / US,Lagos / US,Nigeria / USA,,,2019,Shutdown,Shutdown,,2023,https://en.wikipedia.org/wiki/Abasi_Ene-Obong,B2B research; genomics,Research and biopharma partners (historical),African genomics research; biobank (historical),,,44650000,Series B,25000000,2021-09,Y Combinator; Adjuvant Capital; Cathay Innovation; Fifty Years; Endeavor,Undisclosed,Undisclosed,,Research ethics; health research rules; NDPR/genetic data.,Syndicate Bio (successor venture by founder); other genomics players,Lab infrastructure and ethics approvals. Not software-only.,1,Lab infrastructure and ethics approvals. Not software-only.,High,Estimate: not a software MVP category,Capex; ethics; funding; historical wind-down,Limited; study as a cautionary regulated science case. Adjacent: bioinformatics tooling for remaining African genomics labs.,High,https://technext24.com/reviews/nigeria-tops-funded-african-startups/; https://www.ycombinator.com/companies/54gene; https://en.wikipedia.org/wiki/Abasi_Ene-Obong; https://www.startuplist.africa/startups/54gene,2026-09-25,"Deliver or finance care with better records, supply, or access.","Providers, patients, employers, or pharma supply actors.",Unknown,,Unknown,,Helium Health; Reliance Health; Field,2021-09,Funding,https://technext24.com/reviews/nigeria-tops-funded-african-startups/,https://www.linkedin.com/in/abasieneobong,Healthtech,Care delivery,Lagos,,Unknown,,Yes,healthtech; genomics; shutdown
21,Nomba,Fintech,"Business payments, POS, and banking tools for merchants (formerly Kudi).",https://nomba.com,https://www.linkedin.com/company/nombahq,,Yinka Adewale,Yinka Adewale,"Lagos, Nigeria",Lagos,Nigeria,Nigeria,,2016,Active,None,,,,B2B payments; merchant banking tools,SMEs and merchants,POS; business payments; banking tools,,,42700000,Series A/B-class,30000000,2023-05,Base10 Partners; Shopify (press),Undisclosed,Undisclosed,CBN PSSP/PTSP/MMO/MFB as held (verify lists),CBN PSSP/PTSP/MMO/MFB as held; NDPR.,Moniepoint; OPay; PalmPay; Paystack,Agent density and licences in a crowded POS/wallet market.,2,POS plus wallet competition is crowded; agent density and licences matter.,High,Estimate: 4-8 mo merchant payments MVP; years for licensed national POS net,Competition; regulation; device float; FX,"Sell inventory+payments bundles, POS telematics, or SME credit models to merchant acquirers.",High,https://techcrunch.com/2023/05/02/african-payment-service-provider-nomba-raises-30m-backed-by-base10-partners-and-shopify/; https://nomba.com; https://www.linkedin.com/in/yinka-adewale-7b779448,2026-09-25,"Move, store, or lend money with less friction and more compliance confidence.","Consumers, SMEs, merchants, or developers needing payment/credit rails.",Unknown,CBN PSSP/PTSP/MMO/MFB as held (verify lists),Listed,2026-09-25,OPay; Flutterwave; Moove,2023-05,Funding,https://techcrunch.com/2023/05/02/african-payment-service-provider-nomba-raises-30m-backed-by-base10-partners-and-shopify/,https://www.linkedin.com/in/yinka-adewale-7b779448,Fintech,Payments,Lagos,,Unknown,,Yes,POS; payments; MFB
22,Wakanow,Other Tech,"Online travel agency for flights, hotels, and African travel.",https://www.wakanow.com,https://www.linkedin.com/company/wakanow,,Obinna Ekezie; Ralph Tamuno,"Adenike Macaulay (CEO Wakanow Nigeria, from 2023); Bayo Adedeji (Group CEO, press)","Lagos, Nigeria",Lagos,Nigeria,,,2008,Active,None,,,,B2C; OTA,Travelers,Flights; hotels; African travel packages,,,40000000,,,,,Undisclosed,Undisclosed,,IATA/travel agency accreditations; CAC; NDPR.,Travelstart; local OTAs; airline direct,IATA accreditation and supplier deals dominate; OTA software is commodity.,3,OTA software is commodity; IATA accreditation and supplier deals are the barrier.,Med,Estimate: 3-6 mo OTA MVP with GDS partner; years for IATA + supplier depth,Supplier terms; FX; seasonality,"Sell dynamic packaging, fraud detection, or corporate travel portals to African OTAs.",Med,https://technext24.com/reviews/nigeria-tops-funded-african-startups/; https://www.wakanow.com; https://thenextweb.com/news/interview-with-obinna-ekezie-former-nba-player-and-ceo-wakanow-com-a-travel-reservation-website; https://investdata.com.ng/wakanow-group-names-adenike-macaulay-as-ceo-of-nigerian-arm/,2026-09-25,Buy a tech-enabled service that replaces a manual process.,Enterprises outsourcing a complex service.,Unknown,,Unknown,,Andela; Lumos Global; iSON Xperiences,,,,,Other Tech,Services / other,Lagos,,Unknown,,Unknown,other
23,MAX.ng,Logistics,Motorcycle-first mobility and logistics in Nigerian cities.,https://www.max.ng,https://www.linkedin.com/company/max-ng,,Adetayo Bamiduro; Chinedu Azodoh,Adetayo Bamiduro,"Lagos, Nigeria",Lagos,Nigeria,,,2015,Active,None,,,,B2C; B2B logistics marketplace,Riders and urban logistics customers,Motorcycle mobility; logistics,,,39200000,Series B,31000000,2021-12,Goodwater Capital; others (Series B press),Undisclosed,Undisclosed,,State transport permits; insurance; CAC; NDPR.,Gokada; traditional okada; delivery apps,Two-sided marketplace plus fleet ops plus city regulation.,2,Two-sided marketplace plus fleet ops plus city regulation.,High,Estimate: 4-8 mo city pilot; multi-year for multi-city density,City okada bans; insurance; safety,"Provide route optimization, rider safety scoring, or dispatch ML to bike logistics firms.",High,https://technext24.com/reviews/nigeria-tops-funded-african-startups/; https://techcrunch.com/2021/12/19/nigerian-mobility-tech-max-bags-31-million-in-series-b-round-set-to-expand-across-africa-build-ev-infrastructure/; https://africa.businessinsider.com/local/leaders/adetayo-bamiduro-ceo-of-metro-africa-xpress-discusses-the-mission-to-bring-the-future/pzdl6wz,2026-09-25,Move goods or people reliably with visibility and lower empty miles.,"Shippers, fleets, or urban riders/drivers.",Unknown,,Unknown,,Gokada; Moove,2021-12,Funding,https://technext24.com/reviews/nigeria-tops-funded-african-startups/,https://www.linkedin.com/in/adetayobamiduro,Logistics,Freight / mobility,Lagos,,Unknown,,Yes,mobility; logistics; last-mile
24,Kobo360,Logistics,Digital freight marketplace matching truck owners with cargo shippers.,https://www.kobo360.com,https://www.linkedin.com/company/kobo360,,Obi Ozor; Ife Oyedele II,Obi Ozor,"Lagos, Nigeria",Lagos,Nigeria,,,2017,Active,None,,,,B2B freight marketplace,Shippers and truck owners,Digital freight matching,,,37320000,Series A,20000000,2019-08,Goldman Sachs; Y Combinator; IFC (historical press),Undisclosed,Undisclosed,,CAC; haulage permits; insurance.,Traditional brokers; other freight tech,Working capital and insurance for trucking are harder than matching UI.,2,Freight matching buildable; working capital and insurance are hard.,High,Estimate: 6-9 mo matching MVP; years for financed freight book,Working capital; cargo risk; fuel FX,"Sell telematics analytics, invoice factoring ops tooling, or load-board integrations.",High,https://technext24.com/reviews/nigeria-tops-funded-african-startups/; http://www.kobo360.com; https://www.ycombinator.com/companies/kobo360; https://en.wikipedia.org/wiki/Kobo360; https://techcrunch.com/2019/08/14/goldman-sachs-leads-20-million-investment-in-african-logistics-startup-kobo360/,2026-09-25,Move goods or people reliably with visibility and lower empty miles.,"Shippers, fleets, or urban riders/drivers.",Unknown,,Unknown,,MAX.ng; Gokada; Chowdeck,2019-08,Funding,https://technext24.com/reviews/nigeria-tops-funded-african-startups/,https://www.linkedin.com/in/obi-ozor,Logistics,Freight / mobility,Lagos,,Unknown,,Yes,logistics; freight; marketplace
25,Migo,Fintech,Embedded consumer credit / instant loans via partners.,https://www.migo.com,https://www.linkedin.com/company/migomoney,,Ekechi Nwokah; Kunle Olukotun,,Lagos / US-linked,Lagos,Nigeria,,,2013,Active,None,,,,B2B2C embedded credit,Partners embedding consumer credit,Instant loans via partners,,,37138000,,,,,Undisclosed,Undisclosed,,CBN lending/MFB or partner bank; credit bureaus; NDPR.,Other embedded lenders; FCCPC DMLs,Partner distribution plus regulated lending.,2,Credit models and partner distribution; regulated lending is the constraint.,High,Estimate: 6-12 mo partner credit MVP; licence path longer,Credit; regulation; partner concentration,Build underwriting feature APIs or partner dashboards for embedded finance programs.,Med,https://technext24.com/reviews/nigeria-tops-funded-african-startups/; https://www.migo.ng/company/about; https://www.linkedin.com/company/migomoney,2026-09-25,"Move, store, or lend money with less friction and more compliance confidence.","Consumers, SMEs, merchants, or developers needing payment/credit rails.",Unknown,,Unknown,,OPay; Flutterwave; Moove,,,,,Fintech,Payments,Lagos,,Unknown,,Unknown,embedded-credit; credit-scoring
26,Paga,Fintech,Mobile money and payments ecosystem for consumers and businesses.,https://www.paga.com,https://www.linkedin.com/company/paga,,Tayo Oviosu,Tayo Oviosu,"Lagos, Nigeria",Lagos,Nigeria,Nigeria,Pagatech Limited,2009,Active,None,,,,B2C; B2B mobile money,Consumers and businesses,Mobile money; payments ecosystem,,,35000000,,,,,Undisclosed,Undisclosed,CBN MMO; NDIC insured (company site),CBN MMO; Super-Agent; NDPR.,OPay; PalmPay; bank USSD; Moniepoint,Early MMO incumbent; licence and agent network still matter.,2,Early MMO incumbent; licence and agent network still matter.,High,Estimate: 6-9 mo wallet on partner rails; years for licensed MMO,Regulation; agent fraud; competition,"Offer agent network tooling, merchant QR analytics, or reconciliation for MMO-class operators.",High,https://fintechnews.africa/41180/fintech-nigeria/here-are-the-top-5-fintech-startup-funding-rounds-in-nigeria/; https://www.paga.com; https://en.wikipedia.org/wiki/Tayo_Oviosu; https://mypaga.framer.website/leaders,2026-09-25,"Move, store, or lend money with less friction and more compliance confidence.","Consumers, SMEs, merchants, or developers needing payment/credit rails.",Unknown,CBN MMO; NDIC insured (company site),Listed,2026-09-25,OPay; Flutterwave; Moove,,,,https://www.linkedin.com/in/oviosu,Fintech,Payments,Lagos,,Unknown,,Unknown,mobile-money; agent-network
27,Vendease,Marketplace,Food procurement and supply-chain platform for restaurants.,https://vendease.com,https://www.linkedin.com/company/vendease,,Tunde Kara; Olumide Fayankin; Gatumi Aliyu; Wale Oyepeju,Olumide Fayankin,"Lagos, Nigeria",Lagos,Nigeria,,,2018,Active,None,,,,B2B marketplace,Restaurants and food suppliers,Food procurement; supply-chain platform,,,33200000,Series A-class,30000000,2022-09,Partech Africa; TLcom Capital; Y Combinator,Undisclosed,Undisclosed,,CAC; food safety; finance partners for supplier credit; NDPR.,Traditional foodservice distributors,Procurement marketplace plus cold chain working capital.,2,Procurement marketplace plus cold chain working capital.,High,Estimate: 6-9 mo procurement MVP; years for financed supply chain,Working capital; spoilage; FX,"Sell demand forecasting, supplier scoring, or kitchen inventory integrations to foodservice platforms.",High,https://techcabal.com/2022/09/26/vendease-raises-30-million-to-offer-procurement-services-across-africa/; https://vendease.com/; https://www.ycombinator.com/companies/vendease; https://techcrunch.com/2022/09/26/vendease-a-food-procurement-platform-for-african-restaurants-nabs-30m-led-by-partech-africa-and-tlcom/,2026-09-25,Discover and transact goods/services with trust and logistics support.,Buyers and sellers in a category with thin offline alternatives.,Unknown,,Unknown,,Jumia; TradeDepot; Konga,2022-09,Funding,https://techcabal.com/2022/09/26/vendease-raises-30-million-to-offer-procurement-services-across-africa/,,Marketplace,B2B commerce|Foodservice,Lagos,,Unknown,,Yes,B2B-commerce; foodservice
28,iROKOtv,Other Tech,African streaming / Nollywood content platform.,https://irokotv.com,,,Jason Njoku,Jason Njoku,Lagos / London,Lagos / London,Nigeria / UK,,,2010,Active,None,,,,B2C streaming,Nollywood / African content viewers,Streaming / Nollywood platform,,,30000000,,,,,Undisclosed,Undisclosed,,Content licensing; NCC as applicable; NDPR.,,Content rights are the moat; streaming stack is commodity.,3,Streaming stack is commodity; content rights are the moat.,Med,Estimate: 3-6 mo streaming MVP; years for rights library,Content costs; piracy; monetization,"Sell recommendation ML, subtitle/localization pipelines, or anti-piracy tooling to African streamers.",Med,https://technext24.com/reviews/nigeria-tops-funded-african-startups/,2026-09-25,Buy a tech-enabled service that replaces a manual process.,Enterprises outsourcing a complex service.,Unknown,,Unknown,,Andela; Lumos Global; iSON Xperiences,,,,https://www.linkedin.com/in/jasonnj,Other Tech,Services / other,Lagos,,Unknown,,Unknown,other
29,Beacon Power Services,Other Tech,Energy management software and analytics for utilities and mini-grids.,https://www.beaconpowerservices.com,https://www.linkedin.com/company/beacon-power-services,,Bimbola Adisa,Bimbola Adisa,US / Lagos ops,Lagos,Nigeria,,,Unknown,Active,None,,,,B2B SaaS; energy,Utilities and mini-grids,Energy management software and analytics,,,29800000,Series A,29800000,2024-11,Partech; Seedstars Africa Ventures (earlier); Proparco (press),Undisclosed,Undisclosed,,Utility procurement; NERC-adjacent; NDPR.,Grid utilities software peers; Odyssey Energy Solutions,Long utility sales cycles; more buildable than grid finance.,3,Utility software sales are long-cycle; more buildable than grid finance plays.,Med,Estimate: 6-12 mo analytics MVP; 2-4 years utility procurement wins,Long sales; utility procurement politics,"Offer IoT data pipelines, outage prediction, or billing analytics modules to African utilities and mini-grid operators.",High,https://www.startuplist.africa/lists/top-funded-nigeria-startups-2024; https://techcrunch.com/2022/08/05/beacon-power-services-raises-2-7m-to-improve-electricity-access-for-sub-saharan-african-cities/; https://partechpartners.com/news/beacon-power-services-secures-series-a-funding-to-accelerate-sustainable-data-driven-solutions-for-africas-power-sector,2026-09-25,Buy a tech-enabled service that replaces a manual process.,Enterprises outsourcing a complex service.,Unknown,,Unknown,,Andela; Lumos Global; iSON Xperiences,2024-11,Funding,https://www.startuplist.africa/lists/top-funded-nigeria-startups-2024,,Other Tech,Services / other,Lagos,,Unknown,,Yes,energy-PAYG; SaaS
30,Starsight Energy,Other Tech,Commercial solar and energy-as-a-service for businesses.,https://www.starsightenergy.com,https://www.linkedin.com/company/starsight-energy,,Tony Carr (founding CEO; press),Tony Carr,Lagos / multi-Africa,Lagos,Nigeria,,,Unknown,Active,None,,,,B2B energy-as-a-service,Commercial businesses,Commercial solar / energy-as-a-service,,,29200000,Growth equity,30000000,2018,AIIM; Helios Investment Partners; Nigeria Infrastructure Debt Fund (debt),Undisclosed,Undisclosed,,NERC/electricity; EPC; CAC.,Arnergy; Rensource; Daystar Power,Capex-heavy energy services; not a pure software clone.,2,Capex-heavy energy services; not a pure software clone.,High,Estimate: years for financed commercial solar portfolio,Capex; FX; offtaker credit,"Sell remote monitoring, predictive maintenance, or contract-management SaaS to C&I solar operators.",Med,https://technext24.com/reviews/nigeria-tops-funded-african-startups/; https://starsightenergy.com/; https://aiimafrica.com/media/media-centre/aiim-and-helios-investment-partners-join-forces-to-build-out-market-leading-nigerian-energy-services-company-starsight-power-utility-ltd/; https://starsightenergy.com/who-we-are/,2026-09-25,Buy a tech-enabled service that replaces a manual process.,Enterprises outsourcing a complex service.,Unknown,,Unknown,,Arnergy; Rensource,2018,Funding,https://technext24.com/reviews/nigeria-tops-funded-african-startups/,,Other Tech,Services / other,Lagos,,Unknown,,Yes,energy-C&I; solar
31,uLesson,Edtech,Mobile learning app and curriculum for African secondary students.,https://ulesson.com,,,Sim Shagaya,Sim Shagaya,"Lagos, Nigeria",Lagos,Nigeria,,,2019,Active,None,,,,B2C; B2B2C edtech,Secondary students and parents,Mobile learning app; curriculum,,,25600000,,,,,Undisclosed,Undisclosed,,CAC; education standards if school-integrated; NDPR (minors).,uLesson peers; YouTube; schools,Curriculum depth and distribution; product cloneable at surface level.,3,Content plus distribution via schools/parents. Product cloneable; curriculum depth harder.,Med,Estimate: 4-8 mo content app MVP; years for trusted curriculum brand,Content quality; CAC; education policy,"Build assessment analytics, adaptive learning, or school LMS connectors for African edtech.",High,https://technext24.com/reviews/nigeria-tops-funded-african-startups/; https://en.wikipedia.org/wiki/Sim_Shagaya,2026-09-25,Learn or teach curriculum with mobile-first content and assessment.,"Students, parents, or schools.",Unknown,,Unknown,,Talstack,,,,https://www.linkedin.com/in/simdul,Edtech,Learning,Lagos,,Unknown,,Unknown,edtech; mobile-learning
32,Rensource,Other Tech,Distributed solar solutions for commercial and industrial customers.,https://www.rensource.energy,https://www.linkedin.com/company/rensource-energy,,Ademola Adesina; Jussi Savukoski,Ademola Adesina,"Lagos, Nigeria",Lagos,Nigeria,,,2015,Active,None,,,,B2B distributed solar,Commercial and industrial customers,Distributed solar solutions,,,24580000,Series A,20000000,2019-12,Omidyar Network; CRE Venture Capital; Sin Capital; others (press),Undisclosed,Undisclosed,,NERC/electricity; EPC; CAC.,Starsight Energy; Arnergy; Daystar Power,Hardware plus project finance.,2,Hardware plus project finance. Capital intensive.,High,Estimate: project finance timeline; not a 3-month SaaS,Capex; FX; offtaker risk,Provide asset monitoring and performance billing tools to distributed solar developers.,High,https://technext24.com/reviews/nigeria-tops-funded-african-startups/; https://rensource.energy/; https://techcrunch.com/2019/12/17/nigerias-rensource-raises-20m-to-power-african-markets-by-solar/; https://rensource.energy/2019/12/18/rensource-to-power-nigerian-sme-productivity-with-20-million-funding/,2026-09-25,Buy a tech-enabled service that replaces a manual process.,Enterprises outsourcing a complex service.,Unknown,,Unknown,,Andela; Lumos Global; iSON Xperiences,2019-12,Funding,https://technext24.com/reviews/nigeria-tops-funded-african-startups/,,Other Tech,Services / other,Lagos,,Unknown,,Yes,energy-PAYG
33,SeamlessHR,SaaS,"HR, payroll, and workforce management SaaS for African enterprises.",https://seamlesshr.com,https://www.linkedin.com/company/seamlesshr-ltd,,Emmanuel Okeleji,Emmanuel Okeleji,"Lagos, Nigeria",Lagos,Nigeria,,,2017,Active,None,,,,B2B SaaS,African enterprises,HR; payroll; workforce management,,,21150000,,,,,Undisclosed,Undisclosed,,CAC; NDPR; payroll tax integrations.,BambooHR-class imports; local HRIS; spreadsheets,Payroll compliance modules and integrations are the work; HR SaaS is consultancy-buildable.,4,HR SaaS is consultancy-buildable; compliance modules and payroll integrations are the work.,Low,Estimate: 4-8 mo HRIS MVP; 12-24 mo payroll-complete product,Payroll compliance; enterprise sales,"Natural buyer for automation/ML consultancies: custom HR workflows, attendance computer vision, or payroll anomaly detection on top of SeamlessHR-class stacks.",High,https://linkedin.com/company/seamlesshr-ltd; https://seamlesshr.com; https://www.linkedin.com/company/seamlesshr-ltd,2026-09-25,Run core back-office workflows in software instead of spreadsheets.,SMEs and mid-market teams with recurring ops pain.,Unknown,,Unknown,,Stears; Youverify; Billboxx,,,,https://www.linkedin.com/in/dr-emmanuel-okeleji,SaaS,B2B software,Lagos,,Unknown,,Unknown,HR; SaaS; payroll
34,Jiji,Marketplace,Classifieds marketplace with strong Nigeria presence.,https://jiji.ng,https://www.linkedin.com/company/jiji.ng,,Anton Volianskyi; Mykola Zorin,,Multi-Africa / NG major,Multi-Africa / NG major,,,,2014,Active,None,,,,C2C; marketplace,Classifieds buyers and sellers,Classifieds marketplace,,,21000000,Series C,21000000,2019-12,Goldman Sachs; IFC; Omidyar Network (press),Undisclosed,Undisclosed,,CAC; NDPR; consumer protection.,Facebook Marketplace; Konga; Jumia,Liquidity and moderation; software is commodity.,3,Classifieds software is commodity; liquidity and moderation are the moat.,Med,Estimate: 3-6 mo classifieds MVP; years for liquidity,Fraud; moderation; competition from social,"Sell listing quality ML, fraud detection, or category pricing tools to classifieds operators.",High,https://linkedin.com/company/jiji.ng; https://jiji.ng; https://www.linkedin.com/company/jiji.ng; https://jiji.ng/; https://techcrunch.com/2019/12/09/jiji-raises-21m-for-its-africa-online-classifieds-business/; https://www.startuplist.africa/startups/jiji/team,2026-09-25,Discover and transact goods/services with trust and logistics support.,Buyers and sellers in a category with thin offline alternatives.,Unknown,,Unknown,,Jumia; TradeDepot; Konga,2019-12,Funding,https://linkedin.com/company/jiji.ng,,Marketplace,E-commerce,,,Unknown,,Yes,marketplace
35,Husk Power Systems,Other Tech,Renewable mini-grids and rural power (Nigeria among markets).,https://www.huskpowersystems.com,https://www.linkedin.com/company/husk-power-systems,,Manoj Sinha; Gyanesh Pandey; Ratnesh Yadav; Chip Ransler,Manoj Sinha,Abuja ops / multi,Abuja,Nigeria,,,2008,Active,None,,,,B2B; mini-grids,Rural communities and commercial offtakers,Renewable mini-grids,,,20000000,,,,Shell Ventures; Swedfund; Engie; FMO; Rockefeller Foundation; Acumen; IFC; First Solar,Undisclosed,Undisclosed,,NERC mini-grid; EPC; CAC.,Renewvia; PowerGen; other minigrid operators,Mini-grid capex. 2024 lists showed debt tranches; totals may be incomplete in free sources.,1,Mini-grid capex. 2024 list showed $20M debt tranche; historical totals may be higher in paid databases.,High,Estimate: multi-year project development cycles,Capex; FX; collection; regulation (NERC),"Build smart metering analytics, PAYG collections, or outage prediction for mini-grid operators.",High,https://www.startuplist.africa/lists/top-funded-nigeria-startups-2024; https://huskpowersystems.com/; https://en.wikipedia.org/wiki/Husk_Power_Systems; https://www.huskpowersystems.com/Investor-Relations,2026-09-25,Buy a tech-enabled service that replaces a manual process.,Enterprises outsourcing a complex service.,Unknown,,Unknown,,Andela; Lumos Global; iSON Xperiences,,,,,Other Tech,Services / other,Abuja,,Unknown,,Unknown,energy-PAYG
36,Omnibiz,Marketplace,B2B e-commerce digitizing FMCG supply to informal retailers.,https://omnibiz.africa,https://www.linkedin.com/company/omnibiz,,Deepankar Rustagi,Deepankar Rustagi,"Lagos, Nigeria",Lagos,Nigeria,,,2019,Active,None,,,,B2B e-commerce,Informal retailers; FMCG brands,B2B commerce for informal retail,,,19000000,Growth,15000000,2022-08,Timon Capital; Ventures Platform; Chapel Hill Denham; Chandaria Capital; Musha Ventures,65000000,Estimated_by_press,,CAC; embedded finance partners; NDPR.,TradeDepot; Sabi; traditional distributors,Inventory float and city-by-city sales density.,2,Needs inventory float and city-by-city sales density.,High,Estimate: 6-9 mo marketplace MVP; years for float-backed density,Working capital; FX; credit,"Offer retailer credit scoring, route optimization, or brand analytics to B2B commerce platforms.",High,https://techcrunch.com/2022/08/19/nigerian-b2b-e-commerce-platform-omnibiz-raises-millions-to-gain-and-retain-retail-customers/; https://omnibiz.com/about-us,2026-09-25,Discover and transact goods/services with trust and logistics support.,Buyers and sellers in a category with thin offline alternatives.,Unknown,,Unknown,,TradeDepot; Vendease,2022-08,Funding,https://techcrunch.com/2022/08/19/nigerian-b2b-e-commerce-platform-omnibiz-raises-millions-to-gain-and-retain-retail-customers/,,Marketplace,B2B commerce|FMCG,Lagos,,Unknown,,Yes,marketplace
37,Konexa,Other Tech,Private renewable electricity trading platform in Nigeria.,https://www.konexa.io,,,Pradeep Pursnani,Pradeep Pursnani,UK / Nigeria ops,UK / Nigeria ops,,,,Unknown,Active,None,,,,B2B energy trading,Electricity buyers and sellers in private markets,Private renewable electricity trading,,,18000000,Project / climate finance,18000000,2024-03,Climate Fund Managers; Microsoft Climate Innovation Fund,Undisclosed,Undisclosed,NERC private electricity trading licence (press),NERC private energy trading; grid access; CAC.,Other NESI traders / IPPs,Requires NERC private trading licence and grid access.,1,Requires NERC private trading licence and grid access.,High,Estimate: not a small-builder MVP without energy licences,Regulation; grid access; FX,Sell settlement/metering software or offtake analytics adjacent to licensed energy traders.,Med,https://nairametrics.com/2025/02/25/top-10-nigerian-startups-by-funds-raised-in-2024/; https://climatefundmanagers.com/2024/03/11/climate-fund-managers-and-microsoft-invest-usd-18-million-in-konexa-to-launch-nigerias-first-private-renewable-energy-trading-platform/,2026-09-25,Buy a tech-enabled service that replaces a manual process.,Enterprises outsourcing a complex service.,Unknown,NERC private electricity trading licence (press),Listed,2026-09-25,Andela; Lumos Global; iSON Xperiences,2024-03,Funding,https://nairametrics.com/2025/02/25/top-10-nigerian-startups-by-funds-raised-in-2024/,,Other Tech,Services / other,,,Unknown,,Yes,other
38,Mono,Fintech,Open banking APIs and account data infrastructure (acquired by Flutterwave Jan 2026).,https://mono.co,https://www.linkedin.com/company/withmono,,Abdulhamid Hassan; Prakhar Singh,Abdulhamid Hassan,"Lagos, Nigeria",Lagos,Nigeria,,,2020,Acquired,Acquired,Flutterwave,2026,https://mono.co/blog/flutterwave-mono-acquisition,B2B API; open banking,Fintechs and lenders needing account data,Open banking APIs; account data,,,17630000,Acquisition,,2026-01,Flutterwave (acquirer),Undisclosed,Undisclosed,Open banking / data APIs; acquired by Flutterwave (2026),CBN open banking framework; NDPR; PSSP as applicable.,Okra (historical); bank direct APIs,Bank partnerships and CBN open-banking compliance. Acquired by Flutterwave (Jan 2026 press).,3,API product buildable; bank partnerships and CBN open-banking compliance are the gate.,Med,Estimate: 6-12 mo API product; bank access is the gate,Bank partnership; regulation; acquirer integration,"Build vertical apps on open-banking data (lending decisioning, accounting sync) rather than competing on bank connectivity.",High,https://thecondia.com/flutterwave-acquires-mono/; https://mono.co/blog/flutterwave-mono-acquisition; https://nairametrics.com/2026/01/05/flutterwave-acquires-mono-in-deal-valued-at-up-to-40-million/; https://mono.co; https://www.ycombinator.com/companies/mono; https://techcrunch.com/2021/05/24/nigerias-mono-raises-millions-to-power-the-internet-economy-in-africa/,2026-09-25,"Move, store, or lend money with less friction and more compliance confidence.","Consumers, SMEs, merchants, or developers needing payment/credit rails.",Unknown,Open banking / data APIs; acquired by Flutterwave (2026),Unknown,2026-09-25,Okra; OnePipe,2026-01,Funding,https://thecondia.com/flutterwave-acquires-mono/,,Fintech,Open banking|Data APIs,Lagos,,Unknown,,No,open-banking; data-API; acquired
39,Okra,Fintech,Open banking API platform (shut down; historical funding).,https://okra.ng,https://www.linkedin.com/company/okrahq,,Fara Ashiru Jituboh; David Peterside,Fara Ashiru Jituboh,"Lagos, Nigeria",Lagos,Nigeria,,,2019,Shutdown,Shutdown,,2025,https://techcabal.com/2025/07/03/techcabal-daily-okras-off-the-menu/,B2B API; open banking,Fintechs (historical),Open banking API (historical),,,16500000,,,,,Undisclosed,Undisclosed,,CBN open banking; NDPR.,Mono; OnePipe,Same class as Mono; bank access hard. Shut down; historical funding only.,3,Same class as Mono; bank access hard.,Med,Estimate: historical case study; do not treat as active target,Shutdown; regulation,Lesson: open banking without durable bank partnerships is fragile. Build on surviving rails (e.g. Mono/Flutterwave).,Med,https://linkedin.com/company/okrahq; https://www.linkedin.com/company/okrahq; https://okra.ng; https://techcabal.com/ (Okra shutdown coverage - verify primary),2026-09-25,"Move, store, or lend money with less friction and more compliance confidence.","Consumers, SMEs, merchants, or developers needing payment/credit rails.",Unknown,,Unknown,,OPay; Flutterwave; Moove,,,,https://www.linkedin.com/in/faraashiru,Fintech,Open banking|Data APIs,Lagos,,Unknown,,Unknown,open-banking; data-API; shutdown
40,Carbon,Fintech,"Consumer lending, BNPL, and savings (formerly Paylater).",https://getcarbon.co,https://www.linkedin.com/company/carbonup,,Chijioke Dozie,Chijioke Dozie,Lagos / London,Lagos / London,Nigeria / UK,,,2012,Active,None,,,,B2C lending; BNPL; savings,Consumers,Consumer lending; BNPL; savings (formerly Paylater),,,15800000,,,,,Undisclosed,Undisclosed,CBN MFB/lending path (verify),CBN MFB/lending; credit bureaus; NDPR.,FairMoney; Branch-class; CredPal,Crowded digital lending; licence and collections decide survival.,2,Crowded digital lending; licence and collections decide survival.,High,Estimate: 3-6 mo lending app; years for licensed MFB book,Credit; regulation; collections conduct,"Sell responsible collections SaaS, credit model monitoring, or BNPL merchant plugins.",High,https://linkedin.com/company/carbonup; https://www.linkedin.com/in/chijiokedozie; https://www.linkedin.com/company/carbonup,2026-09-25,"Move, store, or lend money with less friction and more compliance confidence.","Consumers, SMEs, merchants, or developers needing payment/credit rails.",Unknown,CBN MFB/lending path (verify),Listed,2026-09-25,OPay; Flutterwave; Moove,,,,https://www.linkedin.com/in/chijiokedozie,Fintech,Payments,Lagos,,Unknown,,Unknown,credit; BNPL; neobank
41,CredPal,Fintech,BNPL / installment credit for consumer purchases.,https://credpal.com,https://www.linkedin.com/company/credpal,,Fehintolu Olaogun; Olorunfemi Jegede,Fehintolu Olaogun,"Lagos, Nigeria",Lagos,Nigeria,,,2018,Active,None,,,,B2C BNPL,Consumers and merchants,BNPL / installment credit,,,15000000,Seed,1500000,2020-12,Y Combinator; GreenHouse Capital; Tangerine Life,Undisclosed,Undisclosed,,CBN lending/MFB or partners; NDPR.,Carbon; merchant in-house credit,BNPL crowded; credit risk plus merchant partnerships.,2,BNPL crowded; credit risk plus merchant partnerships.,High,Estimate: 4-8 mo BNPL MVP with partner capital,Credit; merchant default; regulation,Provide merchant risk scoring or checkout BNPL widgets as white-label for retailers.,Med,https://www.startuplist.africa/lists/top-funded-fintech-startups-in-nigeria-2022; https://credpal.com; https://techpoint.africa/news/nigerian-fintech-startup-credpal-raises-1-5m/,2026-09-25,"Move, store, or lend money with less friction and more compliance confidence.","Consumers, SMEs, merchants, or developers needing payment/credit rails.",Unknown,,Unknown,,OPay; Flutterwave; Moove,2020-12,Funding,https://www.startuplist.africa/lists/top-funded-fintech-startups-in-nigeria-2022,,Fintech,Payments,Lagos,,Unknown,,Yes,credit-scoring
42,Umba,Fintech,Digital bank and lending with Nigeria presence (also East Africa ops).,https://umba.com,,,Tiernan Kennedy; Barry O'Mahony,Tiernan Kennedy,Multi / NG-listed in some maps,Multi / NG-listed in some maps,,,,2019,Active,None,,,,B2C digital bank / lending,Retail borrowers (multi-market),Digital bank and lending,,,15000000,Series A,15000000,2022,Costanoa Ventures; Lux Capital; Palm Drive Capital; Lachy Groom; ACT Ventures,Undisclosed,Undisclosed,,Local banking/MFB equivalents; NDPR.,Kuda; FairMoney; Carbon,Multi-country licences. Include cautiously as NG-listed in some maps.,2,Neobank plus credit; multi-country licences. Include cautiously as NG-listed in StartupList maps.,High,Estimate: years for multi-country neobank,Multi-market regs; credit; FX,"Offer shared services (KYC, collections) to multi-market digital lenders.",Med,https://www.startuplist.africa/lists/top-funded-fintech-startups-in-nigeria-2022; https://umba.com; https://www.awesomefintech.com/blog/pj3m6g8ve6/financial-services-startup-umba-raised-series-a-round-of-15m/,2026-09-25,"Move, store, or lend money with less friction and more compliance confidence.","Consumers, SMEs, merchants, or developers needing payment/credit rails.",Unknown,,Unknown,,OPay; Flutterwave; Moove,2022,Funding,https://www.startuplist.africa/lists/top-funded-fintech-startups-in-nigeria-2022,,Fintech,Payments,,,Unknown,,Yes,credit-scoring
43,Raenest,Fintech,Payments and treasury for remote African workers.,https://www.raenest.com,https://www.linkedin.com/company/raenest,,Victor Alade; Sodruldeen Mustapha; Richard Oyome,Victor Alade,Lagos / remote,Lagos,Nigeria,,,2021,Active,None,,,,B2B; B2C payouts,Remote African workers and employers,Payments and treasury for remote workers,,,14300000,Series A,11000000,2025-02,QED Investors (press),Undisclosed,Undisclosed,,Money transmission/EMI abroad; AML; NDPR.,Grey; Payday; LemFi-class,Cross-border payroll needs licences and banking partners more than UI.,2,Cross-border payroll needs licences and banking partners more than UI.,High,Estimate: 6-9 mo payout product on partners; years for own licences,FX; AML; banking partners,Build employer payroll connectors or tax tooling for African remote-work platforms.,High,https://nairametrics.com/2025/05/31/nigerias-startups-raised-over-100-million-in-q1-2025-here-are-the-top-10-deals/; https://www.raenest.com/about-us; https://fintechnews.africa/44723/fintech-nigeria/raenest-raises-11m-series-a-to-expand-global-banking-for-africans/,2026-09-25,"Move, store, or lend money with less friction and more compliance confidence.","Consumers, SMEs, merchants, or developers needing payment/credit rails.",Unknown,,Unknown,,OPay; Flutterwave; Moove,2025-02,Funding,https://nairametrics.com/2025/05/31/nigerias-startups-raised-over-100-million-in-q1-2025-here-are-the-top-10-deals/,,Fintech,Payments,Lagos,,Unknown,,Yes,payments
44,NowNow,Fintech,Merchant and consumer wallet / POS-oriented financial services.,https://nownow.ng,,,Sahir Berry; Mahesh Nair,,"Lagos, Nigeria",Lagos,Nigeria,,,2015,Active,None,,,,B2B; B2C wallet/POS,Merchants and consumers,Merchant and consumer wallet / POS,,,13000000,Seed,13000000,2022-09,,Undisclosed,Undisclosed,,CBN PSSP/PTSP/MMO; NDPR.,Moniepoint; Nomba; OPay,Crowded POS/wallet space; licence plus agent network required.,2,Crowded POS/wallet space; licence plus agent network required.,High,Estimate: 4-8 mo merchant MVP; years for licensed network,Competition; regulation,Same as other POS players: analytics and SME tooling as ISV.,Med,https://techcabal.com/2022/09/07/nownow-raises-13-million-in-seed-funding-to-expand-services-across-africa/; https://nownow.ng,2026-09-25,"Move, store, or lend money with less friction and more compliance confidence.","Consumers, SMEs, merchants, or developers needing payment/credit rails.",Unknown,,Unknown,,OPay; Flutterwave; Moove,2022-09,Funding,https://techcabal.com/2022/09/07/nownow-raises-13-million-in-seed-funding-to-expand-services-across-africa/,,Fintech,Payments,Lagos,,Unknown,,Yes,agent-network; payments
45,Tomato Jos,Agritech,Tomato processing and value-chain development with smallholders.,https://www.tomatojos.net,,,Mira Mehta,Mira Mehta,Nigeria,,Nigeria,,,2014,Active,None,,,,B2B manufacturing; ag value chain,Buyers of processed tomato; smallholders,Tomato processing; value-chain development,,,12200000,,,,,Undisclosed,Undisclosed,,NAFDAC food processing; land/agric; CAC.,,Processing plants: not a software replica.,1,Processing plants: not a software replica.,High,Estimate: multi-year industrial build,Agronomic; FX; plant capex,"Sell yield forecasting, farmer payment rails, or quality inspection ML to processors.",Med,https://nairametrics.com/2025/02/25/top-10-nigerian-startups-by-funds-raised-in-2024/; https://tomatojos.net/management-team/,2026-09-25,"Finance, input, offtake, or logistics for smallholder productivity.","Smallholders, aggregators, or agri-lenders.",Unknown,,Unknown,,ThriveAgric; Winich Farms; Farmcrowdy,,,,,Agritech,Farmer financing,Lagos,,Unknown,,Unknown,agritech
46,Paystack,Fintech,Online payment gateway (acquired by Stripe in 2020).,https://paystack.com,https://www.linkedin.com/company/paystack,,Shola Akinlade; Ezra Olubi,Shola Akinlade,"Lagos, Nigeria",Lagos,Nigeria,Nigeria; other African markets,,2015,Acquired,Acquired,Stripe,2020,https://paystack.com,B2B payments gateway,Online and offline merchants,Payment gateway; APIs; Stripe Stack Africa,Public developer APIs (company site),,11800000,Acquisition,,2020-10,Stripe (acquirer); Y Combinator (historical),200000000,Reported,CBN PSSP; PCI-DSS,CBN PSSP; PCI-DSS; NDPR.,Flutterwave; Interswitch; global gateways,Gateway quality buildable by strong engineers; bank integrations take time. Acquired by Stripe (~$200M often cited).,2,Gateway quality was excellent and buildable by strong engineers; bank integrations still take time. Acquisition often cited around $200M.,Med,Estimate: 4-8 mo thin gateway MVP; years for bank coverage,Bank rails; regulation; parent strategy,"Build industry plugins, reconciliation, and SaaS checkout experiences on Paystack; high-fit consultancy buyer.",High,https://fintechnews.africa/41180/fintech-nigeria/here-are-the-top-5-fintech-startup-funding-rounds-in-nigeria/; https://paystack.com; https://www.linkedin.com/in/shollsman,2026-09-25,"Move, store, or lend money with less friction and more compliance confidence.","Consumers, SMEs, merchants, or developers needing payment/credit rails.",Unknown,CBN PSSP; PCI-DSS,Listed,2026-09-25,Flutterwave; Interswitch; Nomba,2020-10,Funding,https://fintechnews.africa/41180/fintech-nigeria/here-are-the-top-5-fintech-startup-funding-rounds-in-nigeria/,https://www.linkedin.com/in/shollsman; https://www.linkedin.com/in/cfezra,Fintech,Payments|Merchant acquiring,Lagos,,Unknown,,Yes,payments; API; acquired
47,Odyssey Energy Solutions,Other Tech,Financing and deployment tooling for distributed renewable energy.,https://odysseyenergysolutions.com,,,Emily McAteer; Piyush Mathur,Emily McAteer,"Lagos, Nigeria",Lagos,Nigeria,,,Unknown,Active,None,,,,B2B climate finance tooling,Distributed renewable stakeholders,Financing and deployment tooling for distributed renewables,,,11300000,,,,,Undisclosed,Undisclosed,,Energy finance partners; NDPR.,,Climate finance platform; capital markets access matters.,2,Climate finance platform; capital markets access matters.,Med,Estimate: 6-12 mo tooling MVP; capital access longer,Capital markets; energy regs,Build credit assessment or project pipeline tools for climate finance platforms.,Low,https://www.startuplist.africa/lists/top-funded-nigeria-startups-2024; https://odysseyenergysolutions.com/about-us; https://techcrunch.com/2023/05/19/odyssey-energy-solutions-series-a-seven-months/,2026-09-25,Buy a tech-enabled service that replaces a manual process.,Enterprises outsourcing a complex service.,Unknown,,Unknown,,Andela; Lumos Global; iSON Xperiences,,,,,Other Tech,Services / other,Lagos,,Unknown,,Unknown,energy-PAYG
48,Field,Healthtech,Pharmaceutical supply chain and route-to-market for therapies.,https://www.field.inc,https://www.linkedin.com/company/field-intel-inc,,Michael Moreland,Michael Moreland,Abuja / multi,Abuja,Nigeria,,,2015,Active,None,,,,B2B pharma supply chain,Pharma brands and distributors,Pharmaceutical supply chain / route-to-market,,,11000000,,,,,Undisclosed,Undisclosed,,NAFDAC; pharmacy distribution; NDPR.,Pharmaceutical distributors; health supply-chain SaaS,Pharma distribution networks and cold-chain compliance dominate.,2,Pharma distribution networks and cold-chain compliance dominate.,High,Estimate: years for regulated pharma distribution,NAFDAC; cold chain; working capital,"Sell cold-chain monitoring, demand sensing, or pharmacy inventory tools.",Med,https://nairametrics.com/2025/02/25/top-10-nigerian-startups-by-funds-raised-in-2024/; https://www.field.inc; https://www.startuplist.africa/startups/field/team; https://www.linkedin.com/in/mfcm,2026-09-25,"Deliver or finance care with better records, supply, or access.","Providers, patients, employers, or pharma supply actors.",Unknown,,Unknown,,Helium Health; Reliance Health; 54gene,,,,https://www.linkedin.com/in/mfcm,Healthtech,Care delivery,Abuja,,Unknown,,Unknown,open-banking; healthtech
49,Afriex,Fintech,Remittance and multi-currency transfers for African diaspora.,https://afriex.com,https://www.linkedin.com/company/afriex,,Tope Alabi,Tope Alabi,Lagos / US,Lagos,Nigeria,,,2018,Active,None,,,,B2C remittance,African diaspora,Remittance and multi-currency transfers,,,10000000,,,,,Undisclosed,Undisclosed,,MSB abroad; CBN remittance rules; AML; NDPR.,LemFi; Grey; Sendwave; WorldRemit,Corridors equal licences plus liquidity.,2,Remittance corridors equal licences plus liquidity.,High,Estimate: 6-9 mo single corridor; years for multi-licence,AML; FX; licensing,Same remittance ISV opportunities as LemFi/Grey class.,Med,https://www.startuplist.africa/lists/top-funded-fintech-startups-in-nigeria-2022; https://afriex.com; https://afriexapp.com; https://www.linkedin.com/in/topealabi,2026-09-25,"Move, store, or lend money with less friction and more compliance confidence.","Consumers, SMEs, merchants, or developers needing payment/credit rails.",Unknown,,Unknown,,OPay; Flutterwave; Moove,,,,https://www.linkedin.com/in/topealabi,Fintech,Payments,Lagos,,Unknown,,Unknown,cross-border
50,Mansa,Fintech,Credit and liquidity fintech (equity plus debt raises disclosed in 2025).,https://mansa.xyz,,,Mouloukou Sanoh; Nkiru Uwaje,Mouloukou Sanoh,"Lagos, Nigeria",Lagos,Nigeria,,,Unknown,Active,None,,,,B2B credit / liquidity fintech,Businesses needing credit/liquidity,Credit and liquidity (equity plus debt raises disclosed in 2025 press),,,10000000,Seed / liquidity,10000000,2025-02,Tether (press for stablecoin settlement angle; verify),Undisclosed,Undisclosed,,CBN lending/MFB or partners; NDPR.,Afriex; LemFi liquidity peers,Lending plus debt facilities; credit risk and capital access are core.,2,Lending plus debt facilities; credit risk and capital access are core.,High,Estimate: 6-12 mo credit MVP with partners,Credit; FX; stablecoin policy,Offer credit decisioning or treasury automation to liquidity fintechs.,Med,https://nairametrics.com/2025/05/31/nigerias-startups-raised-over-100-million-in-q1-2025-here-are-the-top-10-deals/; https://mansa.xyz/about.html,2026-09-25,"Move, store, or lend money with less friction and more compliance confidence.","Consumers, SMEs, merchants, or developers needing payment/credit rails.",Unknown,,Unknown,,OPay; Flutterwave; Moove,2025-02,Funding,https://nairametrics.com/2025/05/31/nigerias-startups-raised-over-100-million-in-q1-2025-here-are-the-top-10-deals/,,Fintech,Payments,Lagos,,Unknown,,Yes,credit-scoring
51,Nithio,Other Tech,Energy finance platform for distributed solar stakeholders.,https://nithio.com,,,Bobby Pittman; Queen Chinyere Quinn; Kate Steel,,Lagos / multi,Lagos,Nigeria,,,Unknown,Active,None,,,,B2B energy finance,Distributed solar stakeholders,Energy finance platform,,,10000000,,,,,Undisclosed,Undisclosed,,Finance partner licences; energy regs; NDPR.,,Climate finance infrastructure; capital and credit models heavy.,2,Climate finance infrastructure; capital and credit models heavy.,High,Estimate: 9-18 mo finance platform; capital markets longer,Credit; FX; energy regs,Sell portfolio risk models or remote asset verification to energy financiers.,Med,https://www.startuplist.africa/lists/top-funded-nigeria-startups-2024; https://nithio.com; https://nithio.com/team/; https://mcj.vc/inevitable-podcast/nithio; https://nithio.com/nithio-selected-as-one-of-world-economic-forums-technology-pioneers/,2026-09-25,Buy a tech-enabled service that replaces a manual process.,Enterprises outsourcing a complex service.,Unknown,,Unknown,,Andela; Lumos Global; iSON Xperiences,,,,,Other Tech,Services / other,Lagos,,Unknown,,Unknown,energy-PAYG
52,Zone,Fintech,Regulated blockchain payment network for banks and digital currency acceptance (formerly Appzone).,https://zone.ng,https://www.linkedin.com/company/zonenetwork,,Obi Emetarom; Elendu Uche,Obi Emetarom,"Lagos, Nigeria",Lagos,Nigeria,,,Unknown,Active,None,,,,B2B payments network,Banks and payment institutions,Regulated blockchain payment network (formerly Appzone),,,8500000,,,,,Undisclosed,Undisclosed,CBN Switching and Processing (as Appzone/Zone lineage; verify current list),CBN Switching/Processing; NDPR.,Interswitch; NIBSS; Flutterwave rails,Bank consortium relationships and CBN comfort matter more than chain tech.,2,Bank consortium relationships and CBN comfort matter more than chain tech.,High,Estimate: not a small-builder national switch replica,Regulation; bank politics,Build bank-facing dashboards or settlement analytics atop regulated networks.,Med,https://nairametrics.com/2025/02/25/top-10-nigerian-startups-by-funds-raised-in-2024/; https://zone.ng; https://appzonegroup.com/about/; https://www.linkedin.com/in/obiemetarom,2026-09-25,"Move, store, or lend money with less friction and more compliance confidence.","Consumers, SMEs, merchants, or developers needing payment/credit rails.",Unknown,CBN Switching and Processing (as Appzone/Zone lineage; verify current list),Listed,2026-09-25,OPay; Flutterwave; Moove,,,,https://www.linkedin.com/in/obiemetarom,Fintech,Payments|Blockchain rails,Lagos,,Unknown,,Unknown,blockchain-rails; switching
53,Waza,Fintech,B2B cross-border payments and trade finance liquidity (YC W23).,https://waza.co,https://www.linkedin.com/company/wazahq,,Maxwell Obi; Emmanuel Igbodudu,Maxwell Obi,Lagos / US MSB,Lagos,Nigeria,,,2023,Active,None,,,,B2B cross-border payments,Importers/exporters; EM businesses,B2B cross-border payments; trade finance liquidity (YC W23),,,8000000,Seed/Series (YC),,,Y Combinator,Undisclosed,Undisclosed,,US MSB/VASP as held; AML; CBN FX rules.,,Trade finance plus FX compliance. Product buildable; banking rails hard.,2,Trade finance plus FX compliance. Product buildable; banking rails hard.,High,Estimate: 6-12 mo product on partner MSB; years for own rails,FX; AML; trade credit,Provide document AI for trade finance or FX ops automation to B2B payment firms.,Med,https://nairametrics.com/2025/02/25/top-10-nigerian-startups-by-funds-raised-in-2024/; https://waza.co/; https://waza.co; https://www.ycombinator.com/companies/waza,2026-09-25,"Move, store, or lend money with less friction and more compliance confidence.","Consumers, SMEs, merchants, or developers needing payment/credit rails.",Unknown,,Unknown,,OPay; Flutterwave; Moove,,,,,Fintech,Payments,Lagos,,Unknown,,Unknown,cross-border; payments
54,Klasha,Fintech,Cross-border payments and commerce tooling for Africa.,https://klasha.com,https://www.linkedin.com/company/klasha,,Jessica Anuna,Jessica Anuna,"Lagos, Nigeria",Lagos,Nigeria,,,2019,Active,None,,,,B2B payments / commerce,Merchants selling across Africa,Cross-border payments and commerce tooling,,,6500000,,,,,Undisclosed,Undisclosed,,PSSP/partners; money transmission abroad; NDPR.,,Payments product layer buildable; multi-country licensing is the grind.,3,Payments product layer buildable; multi-country licensing is the grind.,Med,Estimate: 4-8 mo commerce payments MVP,Licensing; FX,Build checkout plugins and reconciliation for merchants using Klasha-class rails.,Med,https://www.startuplist.africa/lists/top-funded-nigeria-startups-2024; https://klasha.com; https://guardian.ng/features/focus/klasha-is-simplifying-cross-border-payment-driving-financial-globalization-with-world-class-solutions-jessica-anuna-founder-ceo-klasha/,2026-09-25,"Move, store, or lend money with less friction and more compliance confidence.","Consumers, SMEs, merchants, or developers needing payment/credit rails.",Unknown,,Unknown,,OPay; Flutterwave; Moove,,,,https://www.linkedin.com/in/jessicaanuna,Fintech,Payments,Lagos,,Unknown,,Unknown,cross-border; payments; marketplace
55,Cowrywise,Fintech,Digital savings and investment platform for Nigerian retail investors.,https://cowrywise.com,https://www.linkedin.com/company/cowrywise,,Razaq Ahmed; Edward Popoola,Razaq Ahmed,"Lagos, Nigeria",Lagos,Nigeria,,,2018,Active,None,,,,B2C wealthtech,Nigerian retail investors,Digital savings and investment,,,6300000,,,,Y Combinator,Undisclosed,Undisclosed,SEC Nigeria / fund-manager partnerships typical for wealth apps (verify),SEC Nigeria as applicable; CAC; NDPR.,PiggyVest; Risevest; Bamboo,Wealth UX buildable; SEC fund manager / custodian partnerships required.,3,Wealth UX buildable; SEC fund manager / custodian partnerships required.,Med,Estimate: 4-8 mo savings UX; longer for licensed fund products,SEC regs; yield partners,Sell goal-based advice ML or employer benefits integrations to wealth apps.,High,Public Africa startup funding summaries (All Business Africa / press roundups); https://cowrywise.com; https://www.ycombinator.com/companies; https://www.linkedin.com/in/razaqa; https://www.linkedin.com/in/edwardpopoola,2026-09-25,"Move, store, or lend money with less friction and more compliance confidence.","Consumers, SMEs, merchants, or developers needing payment/credit rails.",Unknown,SEC Nigeria / fund-manager partnerships typical for wealth apps (verify),Unknown,2026-09-25,PiggyVest; Risevest,,,,https://www.linkedin.com/in/razaqa; https://www.linkedin.com/in/edwardpopoola,Fintech,Wealth|Savings,Lagos,,Unknown,,Unknown,wealth; savings
56,Gokada,Logistics,Motorcycle ride-hailing and logistics (regulatory pressure in Lagos).,https://gokada.ng,,,Fahim Saleh,,"Lagos, Nigeria",Lagos,Nigeria,,,2018,Active,None,,,,B2C mobility / logistics,Lagos riders and delivery customers,Motorcycle ride-hailing and logistics,,,5300000,Series A,5300000,2019-05,,Undisclosed,Undisclosed,,State transport; insurance; CAC.,MAX.ng; inDrive,City okada bans make replication politically risky.,2,City okada bans make replication politically risky. Series A $5.3M TechCrunch 2019; later rounds may exist undisclosed here.,High,Estimate: politically constrained; not a pure software play,City regulation; safety; unit economics,Focus on delivery logistics tooling rather than passenger okada clones.,Med,https://techcrunch.com/2019/05/24/nigerias-gokada-raises-5-3m-round-for-its-motorcycle-ride-hail-biz/; https://startup-weekly.com/Startup-Interview-Fahim-Saleh-Founder-Gokada-Nigeria/,2026-09-25,Move goods or people reliably with visibility and lower empty miles.,"Shippers, fleets, or urban riders/drivers.",Unknown,,Unknown,,MAX.ng; Kobo360; Chowdeck,2019-05,Funding,https://techcrunch.com/2019/05/24/nigerias-gokada-raises-5-3m-round-for-its-motorcycle-ride-hail-biz/,,Logistics,Freight / mobility,Lagos,,Unknown,,Yes,logistics
57,Eden Life,Marketplace,Home services app expanded toward marketplace.,https://www.edenlife.ng,,,Nadayar Enegesi,,"Lagos, Nigeria",Lagos,Nigeria,,,2019,Active,None,,,,Marketplace; home services,Households,Home services marketplace,,,4500000,,,,,Undisclosed,Undisclosed,,CAC; labour; NDPR.,,Services marketplace: ops and labour management dominate.,3,Services marketplace: ops and labour management dominate.,Med,Estimate: 3-6 mo marketplace MVP; ops scale harder,Labour ops; quality control,"Sell scheduling, quality QA, or workforce apps to home-services platforms.",Low,https://allbusiness.africa/business/eden-life; https://www.edenlife.ng,2026-09-25,Discover and transact goods/services with trust and logistics support.,Buyers and sellers in a category with thin offline alternatives.,Unknown,,Unknown,,Jumia; TradeDepot; Konga,,,,https://www.linkedin.com/in/nadayar,Marketplace,E-commerce,Lagos,,Unknown,,Unknown,marketplace
58,Seamfix,Other Tech,Digital identity verification and trusted identity services.,https://seamfix.com,https://www.linkedin.com/company/seamfix,,Chimezie Emewulu; Chibuzor Onwurah,,"Lagos, Nigeria",Lagos,Nigeria,,,Unknown,Active,None,,,,B2B identity,Businesses needing identity verification,Digital identity verification,,,4500000,,,,,Undisclosed,Undisclosed,Identity / KYC processor; NDPR; not a deposit-taker,NIMC partnerships; NDPR; CAC.,Youverify; Smile Identity; Prembly,IDV product buildable; NIMC/government data access is hard.,3,IDV product buildable; NIMC/government data access is hard.,Med,Estimate: 3-6 mo IDV MVP; NIMC access longer,Data access; NDPR,Natural product for KYC consultancies; sell orchestration layers over NIMC/partner sources.,Med,https://www.startuplist.africa/lists/top-funded-nigeria-startups-2024; https://seamfix.com; https://en.wikipedia.org/wiki/Seamfix; https://guardian.ng/business-services/business/seamfix-celebrates-17-years-of-empowering-identity-trust/,2026-09-25,Buy a tech-enabled service that replaces a manual process.,Enterprises outsourcing a complex service.,Unknown,Identity / KYC processor; NDPR; not a deposit-taker,Unknown,2026-09-25,Andela; Lumos Global; iSON Xperiences,,,,,Other Tech,Identity|KYC,Lagos,,Unknown,,Unknown,identity; KYC
59,Duplo,Fintech,Business banking and expense tooling for African SMEs.,https://www.tryduplo.com,,,Yele Oyekola; Tunde Akinnuwa,Yele Oyekola,"Lagos, Nigeria",Lagos,Nigeria,,,Unknown,Active,None,,,,B2B business banking / expenses,African SMEs,Business banking and expense tooling,,,4300000,,,,Y Combinator,Undisclosed,Undisclosed,,Partner bank/PSSP; NDPR.,,SME finance SaaS plus banking partners.,3,SME finance SaaS plus banking partners.,Med,Estimate: 4-8 mo expense MVP on partner bank,Bank partners; FX,"High fit: expense automation, invoice OCR, and accounting sync for SME banking apps.",Med,Africa press seed round summaries (~$4.3M); https://www.tryduplo.com/; https://www.ycombinator.com/companies; https://tryduplo.com/about-us/,2026-09-25,"Move, store, or lend money with less friction and more compliance confidence.","Consumers, SMEs, merchants, or developers needing payment/credit rails.",Unknown,,Unknown,,OPay; Flutterwave; Moove,,,,,Fintech,Payments,Lagos,,Unknown,,Unknown,fintech
60,Risevest,Fintech,"USD-denominated investments (stocks, real estate, fixed income) for Africans.",https://risevest.com,,,Eke Urum; Bosun Olanrewaju,,"Lagos, Nigeria",Lagos,Nigeria,,,2019,Active,None,,,,B2C wealthtech,Africans seeking USD investments,USD-denominated investments,,,4200000,,,,,Undisclosed,Undisclosed,SEC Nigeria / fund-manager partnerships typical for wealth apps (verify),SEC Nigeria; foreign broker partnerships; NDPR.,Cowrywise; PiggyVest; Bamboo,Investment UX buildable; securities regs and foreign brokerage partners required.,3,Investment UX buildable; securities regs and foreign brokerage partners required.,Med,Estimate: 4-8 mo investment UX; licence partnerships longer,SEC; FX; foreign brokers,Build portfolio analytics or employer wealth benefits on wealthtech APIs.,Med,https://allbusiness.africa/business/risevest; https://risevest.com,2026-09-25,"Move, store, or lend money with less friction and more compliance confidence.","Consumers, SMEs, merchants, or developers needing payment/credit rails.",Unknown,SEC Nigeria / fund-manager partnerships typical for wealth apps (verify),Unknown,2026-09-25,OPay; Flutterwave; Moove,,,,https://www.linkedin.com/in/ekeurum,Fintech,Wealth|USD investing,Lagos,,Unknown,,Unknown,wealth; USD-investing
61,PiggyVest,Fintech,Consumer savings and investment app. Disclosed VC historically small vs user scale.,https://www.piggyvest.com,,,Somto Ifezue; Odunayo Eweniyi; Joshua Chibueze,Somto Ifezue,"Lagos, Nigeria",Lagos,Nigeria,,,2016,Active,None,,,,B2C savings / wealth,Nigerian retail savers,Consumer savings and investment app,,,4100000,,,,Flutterwave (SAFE ~$3M reported by TechCabal); earlier VC,Undisclosed,Undisclosed,SEC Nigeria / fund-manager partnerships typical for wealth apps (verify),SEC/CBN partner structures; NDPR.,,Product is simple; trust brand and yield partnerships are the moat.,3,Product is simple; trust brand and yield partnerships are the moat. Includes ~$1.1M earlier VC plus ~$3M Flutterwave SAFE reported by TechCabal.,Med,Estimate: 3-6 mo savings MVP; brand trust years,Yield partners; regulation; trust events,"Sell behavioural savings nudges, employer S&I benefits, or analytics to consumer finance brands.",High,https://techcabal.com/2024/02/13/flutterwave-invests-in-piggyvest/; https://nigeria.endeavor.org/piggyvest-founders-selected-to-join-endeavors-global-network-of-high-impact-entrepreneurs/,2026-09-25,"Move, store, or lend money with less friction and more compliance confidence.","Consumers, SMEs, merchants, or developers needing payment/credit rails.",Unknown,SEC Nigeria / fund-manager partnerships typical for wealth apps (verify),Unknown,2026-09-25,Cowrywise; Risevest,,,,https://www.linkedin.com/in/odunayoeweniyi; https://www.linkedin.com/in/somtoifezue,Fintech,Wealth|Savings,Lagos,,Unknown,,Unknown,wealth; savings
62,Aladdin Digital Bank,Fintech,Open digital bank targeting underserved Africans.,https://www.aladdin.ng,,,Darlington Onyeagoro; Avi Umukoro,,"Lagos, Nigeria",Lagos,Nigeria,,,Unknown,Active,None,,,,B2C digital bank,Underserved Africans,Open digital bank ambitions,,,4000000,,,,,Undisclosed,Undisclosed,,CBN banking/MFB; NDPR.,,Digital bank path is licence-heavy.,2,Digital bank path is licence-heavy.,High,Estimate: years for banking licence path,Regulation; capital,Sell compliance and onboarding automation to aspiring digital banks.,Low,https://www.startuplist.africa/lists/top-funded-fintech-startups-in-nigeria-2022; https://www.startuplist.africa/startups/aladdin-digital-bank; https://www.startuplist.africa/people/darlington-onyeagoro; https://nairametrics.com/2022/05/17/how-aladdin-digital-bank-is-strengthening-africas-smb-economy/; https://www.startuplist.africa/startup/aladdin-digital-bank,2026-09-25,"Move, store, or lend money with less friction and more compliance confidence.","Consumers, SMEs, merchants, or developers needing payment/credit rails.",Unknown,,Unknown,,OPay; Flutterwave; Moove,,,,,Fintech,Payments,Lagos,,Unknown,,Unknown,fintech
63,Rivy,Fintech,Clean energy financing for SMEs (formerly PayHippo).,https://payhippo.africa,https://www.linkedin.com/company/rivyhq,,Dami Olawoye; Chioma Okotcha-Faloughi,,"Lagos, Nigeria",Lagos,Nigeria,,,Unknown,Active,None,,,,B2B clean energy financing,SMEs needing energy finance,Clean energy financing for SMEs (formerly PayHippo),,,4000000,Seed / climate,4000000,,Y Combinator (as PayHippo),Undisclosed,Undisclosed,,CBN lending partners; energy regs; NDPR.,SunFi; Arnergy financing peers,Asset-backed energy lending needs capital and field verification.,2,Asset-backed energy lending needs capital and field verification.,High,Estimate: 6-12 mo lending MVP with partners,Credit; asset verification; energy regs,Provide asset verification computer vision or credit models for energy lenders.,Med,https://nairametrics.com/2025/05/31/nigerias-startups-raised-over-100-million-in-q1-2025-here-are-the-top-10-deals/; https://payhippo.africa/; https://www.rivy.co; https://www.linkedin.com/company/rivyhq,2026-09-25,"Move, store, or lend money with less friction and more compliance confidence.","Consumers, SMEs, merchants, or developers needing payment/credit rails.",Unknown,,Unknown,,OPay; Flutterwave; Moove,,,,,Fintech,Payments,Lagos,,Unknown,,Unknown,energy-PAYG
64,Stears,SaaS,"African business data, research, and intelligence platform.",https://www.stears.co,,,Preston Ideh,,"Lagos, Nigeria",Lagos,Nigeria,,,2017,Active,None,,,,B2B data / research SaaS,Businesses needing African intelligence,"African business data, research, and intelligence",,,3950000,Seed/Series,3300000,,Mac VC; Serena Ventures (press),Undisclosed,Undisclosed,,CAC; NDPR.,,Research plus data product fits a consultancy/builder profile. Moat is proprietary datasets.,4,Research plus data product fits a consultancy/builder profile. Moat is proprietary datasets.,Low,Estimate: 3-6 mo research product MVP,Data acquisition cost; competition,"Excellent adjacent buyer for scrapers, NLP, and custom research automation; or compete in niche vertical data.",High,https://toptechtrends.co/nigerian-data-and-intelligence-company-stears-raises-3-3m-backed-by-mac-vc-and-serena-ventures/; https://www.stears.co,2026-09-25,Run core back-office workflows in software instead of spreadsheets.,SMEs and mid-market teams with recurring ops pain.,Unknown,,Unknown,,SeamlessHR; Youverify; Billboxx,,,,https://www.linkedin.com/in/preston-timeyin-ideh-06484775,SaaS,B2B software,Lagos,,Unknown,,Unknown,SaaS
65,Winich Farms,Agritech,Marketplace connecting food producers with informal processors/retailers.,https://winichfarms.com,,,Chichebem Jibunoh,,"Lagos, Nigeria",Lagos,Nigeria,,,Unknown,Active,None,,,,B2B ag marketplace,Producers and informal processors/retailers,Marketplace connecting food producers with informal processors/retailers,,,3100000,,,,,Undisclosed,Undisclosed,,CAC; food safety; NDPR.,,Ag marketplace: logistics and trust; software secondary.,3,Ag marketplace: logistics and trust; software secondary.,Med,Estimate: 4-8 mo marketplace MVP; logistics harder,Logistics; spoilage; trust,Sell logistics matching or quality grading ML to ag marketplaces.,Low,https://www.startuplist.africa/lists/top-funded-nigeria-startups-2024,2026-09-25,"Finance, input, offtake, or logistics for smallholder productivity.","Smallholders, aggregators, or agri-lenders.",Unknown,,Unknown,,ThriveAgric; Tomato Jos; Farmcrowdy,,,,,Agritech,Farmer financing,Lagos,,Unknown,,Unknown,marketplace; agritech
66,Arnergy,Other Tech,IoT-enabled distributed solar utility for businesses.,https://www.arnergy.com,https://www.linkedin.com/company/arnergy,,Femi Adeyemo; Kunle Odebunmi,Femi Adeyemo,"Lagos, Nigeria",Lagos,Nigeria,,,2013,Active,None,,,,B2B distributed solar utility,Businesses needing reliable power,IoT-enabled distributed solar utility,,,3000000,,,,,Undisclosed,Undisclosed,,NERC-adjacent; EPC; CAC.,Starsight Energy; Rensource; Daystar Power,Hardware plus energy services; capital heavy.,2,Hardware plus energy services; capital heavy.,High,Estimate: years for financed energy fleet,Capex; FX; offtaker credit,Sell IoT analytics and predictive maintenance to solar utilities.,Med,https://www.startuplist.africa/lists/top-funded-nigeria-startups-2024; https://www.arnergy.com,2026-09-25,Buy a tech-enabled service that replaces a manual process.,Enterprises outsourcing a complex service.,Unknown,,Unknown,,Starsight Energy; Rensource,,,,,Other Tech,Services / other,Lagos,,Unknown,,Unknown,energy-C&I; solar
67,BFREE,Fintech,Ethical loan collections SaaS for microlenders and banks.,https://bfree.io,,,Julian Flosbach; Chukwudi Enyi,Julian Flosbach,"Lagos, Nigeria",Lagos,Nigeria,,,Unknown,Active,None,,,,B2B SaaS,Microlenders and banks,Ethical loan collections SaaS,,,3000000,,,,,Undisclosed,Undisclosed,,CAC; NDPR; consumer protection norms.,,Collections SaaS is buildable for a digital consultancy; debt recovery practices are sensitive.,4,Collections SaaS is buildable for a digital consultancy; debt recovery practices are sensitive.,Low,Estimate: 3-6 mo collections SaaS MVP,Consumer protection; reputation,"Direct product fit for small automation/ML builders: ethical collections workflows, speech analytics, agent assist.",Med,https://www.startuplist.africa/lists/top-funded-nigeria-startups-2024; https://bfree.io; https://seedtable.com/companies/bfree,2026-09-25,"Move, store, or lend money with less friction and more compliance confidence.","Consumers, SMEs, merchants, or developers needing payment/credit rails.",Unknown,,Unknown,,OPay; Flutterwave; Moove,,,,,Fintech,Payments,Lagos,,Unknown,,Unknown,credit-scoring; SaaS
68,Juicyway,Fintech,Cross-border / global payments connecting Africa to the world.,https://www.juicyway.com,,,Ife Johnson; Justin Ziegler; Idris Ibrahim,Ife Johnson,"Lagos, Nigeria",Lagos,Nigeria,,,Unknown,Active,None,,,,B2B/B2C payments,Users needing Africa-global payments,Cross-border / global payments,,,3000000,,,,,Undisclosed,Undisclosed,,PSSP/partners; AML; NDPR.,,Payments rails plus compliance; crowded category.,3,Payments rails plus compliance; crowded category.,Med,Estimate: 4-8 mo payments MVP on partners,AML; FX; competition,Provide compliance automation or merchant plugins.,High,https://www.startuplist.africa/lists/top-funded-fintech-startups-in-nigeria-2024; https://www.juicyway.com/team; https://www.juicyway.com/company,2026-09-25,"Move, store, or lend money with less friction and more compliance confidence.","Consumers, SMEs, merchants, or developers needing payment/credit rails.",Unknown,,Unknown,,OPay; Flutterwave; Moove,,,,,Fintech,Payments,Lagos,,Unknown,,Unknown,cross-border; payments
69,MDaaS Global,Healthtech,Tech-enabled diagnostic and healthcare facilities network.,https://www.mdaas.io,,,Olusoga Oni; Genevieve Bernard Oni; Opeyemi Ologun,,"Lagos, Nigeria",Lagos,Nigeria,,,Unknown,Active,None,,,,B2B health facilities,Patients and health systems,Tech-enabled diagnostic and healthcare facilities network,,,3000000,,,,,Undisclosed,Undisclosed,,Health facility licences; NAFDAC for labs; NDPR.,,Physical clinics plus equipment capex.,2,Physical clinics plus equipment capex.,High,Estimate: multi-year facility rollout,Capex; health licences,"Sell lab LIS, imaging AI, or patient flow tools to diagnostic networks.",Med,https://www.startuplist.africa/lists/top-funded-nigeria-startups-2024; https://www.mdaas.io,2026-09-25,"Deliver or finance care with better records, supply, or access.","Providers, patients, employers, or pharma supply actors.",Unknown,,Unknown,,Helium Health; Reliance Health; 54gene,,,,,Healthtech,Care delivery,Lagos,,Unknown,,Unknown,healthtech
70,Chowdeck,Logistics,Food delivery marketplace focused on Nigerian cuisine.,https://chowdeck.com,https://www.linkedin.com/company/chowdeck,,Femi Aluko; Olumide Ojo; Lanre Yusuf,Femi Aluko,"Lagos, Nigeria",Lagos,Nigeria,,,Unknown,Active,None,,,,Marketplace; food delivery,Restaurants and diners,Food delivery marketplace,,,2500000,,,,Y Combinator,Undisclosed,Undisclosed,,CAC; food safety; NDPR.,,Delivery marketplace: rider network and restaurant supply. Software cloneable.,3,Delivery marketplace: rider network and restaurant supply. Software cloneable.,Med,Estimate: 3-6 mo city MVP; density harder,Unit economics; rider ops,Offer restaurant demand forecasting or rider routing to delivery platforms.,High,https://www.startuplist.africa/lists/top-funded-nigeria-startups-2024; https://chowdeck.com; https://www.ycombinator.com/companies; https://www.ycombinator.com/companies/chowdeck,2026-09-25,Move goods or people reliably with visibility and lower empty miles.,"Shippers, fleets, or urban riders/drivers.",Unknown,,Unknown,,MAX.ng; Kobo360; Gokada,,,,https://www.linkedin.com/in/femialuko,Logistics,Freight / mobility,Lagos,,Unknown,,Unknown,marketplace; logistics
71,Youverify,SaaS,Identity and address verification for businesses and individuals.,https://youverify.co,,,Gbenga Odegbami; Famous Ehichioya,Gbenga Odegbami,"Lagos, Nigeria",Lagos,Nigeria,,,Unknown,Active,None,,,,B2B identity SaaS,Businesses and individuals needing KYC,Identity and address verification,,,2500000,,,,,Undisclosed,Undisclosed,Identity / KYC processor; NDPR; not a deposit-taker,NDPR; NIMC/partner access; CAC.,Smile Identity; Prembly; Seamfix,KYC tooling buildable; data-source partnerships are the moat.,3,KYC tooling buildable; data-source partnerships are the moat.,Med,Estimate: 3-6 mo KYC MVP; data partnerships longer,NDPR; data access,Strong adjacent: custom verification workflows and fraud rules engines for KYC buyers.,Med,https://www.startuplist.africa/lists/top-funded-nigeria-startups-2024; https://youverify.co; https://thecondia.com/people/gbenga-odegbami/,2026-09-25,Run core back-office workflows in software instead of spreadsheets.,SMEs and mid-market teams with recurring ops pain.,Unknown,Identity / KYC processor; NDPR; not a deposit-taker,Unknown,2026-09-25,Seamfix; Smile Identity,,,,https://www.linkedin.com/in/e-famous,SaaS,Identity|KYC,Lagos,,Unknown,,Unknown,identity; KYC
72,Mecho Autotech,Other Tech,Auto repair and vehicle maintenance marketplace.,https://mechoautotech.com,,,Olusegun Owoade; Ayoola Akinkunmi,Olusegun Owoade,"Lagos, Nigeria",Lagos,Nigeria,,,Unknown,Active,None,,,,Marketplace; auto services,Vehicle owners and workshops,Auto repair and vehicle maintenance marketplace,,,2400000,Pre-Series A,2400000,2023-09,,Undisclosed,Undisclosed,,CAC; NDPR.,,Services marketplace plus workshop ops.,3,Services marketplace plus workshop ops.,Med,Estimate: 4-8 mo marketplace MVP,Ops quality; trust,"Sell workshop CRM, parts inventory, or diagnostics assist tools.",Med,https://techcabal.com/2023/09/14/nigerian-startup-mecho-autotech-raises-2-4-million-in-pre-series-a-round/; https://mechoautotech.com/; https://techcrunch.com/2022/02/09/mecho-autotech-gets-2-15m-to-expand-vehicle-maintenance-and-repair-services-in-nigeria/,2026-09-25,Buy a tech-enabled service that replaces a manual process.,Enterprises outsourcing a complex service.,Unknown,,Unknown,,Andela; Lumos Global; iSON Xperiences,2023-09,Funding,https://techcabal.com/2023/09/14/nigerian-startup-mecho-autotech-raises-2-4-million-in-pre-series-a-round/,,Other Tech,Services / other,Lagos,,Unknown,,Yes,marketplace
73,Kredete,Fintech,Credit-building and remittances for African immigrants.,https://kredete.com,,,Adeola Adedewe,Adeola Adedewe,Lagos / diaspora,Lagos,Nigeria,,,Unknown,Active,None,,,,B2C credit-building / remittance,African immigrants,Credit-building and remittances,,,2300000,,,,,Undisclosed,Undisclosed,,US consumer finance; MSB; NDPR.,,US/EU credit plus remittance licences dominate.,3,US/EU credit plus remittance licences dominate.,High,Estimate: 6-12 mo product; licence heavy abroad,US consumer finance; MSB; AML,Build credit-file education tools or remittance UX for diaspora fintechs.,Low,https://www.startuplist.africa/lists/top-funded-fintech-startups-in-nigeria-2024; https://kredete.com,2026-09-25,"Move, store, or lend money with less friction and more compliance confidence.","Consumers, SMEs, merchants, or developers needing payment/credit rails.",Unknown,,Unknown,,OPay; Flutterwave; Moove,,,,,Fintech,Payments,Lagos,,Unknown,,Unknown,cross-border; credit-scoring
74,AMAKA Studio,Other Tech,Social publishing platform for Pan-African creators.,https://amaka.studio,,,Adaora O-Njoku,,"Lagos, Nigeria",Lagos,Nigeria,,,Unknown,Active,None,,,,B2C creator platform,Pan-African creators,Social publishing for creators,,,2000000,,,,,Undisclosed,Undisclosed,,CAC; NDPR; payments via PSPs.,,Creator platform is software-native; fits builder profile.,4,Creator platform is software-native; fits builder profile.,Low,Estimate: 3-6 mo creator MVP,Distribution; monetization,Direct build opportunity or sell creator monetization/payments plugins.,Med,https://www.startuplist.africa/lists/top-funded-nigeria-startups-2024; https://amaka.studio/who-we-are,2026-09-25,Buy a tech-enabled service that replaces a manual process.,Enterprises outsourcing a complex service.,Unknown,,Unknown,,Andela; Lumos Global; iSON Xperiences,,,,,Other Tech,Services / other,Lagos,,Unknown,,Unknown,other
75,Axmed,Healthtech,Platform to accelerate access to affordable medicines.,https://www.axmed.com,,,Emmanuel Akpakwu; Sofía Radley-Searle; Felix Ohnma,Emmanuel Akpakwu,"Lagos, Nigeria",Lagos,Nigeria,,,Unknown,Active,None,,,,B2B health procurement,Health systems seeking affordable medicines,Platform to accelerate access to affordable medicines,,,2000000,,,,,Undisclosed,Undisclosed,,NAFDAC; pharmacy supply chain; NDPR.,,Pharma procurement and regulation heavy.,2,Pharma procurement and regulation heavy.,High,Estimate: years for regulated pharma procurement network,NAFDAC; supply chain,Sell procurement analytics or authenticity verification to medicine platforms.,Med,https://www.startuplist.africa/lists/top-funded-nigeria-startups-2024; https://www.axmed.com; https://www.linkedin.com/in/emmanuelakpakwu,2026-09-25,"Deliver or finance care with better records, supply, or access.","Providers, patients, employers, or pharma supply actors.",Unknown,,Unknown,,Helium Health; Reliance Health; 54gene,,,,https://www.linkedin.com/in/emmanuelakpakwu,Healthtech,Care delivery,Lagos,,Unknown,,Unknown,healthtech
76,Cleva,Fintech,USD banking platform for emerging-market users starting with Africa.,https://www.getcleva.com,,,Tolu Alabi; Philip Adama Abel,Tolu Alabi,"Lagos, Nigeria",Lagos,Nigeria,,,Unknown,Active,None,,,,B2C USD banking,Emerging-market users wanting USD accounts,USD banking platform,,,2000000,,,,,Undisclosed,Undisclosed,,Partner bank/EMI abroad; CBN FX rules; NDPR.,,USD accounts need foreign banking partners and compliance.,2,USD accounts need foreign banking partners and compliance.,High,Estimate: 6-12 mo on partner EMI; own bank path longer,FX; CBN rules; partner banks,Build budgeting/FX insight layers for USD account apps.,Med,https://www.startuplist.africa/lists/top-funded-fintech-startups-in-nigeria-2024; https://www.ycombinator.com/companies/cleva,2026-09-25,"Move, store, or lend money with less friction and more compliance confidence.","Consumers, SMEs, merchants, or developers needing payment/credit rails.",Unknown,,Unknown,,OPay; Flutterwave; Moove,,,,,Fintech,Payments,Lagos,,Unknown,,Unknown,fintech
77,Farmcrowdy,Agritech,Digital agriculture investment / farm sponsorship platform.,https://www.farmcrowdy.com,,,Onyeka Akumah,Onyeka Akumah,"Lagos, Nigeria",Lagos,Nigeria,,,2016,Active,None,,,,Marketplace; ag investment,Investors and farmers,Digital agriculture investment / farm sponsorship,,,2000000,,,,,Undisclosed,Undisclosed,,Possible SEC if investment products; CAC; NDPR.,,Ag investment marketplace; SEC implications if offering investments publicly.,3,Ag investment marketplace; SEC implications if offering investments publicly.,Med,Estimate: 4-8 mo marketplace; securities path longer,Possible SEC; farm ops risk,Provide farm monitoring and investor reporting tools.,Med,https://tracxn.com/d/companies/farmcrowdy/; https://www.farmcrowdy.com,2026-09-25,"Finance, input, offtake, or logistics for smallholder productivity.","Smallholders, aggregators, or agri-lenders.",Unknown,,Unknown,,ThriveAgric; Tomato Jos; Winich Farms,,,,,Agritech,Farmer financing,Lagos,,Unknown,,Unknown,agritech; wealth
78,Vesti,Fintech,"Immigration fintech: remittances, FX, legal/financial tooling for African immigrants.",https://wevesti.com,,,Olusola Amusan; Abimbola Amusan,Olusola Amusan,"Lagos, Nigeria",Lagos,Nigeria,,,2020,Active,None,,,,B2C immigration fintech,African immigrants,"Remittances, FX, legal/financial tooling",,,2000000,,,,,Undisclosed,Undisclosed,,CAC; NDPR; CBN IMTO/payments partners.,,App UX copyable; cross-border licences and compliance are the moat.,2,App UX copyable; cross-border licences and compliance are the moat. Later raise talk not treated as closed disclosed totals here.,High,Estimate: 6-9 mo app MVP; licences longer,IMTO/payments partners; compliance,Sell document automation or immigration checklist products adjacent to immigrant fintech.,Med,https://technext24.com/explainer/10-nigerian-startups-to-watch-in-2025/; https://wevesti.com/; https://www.techcityng.com/vesti-app-a-redefining-solution-for-peer-to-peer-payments-and-more-courtesy-of-the-amusan-brothers/; https://techmoney.com.ng/index.php/2022/05/28/techstars-backed-nigerian-fintech-vesti/,2026-09-25,"Move, store, or lend money with less friction and more compliance confidence.","Consumers, SMEs, merchants, or developers needing payment/credit rails.",Unknown,,Unknown,,OPay; Flutterwave; Moove,,,,,Fintech,Payments,Lagos,,Unknown,,Unknown,cross-border
79,Renda,Logistics,Order fulfilment and e-commerce logistics infrastructure.,https://renda.co,,,Ope Onaboye; Bimbo Onaboye,,"Lagos, Nigeria",Lagos,Nigeria,,,Unknown,Active,None,,,,B2B logistics infrastructure,E-commerce merchants,Order fulfilment and e-commerce logistics,,,1900000,,,,,Undisclosed,Undisclosed,,CAC; logistics permits; NDPR.,,Warehousing plus last-mile; capital and ops.,2,Warehousing plus last-mile; capital and ops.,High,Estimate: 6-12 mo software layer; warehouse network years,Capex; ops; FX,"Sell WMS, routing, or returns automation to fulfilment firms.",Med,https://www.startuplist.africa/lists/top-funded-nigeria-startups-2024; https://renda.co/about,2026-09-25,Move goods or people reliably with visibility and lower empty miles.,"Shippers, fleets, or urban riders/drivers.",Unknown,,Unknown,,MAX.ng; Kobo360; Gokada,,,,,Logistics,Freight / mobility,Lagos,,Unknown,,Unknown,marketplace; logistics
80,Brass,Fintech,"Business banking for African SMEs (acquired by Paystack consortium, 2024).",https://www.trybrass.com,https://www.linkedin.com/company/joinbrass,,Sola Akindolu; Emmanuel Okeke,,"Lagos, Nigeria",Lagos,Nigeria,,,2019,Acquired,Acquired,Paystack-led consortium (Piggytech; Ventures Platform; P1 Ventures),2024,https://techcabal.com/2024/05/28/paystack-leads-investors-in-brass-acquistion/,B2B SME banking,African SMEs,"Business banking for SMEs (acquired by Paystack consortium, 2024)",,,1700000,,,,,Undisclosed,Undisclosed,SME banking tooling; acquired (Paystack-led consortium),Partner bank; NDPR; CAC.,,SME banking UX buildable; licence via bank partners. Acquired path to Paystack MFB.,3,SME banking UX buildable; licence via bank partners.,Med,Estimate: historical; study acquisition path,Acquisition integration,Build SME accounting and expense tools that integrate with Paystack MFB / successor rails.,Med,https://linkedin.com/company/joinbrass; https://www.linkedin.com/company/joinbrass; https://europeantech.news/paystack-led-investment-group-acquires-nigerian-fintech-brass/; https://nairametrics.com/2024/05/28/paystack-led-investment-group-acquires-nigerian-fintech-brass/,2026-09-25,"Move, store, or lend money with less friction and more compliance confidence.","Consumers, SMEs, merchants, or developers needing payment/credit rails.",Unknown,SME banking tooling; acquired (Paystack-led consortium),Unknown,2026-09-25,OPay; Flutterwave; Moove,,,,,Fintech,Payments,Lagos,,Unknown,,Unknown,SME-banking; acquired
81,Billboxx,SaaS,B2B SaaS for billing-to-payment workflow automation.,https://billboxx.com,,,Justus Obaoye; Abdulazeez Ogunjobi,,"Lagos, Nigeria",Lagos,Nigeria,,,Unknown,Active,None,,,,B2B SaaS,Businesses with billing workflows,Billing-to-payment workflow automation,,,1600000,,,,,Undisclosed,Undisclosed,,CAC; NDPR; payments via PSP.,,Classic SaaS billing: highly replicable by a digital consultancy. Differentiation is distribution.,5,Classic SaaS billing: highly replicable by a digital consultancy. Differentiation is distribution.,Low,Estimate: 2-4 mo billing MVP,Crowded SaaS; distribution,Direct build or white-label opportunity for small product teams; or sell integrations into Billboxx-class tools.,Med,https://www.startuplist.africa/lists/top-funded-fintech-startups-in-nigeria-2024; https://billboxx.com,2026-09-25,Run core back-office workflows in software instead of spreadsheets.,SMEs and mid-market teams with recurring ops pain.,Unknown,,Unknown,,SeamlessHR; Stears; Youverify,,,,,SaaS,B2B software,Lagos,,Unknown,,Unknown,payments; SaaS
82,Intron Health,Healthtech,Clinical speech recognition for African accents.,https://www.intron.health,,,Tobi Olatunji; Olakunle Asekun,Tobi Olatunji,"Lagos, Nigeria",Lagos,Nigeria,,,Unknown,Active,None,,,,B2B health AI,Clinicians / health systems,Clinical speech recognition for African accents,,,1600000,,,,,Undisclosed,Undisclosed,,CAC; NDPR/health data.,,ML speech product fits builder skillset; clinical sales harder.,3,ML speech product fits small ML team skillset; clinical sales harder.,Low,Estimate: 4-8 mo ASR MVP for niche accents; clinical validation longer,Clinical sales; data privacy,"High fit for accent ASR, clinical NLP, EHR voice plugins for builders in healthtech tooling.",Low,https://www.startuplist.africa/lists/top-funded-nigeria-startups-2024; https://techcrunch.com/2024/07/25/intron-health-raises-1-6m-pre-seed/; https://disruptafrica.com/2024/08/13/how-nigerias-intron-health-is-bridging-the-gap-in-speech-recognition-for-minorities-in-healthcare/,2026-09-25,"Deliver or finance care with better records, supply, or access.","Providers, patients, employers, or pharma supply actors.",Unknown,,Unknown,,Helium Health; Reliance Health; 54gene,,,,https://www.linkedin.com/in/tobi-olatunji-md,Healthtech,Care delivery,Lagos,,Unknown,,Unknown,healthtech
83,Accrue,Fintech,Crypto-linked payments infrastructure.,https://accrue.finance,,,Adesuwa Omoruyi; Zino Asamaige,,Lagos / multi,Lagos,Nigeria,,,Unknown,Active,None,,,,B2B crypto payments,Businesses needing crypto-linked payments,Crypto-linked payments infrastructure,,,1580000,,,,,Undisclosed,Undisclosed,,SEC digital assets; CBN crypto circulars; NDPR.,,Crypto payments buildable; VASP/regulatory uncertainty.,3,Crypto payments buildable; VASP/regulatory uncertainty.,Med,Estimate: 4-8 mo crypto payments MVP; VASP longer,SEC digital assets; CBN crypto circulars,Sell compliance monitoring for crypto payment firms.,Low,https://nairametrics.com/2025/05/31/nigerias-startups-raised-over-100-million-in-q1-2025-here-are-the-top-10-deals/; https://accrue.finance,2026-09-25,"Move, store, or lend money with less friction and more compliance confidence.","Consumers, SMEs, merchants, or developers needing payment/credit rails.",Unknown,,Unknown,,OPay; Flutterwave; Moove,,,,,Fintech,Payments,Lagos,,Unknown,,Unknown,payments; crypto
84,Vendy,Marketplace,"YC-backed WhatsApp commerce marketplace with shop links, QR ordering, invoicing and payments.",https://myvendy.com,,,Peter Ekunkoya,,"Lagos, Nigeria",Lagos,Nigeria,,,2022,Active,None,,,,Marketplace; WhatsApp commerce,Informal and social sellers,"WhatsApp commerce: shop links, QR ordering, invoicing, payments",,,1200000,,,,Y Combinator,Undisclosed,Undisclosed,,CAC; NDPR; payments via licensed PSPs.,,WhatsApp shop UX is copyable; distribution and payments integration take work.,3,WhatsApp shop UX is copyable; distribution and payments integration take work.,Low,Estimate: 2-4 mo WhatsApp commerce MVP,Platform dependency (WhatsApp); payments partners,Direct build category for small teams; or sell catalog AI and inventory sync to social commerce apps.,Med,https://technext24.com/explainer/10-nigerian-startups-to-watch-in-2025/; https://myvendy.com; https://vendy.co,2026-09-25,Discover and transact goods/services with trust and logistics support.,Buyers and sellers in a category with thin offline alternatives.,Unknown,,Unknown,,Jumia; TradeDepot; Konga,,,,,Marketplace,E-commerce,Lagos,,Unknown,,Unknown,payments; marketplace
85,Payday,Fintech,Global accounts for African remote workers.,https://www.usepayday.com,,,Favour Ori,Favour Ori,Lagos / remote,Lagos,Nigeria,,,Unknown,Active,None,,,,B2C global accounts,African remote workers,Global accounts for remote workers,,,1000000,,,,,Undisclosed,Undisclosed,,Partner EMI; AML; NDPR.,,Similar to Grey/Raenest class; banking partners required.,3,Similar to Grey/Raenest class; banking partners required.,Med,Estimate: 4-8 mo on partner EMI,AML; partner EMI,Same remote-work fintech ISV opportunities.,Low,https://www.tekedia.com/mono-raises-15m-in-series-a-as-payday-secures-1m-seed-fund/; https://www.startuplist.africa/startup/payday; https://thecondia.com/payday-raise-3-million-seed-funding/; https://businesspost.ng/technology/software-engineer-favour-ori-disrupts-fintech-space-with-payday/,2026-09-25,"Move, store, or lend money with less friction and more compliance confidence.","Consumers, SMEs, merchants, or developers needing payment/credit rails.",Unknown,,Unknown,,OPay; Flutterwave; Moove,,,,,Fintech,Payments,Lagos,,Unknown,,Unknown,fintech
86,Startbutton Africa,Fintech,Payments and compliance tools for global businesses entering Africa.,https://www.startbutton.africa,,,Bolakale Mallick; Kelechi Oti; Charles Idem,,"Lagos, Nigeria",Lagos,Nigeria,,,Unknown,Active,None,,,,B2B payments / compliance,Global businesses entering Africa,Payments and compliance tools for market entry,,,1000000,,,,,Undisclosed,Undisclosed,,PSSP/partners; NDPR.,,Aggregation layer over local PSPs; compliance packaging is the product.,3,Aggregation layer over local PSPs; compliance packaging is the product.,Med,Estimate: 4-8 mo aggregation MVP,Partner PSP dependency,Sell compliance checklists automation or PSP orchestration.,Med,https://www.startuplist.africa/lists/top-funded-fintech-startups-in-nigeria-2024; https://www.startbutton.africa/about-us,2026-09-25,"Move, store, or lend money with less friction and more compliance confidence.","Consumers, SMEs, merchants, or developers needing payment/credit rails.",Unknown,,Unknown,,OPay; Flutterwave; Moove,,,,,Fintech,Payments,Lagos,,Unknown,,Unknown,payments
87,SunFi,Other Tech,Financing solar installations for households and SMEs.,https://www.sunfi.co,,,Rotimi Thomas; Tomiwa Igun; Olaoluwa Faniyi,Rotimi Thomas,"Lagos, Nigeria",Lagos,Nigeria,,,Unknown,Active,None,,,,B2B/B2C solar finance,Households and SMEs financing solar,Financing solar installations,,,1000000,,,,,Undisclosed,Undisclosed,,Energy/credit partners; CAC; NDPR.,,Asset finance plus solar ops; capital constrained.,2,Asset finance plus solar ops; capital constrained.,High,Estimate: 6-12 mo finance MVP with partners,Credit; FX; installer quality,Provide installer QA and repayment prediction models.,Med,https://nairametrics.com/2025/05/31/nigerias-startups-raised-over-100-million-in-q1-2025-here-are-the-top-10-deals/; https://www.sunfi.co,2026-09-25,Buy a tech-enabled service that replaces a manual process.,Enterprises outsourcing a complex service.,Unknown,,Unknown,,Andela; Lumos Global; iSON Xperiences,,,,,Other Tech,Services / other,Lagos,,Unknown,,Unknown,energy-PAYG; financing
88,Talstack,Edtech,B2B workforce upskilling with short Africa-contextual learning modules for employers.,https://www.talstack.com,,,Seni Sulyman; Kayode Oyewole,,"Lagos, Nigeria",Lagos,Nigeria,,,2023,Active,None,,,,B2B edtech,Employers upskilling workforce,Africa-contextual learning modules for employers,,,850000,,,,,Undisclosed,Undisclosed,,CAC; NDPR.,,Content LMS is buildable; enterprise sales and Africa-relevant content are the moat.,3,Content LMS is buildable; enterprise sales and Africa-relevant content are the moat.,Low,Estimate: 3-6 mo LMS MVP,Enterprise sales; content,Direct build fit; or sell content generation / skills-gap analytics.,Med,https://technext24.com/explainer/10-nigerian-startups-to-watch-in-2025/; https://www.talstack.com/about,2026-09-25,Learn or teach curriculum with mobile-first content and assessment.,"Students, parents, or schools.",Unknown,,Unknown,,uLesson,,,,,Edtech,Learning,Lagos,,Unknown,,Unknown,HR; edtech
89,Agriarche,Agritech,Agricultural logistics and storage network (debt financing).,https://agriarche.com,,,Deina Mayaki; Nancy Chinemerem Nwaka,,Nigeria,,Nigeria,,,Unknown,Active,None,,,,B2B ag logistics,Farmers needing storage/logistics,Agricultural logistics and storage (debt financing),,,500000,,,,,Undisclosed,Undisclosed,,Debt facility partners; CAC.,,Ag logistics debt play; ops-heavy.,3,Ag logistics debt play; ops-heavy.,High,Estimate: ops and debt facilities dominate timelines,Debt; ops; commodity,Sell warehouse IoT and inventory finance tooling.,Low,https://nairametrics.com/2025/05/31/nigerias-startups-raised-over-100-million-in-q1-2025-here-are-the-top-10-deals/; https://agriarche.com/,2026-09-25,"Finance, input, offtake, or logistics for smallholder productivity.","Smallholders, aggregators, or agri-lenders.",Unknown,,Unknown,,ThriveAgric; Tomato Jos; Winich Farms,,,,,Agritech,Farmer financing,Lagos,,Unknown,,Unknown,logistics; agritech
90,Grey,Fintech,Multi-currency accounts and payments for African freelancers (YC). Further totals not fully public in free sources used.,https://grey.co,,,Joseph Femi Aghedo,,Lagos / remote,Lagos,Nigeria,,,2021,Active,None,,,,B2C multi-currency accounts,African freelancers,Multi-currency accounts and payments (YC),,,500000,,,,Y Combinator,Undisclosed,Undisclosed,Multi-currency accounts; verify licences per market,Partner EMI/bank abroad; AML; NDPR.,,YC-backed; treat funding figure as partial floor from early coverage.,3,YC-backed; treat figure as partial floor from early coverage.,Med,Estimate: 4-8 mo on partner EMI,AML; FX; partner banks,"Build freelancer invoicing, tax, and FX tools around Grey-class accounts.",Med,https://techcrunch.com/2022/02/08/nigerian-fintech-grey-finance-gets-backing-from-y-combinator/; https://grey.co; https://www.linkedin.com/in/aghedo-joseph,2026-09-25,"Move, store, or lend money with less friction and more compliance confidence.","Consumers, SMEs, merchants, or developers needing payment/credit rails.",Unknown,Multi-currency accounts; verify licences per market,Unknown,2026-09-25,OPay; Flutterwave; Moove,,,,https://www.linkedin.com/in/aghedo-joseph,Fintech,Payments,Lagos,,Unknown,,Unknown,cross-border; multi-currency
91,Bundle Africa,Fintech,Crypto wallet platform (shut down 2023; historical).,https://bundle.africa,https://www.linkedin.com/company/bundle-africa,,Yele Bademosi,,"Lagos, Nigeria",Lagos,Nigeria,,,2020,Shutdown,Shutdown,,2023,https://techcabal.com/2023/07/22/bundle-africa-shuts-down-its-exchange-platform/,B2C crypto wallet,Crypto users (historical),Crypto wallet (shut down 2023),,,450000,,,,,Undisclosed,Undisclosed,,SEC digital assets; CBN crypto rules; NDPR.,,Crypto wallet buildable; regulatory and banking risk high. Historical only.,3,Crypto wallet buildable; regulatory and banking risk high.,Med,Estimate: historical cautionary case,Shutdown; crypto regs,Study as failure mode; prefer compliant stablecoin B2B rails.,Med,https://linkedin.com/company/bundle-africa; https://www.linkedin.com/company/bundle-africa; https://techcabal.com/ (Bundle shutdown coverage - verify); https://en.wikipedia.org/wiki/Bundle_Africa; https://technext24.com/news/yele-bademosi-steps-down-as-bundle-africa-ceo-emmanuel-babalola-takes-over/,2026-09-25,"Move, store, or lend money with less friction and more compliance confidence.","Consumers, SMEs, merchants, or developers needing payment/credit rails.",Unknown,,Unknown,,OPay; Flutterwave; Moove,,,,,Fintech,Payments,Lagos,,Unknown,,Unknown,crypto; shutdown
92,Crop2Cash,Agritech,Formal financing access for smallholder farmers.,https://crop2cash.com.ng,,,Michael Ogundare; Seyi Paul,,"Ibadan, Nigeria",Ibadan,Nigeria,,,Unknown,Active,None,,,,B2B agri-fintech,Smallholder farmers,Formal financing access for smallholders,,,350000,,,,,Undisclosed,Undisclosed,,CBN lending partners; NDPR.,,Agri-fintech: field presence plus credit partnerships.,3,Agri-fintech: field presence plus credit partnerships.,Med,Estimate: 6-12 mo with lending partners,Credit; field ops,Sell farmer KYC and satellite verification to agri-lenders.,Med,https://www.startuplist.africa/lists/top-funded-fintech-startups-in-nigeria-2024; https://crop2cash.com.ng,2026-09-25,"Finance, input, offtake, or logistics for smallholder productivity.","Smallholders, aggregators, or agri-lenders.",Unknown,,Unknown,,ThriveAgric; Tomato Jos; Winich Farms,,,,,Agritech,Farmer financing,Ibadan,,Unknown,,Unknown,agritech
93,Carbin Africa,Marketplace,Digital inventory and sales platform for Lagos used-car dealers and middlemen.,https://carbin.africa,,,Femi Oriowo; Fawaz Abdul,Femi Oriowo,"Lagos, Nigeria",Lagos,Nigeria,,,2023,Active,None,,,,B2B marketplace,Used-car dealers and middlemen,Digital inventory and sales for Lagos used-car dealers,,,300000,,,,,Undisclosed,Undisclosed,,CAC; NDPR; consumer protection.,,Inventory marketplace is buildable; dealer network density is harder.,3,Inventory marketplace is buildable; dealer network density is harder.,Med,Estimate: 3-6 mo inventory MVP,Trust; fraud; liquidity,Direct build niche; or sell VIN/fraud checks and dealer CRM.,Med,https://technext24.com/explainer/10-nigerian-startups-to-watch-in-2025/; https://carbin.africa/; https://thecondia.com/carbin-africa-hits-%E2%82%A61bn-gmv/; https://www.techinafrica.com/how-carbin-africa-is-revolutionizing-nigerias-automotive-market-with-data-driven-solutions/,2026-09-25,Discover and transact goods/services with trust and logistics support.,Buyers and sellers in a category with thin offline alternatives.,Unknown,,Unknown,,Jumia; TradeDepot; Konga,,,,,Marketplace,E-commerce,Lagos,,Unknown,,Unknown,marketplace
94,Earthbond,Other Tech,Carbon accounting and group guarantees to finance solar.,https://www.earthbond.co,,,Chidalu Onyenso,Chidalu Onyenso,"Lagos, Nigeria",Lagos,Nigeria,,,Unknown,Active,None,,,,B2B climate fintech,Solar financiers and communities,Carbon accounting and group guarantees to finance solar,,,200000,,,,,Undisclosed,Undisclosed,,Finance partners; NDPR.,,Climate fintech tooling plus guarantee structures.,3,Climate fintech tooling plus guarantee structures.,Med,Estimate: 4-8 mo carbon tooling MVP; guarantee structures longer,Guarantee risk; carbon market integrity,Build MRV (measurement/reporting/verification) tooling for climate finance.,Low,https://www.startuplist.africa/lists/top-funded-fintech-startups-in-nigeria-2024; https://www.earthbond.co/; https://greentownlabs.com/members/earthbond/; https://greentownlabs.com/earthbond-empowers-under-grided-nigerian-businesses-with-affordable-solar-energy/,2026-09-25,Buy a tech-enabled service that replaces a manual process.,Enterprises outsourcing a complex service.,Unknown,,Unknown,,Andela; Lumos Global; iSON Xperiences,,,,,Other Tech,Services / other,Lagos,,Unknown,,Unknown,energy-PAYG
95,Mira,Fintech,QR/link payments and POS for restaurants and vendors; Instagram and WhatsApp ordering.,https://usemira.com,,,Ted Oladele,Ted Oladele,"Lagos, Nigeria",Lagos,Nigeria,,,2022,Active,None,,,,B2B payments / POS,Restaurants and vendors,QR/link payments and POS; Instagram and WhatsApp ordering,,,200000,,,,,Undisclosed,Undisclosed,,CAC; NDPR; payments via licensed PSPs.,,QR checkout UX is easy; merchant density and payment rails need partners/licences.,3,QR checkout UX is easy; merchant density and payment rails need partners/licences.,Low,Estimate: 2-4 mo QR checkout MVP on PSP,PSP dependency; merchant acquisition,Direct build niche for hospitality POS; or sell menu/order ML add-ons.,Med,https://technext24.com/explainer/10-nigerian-startups-to-watch-in-2025/; https://usemira.com/; https://thecondia.com/mira-register-digitise-food-retail-businesses-africa/; https://techcabal.com/2024/09/02/mira-recipe-for-differentiation/,2026-09-25,"Move, store, or lend money with less friction and more compliance confidence.","Consumers, SMEs, merchants, or developers needing payment/credit rails.",Unknown,,Unknown,,OPay; Flutterwave; Moove,,,,,Fintech,Payments,Lagos,,Unknown,,Unknown,agent-network; payments
96,Zebra CropBank,Agritech,"Helps farmers store, manage, and monetize crops.",https://zebracropbank.com,,,Buffy Okeke-Ojiudu,Buffy Okeke-Ojiudu,"Abuja, Nigeria",Abuja,Nigeria,,,Unknown,Active,None,,,,B2B ag storage / finance,Farmers storing and monetizing crops,"Crop storage, management, monetization",,,200000,,,,,Undisclosed,Undisclosed,,Warehouse/commodity regs; finance partners; CAC.,,Ag storage plus finance; physical infrastructure matters.,3,Ag storage plus finance; physical infrastructure matters.,High,Estimate: warehouse network years; software layer faster,Commodity; warehouse regs,Sell warehouse inventory systems and receipt digitization.,Low,https://www.startuplist.africa/lists/top-funded-fintech-startups-in-nigeria-2024; https://zebracropbank.com/; https://acumen.org/blog/zebra-cropbanks-1960s-inspired-vision-for-nigerian-agriculture/,2026-09-25,"Finance, input, offtake, or logistics for smallholder productivity.","Smallholders, aggregators, or agri-lenders.",Unknown,,Unknown,,ThriveAgric; Tomato Jos; Winich Farms,,,,,Agritech,Farmer financing,Abuja,,Unknown,,Unknown,agritech
97,Pullus Africa,Agritech,"Poultry supply chain platform connecting farmers to finance, inputs, markets and advisory.",https://pullus.africa,,,Opeoluwa Fayomi,Opeoluwa Fayomi,"Kaduna, Nigeria",Kaduna,Nigeria,,,2022,Active,None,,,,B2B poultry supply chain,Poultry farmers and buyers,"Poultry supply chain: finance, inputs, markets, advisory",,,150000,,,,,Undisclosed,Undisclosed,,CAC; NDPR; lending partners may need CBN/FCCPC routes.,,Marketplace layer is buildable; farm extension ops and credit risk are harder.,3,Marketplace layer is buildable; farm extension ops and credit risk are harder.,Med,Estimate: 4-8 mo marketplace; extension ops longer,Credit; livestock disease; logistics,Sell flock health monitoring or input credit models to poultry platforms.,Med,https://technext24.com/explainer/10-nigerian-startups-to-watch-in-2025/; https://pullus.africa,2026-09-25,"Finance, input, offtake, or logistics for smallholder productivity.","Smallholders, aggregators, or agri-lenders.",Unknown,,Unknown,,ThriveAgric; Tomato Jos; Winich Farms,,,,,Agritech,Farmer financing,Kaduna,,Unknown,,Unknown,agritech
98,Fincra,Fintech,Payment gateway and virtual accounts. Early public funding blurbs are small; verify before relying.,https://fincra.com,,,Wole Ayodele,Wole Ayodele,Toronto / Lagos ops,Toronto / Lagos,Canada / Nigeria,,,2019,Active,None,,,,B2B payments gateway,Businesses needing virtual accounts and payouts,Payment gateway and virtual accounts,,,120000,,,,,Undisclosed,Undisclosed,Payments / FX corridors; verify CBN PSSP and partner-bank path,PSSP/partners; NDPR; PCI.,,Gateway product buildable. Early public funding blurbs are small; verify before relying.,3,Gateway product buildable.,Med,Estimate: 4-8 mo gateway MVP,Bank partners; incomplete funding disclosure,Build payout automation and reconciliation on Fincra APIs.,Med,Public profiles summarizing early raise ~$120K; https://fincra.com; https://www.linkedin.com/in/woleayodele,2026-09-25,"Move, store, or lend money with less friction and more compliance confidence.","Consumers, SMEs, merchants, or developers needing payment/credit rails.",Unknown,Payments / FX corridors; verify CBN PSSP and partner-bank path,Unknown,2026-09-25,OPay; Flutterwave; Moove,,,,https://www.linkedin.com/in/woleayodele,Fintech,Payments,Lagos,,Unknown,,Unknown,payments; cross-border
99,Trade Lenda,Fintech,Digital bank / credit ambitions for underserved MSMEs.,https://tradelenda.com,,,Adeshina Adewumi; Shina Arogundade; Oluwatosin Ayodele,Adeshina Adewumi,"Lagos, Nigeria",Lagos,Nigeria,,,Unknown,Active,None,,,,B2B digital bank / credit,Underserved MSMEs,Digital bank / credit ambitions for MSMEs,,,106100,,,,,Undisclosed,Undisclosed,,CBN MFB/banking path; NDPR.,,Digital bank ambitions need serious licences beyond seed.,2,Digital bank ambitions need serious licences beyond seed.,High,Estimate: years for MFB/banking path,Regulation; capital,Sell MSME underwriting and compliance tooling.,Low,https://www.startuplist.africa/lists/top-funded-fintech-startups-in-nigeria-2024; https://tradelenda.com/about_us; https://techmoran.com/2023/02/13/nigerias-trade-lenda-building-a-digital-bank-for-the-underserved/,2026-09-25,"Move, store, or lend money with less friction and more compliance confidence.","Consumers, SMEs, merchants, or developers needing payment/credit rails.",Unknown,,Unknown,,OPay; Flutterwave; Moove,,,,,Fintech,Payments,Lagos,,Unknown,,Unknown,credit-scoring
100,VertoFX,Fintech,B2B cross-border payments and FX. Row uses a 2024 grant figure as floor only; company has larger historical raises not fully captured in free snapshots.,https://vertofx.com,,,Ola Oyetayo,Ola Oyetayo,Lagos / London,Lagos / London,Nigeria / UK,,,2017,Active,None,,,,B2B FX / cross-border,Businesses needing B2B FX,B2B cross-border payments and FX,,,100000,,,,,Undisclosed,Undisclosed,B2B FX; verify licences per corridor,FCA/EMI-style abroad; CBN FX; AML; NDPR.,,Row uses a 2024 grant figure as floor only; company has larger historical raises not fully captured in free snapshots. Treat funding cell as partial.,2,Treat funding cell as partial/disclosed-grant floor.,High,Estimate: 6-12 mo on licences abroad; FX compliance heavy,FX; AML; incomplete public funding totals,Sell treasury policy engines and FX exposure dashboards to B2B FX firms.,Med,https://www.startuplist.africa/lists/top-funded-fintech-startups-in-nigeria-2024; https://vertofx.com; https://www.fintechprofile.com/ola-oyetayo-co-founder-ceo-verto/,2026-09-25,"Move, store, or lend money with less friction and more compliance confidence.","Consumers, SMEs, merchants, or developers needing payment/credit rails.",Unknown,B2B FX; verify licences per corridor,Unknown,2026-09-25,OPay; Flutterwave; Moove,,,,,Fintech,Payments,Lagos,,Unknown,,Unknown,FX; B2B-payments
101,Regxta,Fintech,Digital bank ambitions for underserved Africans (very early funding).,https://regxta.com,,,Rukayat Kolawole-Bello; Afis Bello,,"Lagos, Nigeria",Lagos,Nigeria,,,Unknown,Active,None,,,,B2C digital bank ambitions,Underserved Africans,Digital bank ambitions (very early funding),,,10000,,,,,Undisclosed,Undisclosed,,CBN MFB/banking path; NDPR.,,Early stage; banking licence path is the real hurdle.,2,Early stage; banking licence path is the real hurdle.,High,Estimate: years for banking licence path,Regulation; early stage,Limited until licence clarity; watch as early signal only.,Low,https://www.startuplist.africa/lists/top-funded-fintech-startups-in-nigeria-2024; https://regxta.com,2026-09-25,"Move, store, or lend money with less friction and more compliance confidence.","Consumers, SMEs, merchants, or developers needing payment/credit rails.",Unknown,,Unknown,,OPay; Flutterwave; Moove,,,,,Fintech,Payments,Lagos,,Unknown,,Unknown,fintech
